-- MySQL dump 10.13  Distrib 5.6.31, for Linux (x86_64)
--
-- Host: localhost    Database: addadesk_office
-- ------------------------------------------------------
-- Server version	5.6.31

/*!40101 SET @OLD_CHARACTER_SET_CLIENT=@@CHARACTER_SET_CLIENT */;
/*!40101 SET @OLD_CHARACTER_SET_RESULTS=@@CHARACTER_SET_RESULTS */;
/*!40101 SET @OLD_COLLATION_CONNECTION=@@COLLATION_CONNECTION */;
/*!40101 SET NAMES utf8 */;
/*!40103 SET @OLD_TIME_ZONE=@@TIME_ZONE */;
/*!40103 SET TIME_ZONE='+00:00' */;
/*!40014 SET @OLD_UNIQUE_CHECKS=@@UNIQUE_CHECKS, UNIQUE_CHECKS=0 */;
/*!40014 SET @OLD_FOREIGN_KEY_CHECKS=@@FOREIGN_KEY_CHECKS, FOREIGN_KEY_CHECKS=0 */;
/*!40101 SET @OLD_SQL_MODE=@@SQL_MODE, SQL_MODE='NO_AUTO_VALUE_ON_ZERO' */;
/*!40111 SET @OLD_SQL_NOTES=@@SQL_NOTES, SQL_NOTES=0 */;

--
-- Table structure for table `admin`
--

DROP TABLE IF EXISTS `admin`;
/*!40101 SET @saved_cs_client     = @@character_set_client */;
/*!40101 SET character_set_client = utf8 */;
CREATE TABLE `admin` (
  `id` int(10) unsigned NOT NULL AUTO_INCREMENT,
  `username` varchar(255) COLLATE utf8_unicode_ci NOT NULL,
  `email` varchar(255) COLLATE utf8_unicode_ci NOT NULL,
  `password` varchar(60) COLLATE utf8_unicode_ci NOT NULL,
  `remember_token` varchar(100) COLLATE utf8_unicode_ci DEFAULT NULL,
  `status` enum('Active','Inactive') COLLATE utf8_unicode_ci DEFAULT NULL,
  `created_at` timestamp NOT NULL DEFAULT '0000-00-00 00:00:00',
  `updated_at` timestamp NOT NULL DEFAULT '0000-00-00 00:00:00',
  `deleted_at` timestamp NULL DEFAULT NULL,
  PRIMARY KEY (`id`),
  UNIQUE KEY `admin_username_unique` (`username`),
  UNIQUE KEY `admin_email_unique` (`email`)
) ENGINE=MyISAM AUTO_INCREMENT=2 DEFAULT CHARSET=utf8 COLLATE=utf8_unicode_ci;
/*!40101 SET character_set_client = @saved_cs_client */;

--
-- Dumping data for table `admin`
--

LOCK TABLES `admin` WRITE;
/*!40000 ALTER TABLE `admin` DISABLE KEYS */;
INSERT INTO `admin` VALUES (1,'admin123','support@vpasp.com','$2y$10$aldoeumgdrvYfv0hm1/i8OIUQKZD0Rign8uZdU1U74Ol7VTjGc1AO','gsLkl1IBdWmOmMxyfrz1FsVcDUKz2PreMsiu0SLAS8sBgvUnB1j033YUWYkw','Active','2016-04-17 04:00:00','2016-08-17 10:47:47',NULL);
/*!40000 ALTER TABLE `admin` ENABLE KEYS */;
UNLOCK TABLES;

--
-- Table structure for table `amenities`
--

DROP TABLE IF EXISTS `amenities`;
/*!40101 SET @saved_cs_client     = @@character_set_client */;
/*!40101 SET character_set_client = utf8 */;
CREATE TABLE `amenities` (
  `id` int(10) unsigned NOT NULL AUTO_INCREMENT,
  `type_id` int(10) unsigned NOT NULL,
  `name` varchar(255) COLLATE utf8_unicode_ci NOT NULL,
  `description` text COLLATE utf8_unicode_ci NOT NULL,
  `icon` varchar(30) COLLATE utf8_unicode_ci NOT NULL,
  `status` enum('Active','Inactive') COLLATE utf8_unicode_ci NOT NULL DEFAULT 'Active',
  PRIMARY KEY (`id`),
  KEY `amenities_type_id_foreign` (`type_id`)
) ENGINE=MyISAM AUTO_INCREMENT=37 DEFAULT CHARSET=utf8 COLLATE=utf8_unicode_ci;
/*!40101 SET character_set_client = @saved_cs_client */;

--
-- Dumping data for table `amenities`
--

LOCK TABLES `amenities` WRITE;
/*!40000 ALTER TABLE `amenities` DISABLE KEYS */;
INSERT INTO `amenities` VALUES (1,1,'Essentials','Essentials','essentials','Inactive'),(2,1,'TV','','tv','Inactive'),(3,1,'Cable TV','','desktop','Inactive'),(4,1,'Air Conditioning ','','air-conditioning','Active'),(5,1,'Heating','Heating','heating','Inactive'),(6,1,'Kitchen','Kitchen','meal','Inactive'),(7,1,'Internet','Internet','internet','Active'),(8,1,'Wireless Internet','Wireless Internet','wifi','Active'),(9,2,'Hot Tub','','hot-tub','Inactive'),(10,2,'Washer','Washer','washer','Inactive'),(11,2,'Pool','Pool','pool','Inactive'),(12,2,'Dryer','Dryer','dryer','Inactive'),(13,2,'Breakfast','Breakfast','cup','Inactive'),(14,2,'Free Parking on Premises','','parking','Active'),(15,2,'Gym','Gym','gym','Active'),(16,2,'Elevator in Building','','elevator','Active'),(17,2,'Indoor Fireplace','','fireplace','Inactive'),(18,2,'Buzzer/Wireless Intercom','','intercom','Active'),(19,2,'Doorman','','doorman','Active'),(20,2,'Shampoo','','smoking','Inactive'),(21,3,'Family/Kid Friendly','Family/Kid Friendly','family','Inactive'),(22,3,'Smoking Allowed','','smoking','Active'),(23,3,'Suitable for Events','Suitable for Events','balloons','Active'),(24,3,'Pets Allowed','','paw','Active'),(25,3,'Pets live on this property','','ok','Inactive'),(26,3,'Wheelchair Accessible','Wheelchair Accessible','accessible','Active'),(27,4,'Smoke Detector','Smoke Detector','ok','Active'),(28,4,'Carbon Monoxide Detector','Carbon Monoxide Detector','ok','Active'),(29,4,'First Aid Kit','','ok','Active'),(30,4,'Safety Card','Safety Card','ok','Inactive'),(31,4,'Fire Extinguisher','Essentials','ok','Active'),(32,1,'Telephone','Telephone','phone','Active'),(33,1,'Room Set-up','','','Active'),(34,1,'Video Conference','','','Active'),(35,1,'Projector','','','Active'),(36,1,'Whiteboard','','','Active');
/*!40000 ALTER TABLE `amenities` ENABLE KEYS */;
UNLOCK TABLES;

--
-- Table structure for table `amenities_type`
--

DROP TABLE IF EXISTS `amenities_type`;
/*!40101 SET @saved_cs_client     = @@character_set_client */;
/*!40101 SET character_set_client = utf8 */;
CREATE TABLE `amenities_type` (
  `id` int(10) unsigned NOT NULL AUTO_INCREMENT,
  `name` varchar(255) COLLATE utf8_unicode_ci NOT NULL,
  `description` text COLLATE utf8_unicode_ci NOT NULL,
  `status` enum('Active','Inactive') COLLATE utf8_unicode_ci NOT NULL DEFAULT 'Active',
  PRIMARY KEY (`id`)
) ENGINE=MyISAM AUTO_INCREMENT=5 DEFAULT CHARSET=utf8 COLLATE=utf8_unicode_ci;
/*!40101 SET character_set_client = @saved_cs_client */;

--
-- Dumping data for table `amenities_type`
--

LOCK TABLES `amenities_type` WRITE;
/*!40000 ALTER TABLE `amenities_type` DISABLE KEYS */;
INSERT INTO `amenities_type` VALUES (1,'Common Amenities','','Active'),(2,'Additional Amenities','','Active'),(3,'Special Features','Features of your listing for users with specific needs.','Active'),(4,'Office Safety','Smoke and carbon monoxide detectors are strongly encouraged for all listings.','Active');
/*!40000 ALTER TABLE `amenities_type` ENABLE KEYS */;
UNLOCK TABLES;

--
-- Table structure for table `api_credentials`
--

DROP TABLE IF EXISTS `api_credentials`;
/*!40101 SET @saved_cs_client     = @@character_set_client */;
/*!40101 SET character_set_client = utf8 */;
CREATE TABLE `api_credentials` (
  `id` int(10) unsigned NOT NULL AUTO_INCREMENT,
  `name` varchar(25) COLLATE utf8_unicode_ci NOT NULL,
  `value` varchar(255) COLLATE utf8_unicode_ci NOT NULL,
  `site` varchar(25) COLLATE utf8_unicode_ci NOT NULL,
  PRIMARY KEY (`id`)
) ENGINE=MyISAM AUTO_INCREMENT=9 DEFAULT CHARSET=utf8 COLLATE=utf8_unicode_ci;
/*!40101 SET character_set_client = @saved_cs_client */;

--
-- Dumping data for table `api_credentials`
--

LOCK TABLES `api_credentials` WRITE;
/*!40000 ALTER TABLE `api_credentials` DISABLE KEYS */;
INSERT INTO `api_credentials` VALUES (1,'client_id','673748312762563','Facebook'),(2,'client_secret','92913e1e346f2627d7b15828204b3afa','Facebook'),(3,'client_id','884914698469-sf0bn53u2qqf6smpu2i9cvab5hv62po0.apps.googleusercontent.com','Google'),(4,'client_secret','B1mu9JIHg2DR_64Wp0iJZH6i','Google'),(5,'client_id','814qxyvczj5t7z','LinkedIn'),(6,'client_secret','mkuRNAxW9TSp22Zf','LinkedIn'),(7,'key','AIzaSyB5ze4hepqaWarnRnvv38B0RolRXeyASr0','GoogleMap'),(8,'server_key','AIzaSyAvY8OaWUFffSQnIjUmEgbgK0bl_42Fgvg','GoogleMap');
/*!40000 ALTER TABLE `api_credentials` ENABLE KEYS */;
UNLOCK TABLES;

--
-- Table structure for table `applied_travel_credit`
--

DROP TABLE IF EXISTS `applied_travel_credit`;
/*!40101 SET @saved_cs_client     = @@character_set_client */;
/*!40101 SET character_set_client = utf8 */;
CREATE TABLE `applied_travel_credit` (
  `id` int(10) unsigned NOT NULL AUTO_INCREMENT,
  `reservation_id` int(10) unsigned NOT NULL,
  `referral_id` int(10) unsigned NOT NULL,
  `amount` int(11) NOT NULL,
  `type` enum('main','friend') COLLATE utf8_unicode_ci NOT NULL DEFAULT 'main',
  `currency_code` varchar(10) COLLATE utf8_unicode_ci NOT NULL,
  PRIMARY KEY (`id`),
  KEY `applied_travel_credit_reservation_id_foreign` (`reservation_id`),
  KEY `applied_travel_credit_referral_id_foreign` (`referral_id`),
  KEY `applied_travel_credit_currency_code_foreign` (`currency_code`)
) ENGINE=MyISAM DEFAULT CHARSET=utf8 COLLATE=utf8_unicode_ci;
/*!40101 SET character_set_client = @saved_cs_client */;

--
-- Dumping data for table `applied_travel_credit`
--

LOCK TABLES `applied_travel_credit` WRITE;
/*!40000 ALTER TABLE `applied_travel_credit` DISABLE KEYS */;
/*!40000 ALTER TABLE `applied_travel_credit` ENABLE KEYS */;
UNLOCK TABLES;

--
-- Table structure for table `bed_type`
--

DROP TABLE IF EXISTS `bed_type`;
/*!40101 SET @saved_cs_client     = @@character_set_client */;
/*!40101 SET character_set_client = utf8 */;
CREATE TABLE `bed_type` (
  `id` int(10) unsigned NOT NULL AUTO_INCREMENT,
  `name` varchar(50) COLLATE utf8_unicode_ci NOT NULL,
  `status` enum('Active','Inactive') COLLATE utf8_unicode_ci NOT NULL DEFAULT 'Active',
  PRIMARY KEY (`id`)
) ENGINE=MyISAM AUTO_INCREMENT=6 DEFAULT CHARSET=utf8 COLLATE=utf8_unicode_ci;
/*!40101 SET character_set_client = @saved_cs_client */;

--
-- Dumping data for table `bed_type`
--

LOCK TABLES `bed_type` WRITE;
/*!40000 ALTER TABLE `bed_type` DISABLE KEYS */;
INSERT INTO `bed_type` VALUES (1,'Airbed','Active'),(2,'Futon','Active'),(3,'Pull-out Sofa','Active'),(4,'Couch','Active'),(5,'Real Bed','Active');
/*!40000 ALTER TABLE `bed_type` ENABLE KEYS */;
UNLOCK TABLES;

--
-- Table structure for table `calendar`
--

DROP TABLE IF EXISTS `calendar`;
/*!40101 SET @saved_cs_client     = @@character_set_client */;
/*!40101 SET character_set_client = utf8 */;
CREATE TABLE `calendar` (
  `id` int(10) unsigned NOT NULL AUTO_INCREMENT,
  `room_id` int(10) unsigned NOT NULL,
  `date` date NOT NULL,
  `price` int(11) NOT NULL,
  `notes` text COLLATE utf8_unicode_ci,
  `status` enum('Available','Not available') COLLATE utf8_unicode_ci DEFAULT NULL,
  `created_at` timestamp NOT NULL DEFAULT '0000-00-00 00:00:00',
  `updated_at` timestamp NOT NULL DEFAULT '0000-00-00 00:00:00',
  PRIMARY KEY (`id`),
  KEY `calendar_room_id_foreign` (`room_id`)
) ENGINE=MyISAM AUTO_INCREMENT=5 DEFAULT CHARSET=utf8 COLLATE=utf8_unicode_ci;
/*!40101 SET character_set_client = @saved_cs_client */;

--
-- Dumping data for table `calendar`
--

LOCK TABLES `calendar` WRITE;
/*!40000 ALTER TABLE `calendar` DISABLE KEYS */;
INSERT INTO `calendar` VALUES (1,10002,'2016-09-06',10,'','Not available','2016-09-06 15:15:12','2016-09-06 15:15:12'),(2,10002,'2016-09-07',10,'','Not available','2016-09-06 15:15:12','2016-09-06 15:15:12'),(3,10002,'2016-09-08',10,'','Not available','2016-09-06 15:15:12','2016-09-06 15:15:12'),(4,10002,'2016-09-09',10,'','Not available','2016-09-06 15:15:12','2016-09-06 15:15:12');
/*!40000 ALTER TABLE `calendar` ENABLE KEYS */;
UNLOCK TABLES;

--
-- Table structure for table `country`
--

DROP TABLE IF EXISTS `country`;
/*!40101 SET @saved_cs_client     = @@character_set_client */;
/*!40101 SET character_set_client = utf8 */;
CREATE TABLE `country` (
  `id` int(10) unsigned NOT NULL AUTO_INCREMENT,
  `short_name` varchar(5) COLLATE utf8_unicode_ci NOT NULL,
  `long_name` varchar(100) COLLATE utf8_unicode_ci NOT NULL,
  `iso3` varchar(10) COLLATE utf8_unicode_ci NOT NULL,
  `num_code` varchar(10) COLLATE utf8_unicode_ci NOT NULL,
  `phone_code` varchar(10) COLLATE utf8_unicode_ci NOT NULL,
  PRIMARY KEY (`id`),
  UNIQUE KEY `country_short_name_unique` (`short_name`)
) ENGINE=MyISAM AUTO_INCREMENT=240 DEFAULT CHARSET=utf8 COLLATE=utf8_unicode_ci;
/*!40101 SET character_set_client = @saved_cs_client */;

--
-- Dumping data for table `country`
--

LOCK TABLES `country` WRITE;
/*!40000 ALTER TABLE `country` DISABLE KEYS */;
INSERT INTO `country` VALUES (1,'AF','Afghanistan','AFG','4','93'),(2,'AL','Albania','ALB','8','355'),(3,'DZ','Algeria','DZA','12','213'),(4,'AS','American Samoa','ASM','16','1684'),(5,'AD','Andorra','AND','20','376'),(6,'AO','Angola','AGO','24','244'),(7,'AI','Anguilla','AIA','660','1264'),(8,'AQ','Antarctica','','','0'),(9,'AG','Antigua and Barbuda','ATG','28','1268'),(10,'AR','Argentina','ARG','32','54'),(11,'AM','Armenia','ARM','51','374'),(12,'AW','Aruba','ABW','533','297'),(13,'AU','Australia','AUS','36','61'),(14,'AT','Austria','AUT','40','43'),(15,'AZ','Azerbaijan','AZE','31','994'),(16,'BS','Bahamas','BHS','44','1242'),(17,'BH','Bahrain','BHR','48','973'),(18,'BD','Bangladesh','BGD','50','880'),(19,'BB','Barbados','BRB','52','1246'),(20,'BY','Belarus','BLR','112','375'),(21,'BE','Belgium','BEL','56','32'),(22,'BZ','Belize','BLZ','84','501'),(23,'BJ','Benin','BEN','204','229'),(24,'BM','Bermuda','BMU','60','1441'),(25,'BT','Bhutan','BTN','64','975'),(26,'BO','Bolivia','BOL','68','591'),(27,'BA','Bosnia and Herzegovina','BIH','70','387'),(28,'BW','Botswana','BWA','72','267'),(29,'BV','Bouvet Island','','','0'),(30,'BR','Brazil','BRA','76','55'),(31,'IO','British Indian Ocean Territory','','','246'),(32,'BN','Brunei Darussalam','BRN','96','673'),(33,'BG','Bulgaria','BGR','100','359'),(34,'BF','Burkina Faso','BFA','854','226'),(35,'BI','Burundi','BDI','108','257'),(36,'KH','Cambodia','KHM','116','855'),(37,'CM','Cameroon','CMR','120','237'),(38,'CA','Canada','CAN','124','1'),(39,'CV','Cape Verde','CPV','132','238'),(40,'KY','Cayman Islands','CYM','136','1345'),(41,'CF','Central African Republic','CAF','140','236'),(42,'TD','Chad','TCD','148','235'),(43,'CL','Chile','CHL','152','56'),(44,'CN','China','CHN','156','86'),(45,'CX','Christmas Island','','','61'),(46,'CC','Cocos (Keeling) Islands','','','672'),(47,'CO','Colombia','COL','170','57'),(48,'KM','Comoros','COM','174','269'),(49,'CG','Congo','COG','178','242'),(50,'CD','Congo, the Democratic Republic of the','COD','180','242'),(51,'CK','Cook Islands','COK','184','682'),(52,'CR','Costa Rica','CRI','188','506'),(53,'CI','Cote D\'Ivoire','CIV','384','225'),(54,'HR','Croatia','HRV','191','385'),(55,'CU','Cuba','CUB','192','53'),(56,'CY','Cyprus','CYP','196','357'),(57,'CZ','Czech Republic','CZE','203','420'),(58,'DK','Denmark','DNK','208','45'),(59,'DJ','Djibouti','DJI','262','253'),(60,'DM','Dominica','DMA','212','1767'),(61,'DO','Dominican Republic','DOM','214','1809'),(62,'EC','Ecuador','ECU','218','593'),(63,'EG','Egypt','EGY','818','20'),(64,'SV','El Salvador','SLV','222','503'),(65,'GQ','Equatorial Guinea','GNQ','226','240'),(66,'ER','Eritrea','ERI','232','291'),(67,'EE','Estonia','EST','233','372'),(68,'ET','Ethiopia','ETH','231','251'),(69,'FK','Falkland Islands (Malvinas)','FLK','238','500'),(70,'FO','Faroe Islands','FRO','234','298'),(71,'FJ','Fiji','FJI','242','679'),(72,'FI','Finland','FIN','246','358'),(73,'FR','France','FRA','250','33'),(74,'GF','French Guiana','GUF','254','594'),(75,'PF','French Polynesia','PYF','258','689'),(76,'TF','French Southern Territories','','','0'),(77,'GA','Gabon','GAB','266','241'),(78,'GM','Gambia','GMB','270','220'),(79,'GE','Georgia','GEO','268','995'),(80,'DE','Germany','DEU','276','49'),(81,'GH','Ghana','GHA','288','233'),(82,'GI','Gibraltar','GIB','292','350'),(83,'GR','Greece','GRC','300','30'),(84,'GL','Greenland','GRL','304','299'),(85,'GD','Grenada','GRD','308','1473'),(86,'GP','Guadeloupe','GLP','312','590'),(87,'GU','Guam','GUM','316','1671'),(88,'GT','Guatemala','GTM','320','502'),(89,'GN','Guinea','GIN','324','224'),(90,'GW','Guinea-Bissau','GNB','624','245'),(91,'GY','Guyana','GUY','328','592'),(92,'HT','Haiti','HTI','332','509'),(93,'HM','Heard Island and Mcdonald Islands','','','0'),(94,'VA','Holy See (Vatican City State)','VAT','336','39'),(95,'HN','Honduras','HND','340','504'),(96,'HK','Hong Kong','HKG','344','852'),(97,'HU','Hungary','HUN','348','36'),(98,'IS','Iceland','ISL','352','354'),(99,'IN','India','IND','356','91'),(100,'ID','Indonesia','IDN','360','62'),(101,'IR','Iran, Islamic Republic of','IRN','364','98'),(102,'IQ','Iraq','IRQ','368','964'),(103,'IE','Ireland','IRL','372','353'),(104,'IL','Israel','ISR','376','972'),(105,'IT','Italy','ITA','380','39'),(106,'JM','Jamaica','JAM','388','1876'),(107,'JP','Japan','JPN','392','81'),(108,'JO','Jordan','JOR','400','962'),(109,'KZ','Kazakhstan','KAZ','398','7'),(110,'KE','Kenya','KEN','404','254'),(111,'KI','Kiribati','KIR','296','686'),(112,'KP','Korea, Democratic People\'s Republic of','PRK','408','850'),(113,'KR','Korea, Republic of','KOR','410','82'),(114,'KW','Kuwait','KWT','414','965'),(115,'KG','Kyrgyzstan','KGZ','417','996'),(116,'LA','Lao People\'s Democratic Republic','LAO','418','856'),(117,'LV','Latvia','LVA','428','371'),(118,'LB','Lebanon','LBN','422','961'),(119,'LS','Lesotho','LSO','426','266'),(120,'LR','Liberia','LBR','430','231'),(121,'LY','Libyan Arab Jamahiriya','LBY','434','218'),(122,'LI','Liechtenstein','LIE','438','423'),(123,'LT','Lithuania','LTU','440','370'),(124,'LU','Luxembourg','LUX','442','352'),(125,'MO','Macao','MAC','446','853'),(126,'MK','Macedonia, the Former Yugoslav Republic of','MKD','807','389'),(127,'MG','Madagascar','MDG','450','261'),(128,'MW','Malawi','MWI','454','265'),(129,'MY','Malaysia','MYS','458','60'),(130,'MV','Maldives','MDV','462','960'),(131,'ML','Mali','MLI','466','223'),(132,'MT','Malta','MLT','470','356'),(133,'MH','Marshall Islands','MHL','584','692'),(134,'MQ','Martinique','MTQ','474','596'),(135,'MR','Mauritania','MRT','478','222'),(136,'MU','Mauritius','MUS','480','230'),(137,'YT','Mayotte','','','269'),(138,'MX','Mexico','MEX','484','52'),(139,'FM','Micronesia, Federated States of','FSM','583','691'),(140,'MD','Moldova, Republic of','MDA','498','373'),(141,'MC','Monaco','MCO','492','377'),(142,'MN','Mongolia','MNG','496','976'),(143,'MS','Montserrat','MSR','500','1664'),(144,'MA','Morocco','MAR','504','212'),(145,'MZ','Mozambique','MOZ','508','258'),(146,'MM','Myanmar','MMR','104','95'),(147,'NA','Namibia','NAM','516','264'),(148,'NR','Nauru','NRU','520','674'),(149,'NP','Nepal','NPL','524','977'),(150,'NL','Netherlands','NLD','528','31'),(151,'AN','Netherlands Antilles','ANT','530','599'),(152,'NC','New Caledonia','NCL','540','687'),(153,'NZ','New Zealand','NZL','554','64'),(154,'NI','Nicaragua','NIC','558','505'),(155,'NE','Niger','NER','562','227'),(156,'NG','Nigeria','NGA','566','234'),(157,'NU','Niue','NIU','570','683'),(158,'NF','Norfolk Island','NFK','574','672'),(159,'MP','Northern Mariana Islands','MNP','580','1670'),(160,'NO','Norway','NOR','578','47'),(161,'OM','Oman','OMN','512','968'),(162,'PK','Pakistan','PAK','586','92'),(163,'PW','Palau','PLW','585','680'),(164,'PS','Palestinian Territory, Occupied','','','970'),(165,'PA','Panama','PAN','591','507'),(166,'PG','Papua New Guinea','PNG','598','675'),(167,'PY','Paraguay','PRY','600','595'),(168,'PE','Peru','PER','604','51'),(169,'PH','Philippines','PHL','608','63'),(170,'PN','Pitcairn','PCN','612','0'),(171,'PL','Poland','POL','616','48'),(172,'PT','Portugal','PRT','620','351'),(173,'PR','Puerto Rico','PRI','630','1787'),(174,'QA','Qatar','QAT','634','974'),(175,'RE','Reunion','REU','638','262'),(176,'RO','Romania','ROM','642','40'),(177,'RU','Russian Federation','RUS','643','70'),(178,'RW','Rwanda','RWA','646','250'),(179,'SH','Saint Helena','SHN','654','290'),(180,'KN','Saint Kitts and Nevis','KNA','659','1869'),(181,'LC','Saint Lucia','LCA','662','1758'),(182,'PM','Saint Pierre and Miquelon','SPM','666','508'),(183,'VC','Saint Vincent and the Grenadines','VCT','670','1784'),(184,'WS','Samoa','WSM','882','684'),(185,'SM','San Marino','SMR','674','378'),(186,'ST','Sao Tome and Principe','STP','678','239'),(187,'SA','Saudi Arabia','SAU','682','966'),(188,'SN','Senegal','SEN','686','221'),(189,'CS','Serbia and Montenegro','','','381'),(190,'SC','Seychelles','SYC','690','248'),(191,'SL','Sierra Leone','SLE','694','232'),(192,'SG','Singapore','SGP','702','65'),(193,'SK','Slovakia','SVK','703','421'),(194,'SI','Slovenia','SVN','705','386'),(195,'SB','Solomon Islands','SLB','90','677'),(196,'SO','Somalia','SOM','706','252'),(197,'ZA','South Africa','ZAF','710','27'),(198,'GS','South Georgia and the South Sandwich Islands','','','0'),(199,'ES','Spain','ESP','724','34'),(200,'LK','Sri Lanka','LKA','144','94'),(201,'SD','Sudan','SDN','736','249'),(202,'SR','Suriname','SUR','740','597'),(203,'SJ','Svalbard and Jan Mayen','SJM','744','47'),(204,'SZ','Swaziland','SWZ','748','268'),(205,'SE','Sweden','SWE','752','46'),(206,'CH','Switzerland','CHE','756','41'),(207,'SY','Syrian Arab Republic','SYR','760','963'),(208,'TW','Taiwan, Province of China','TWN','158','886'),(209,'TJ','Tajikistan','TJK','762','992'),(210,'TZ','Tanzania, United Republic of','TZA','834','255'),(211,'TH','Thailand','THA','764','66'),(212,'TL','Timor-Leste','','','670'),(213,'TG','Togo','TGO','768','228'),(214,'TK','Tokelau','TKL','772','690'),(215,'TO','Tonga','TON','776','676'),(216,'TT','Trinidad and Tobago','TTO','780','1868'),(217,'TN','Tunisia','TUN','788','216'),(218,'TR','Turkey','TUR','792','90'),(219,'TM','Turkmenistan','TKM','795','7370'),(220,'TC','Turks and Caicos Islands','TCA','796','1649'),(221,'TV','Tuvalu','TUV','798','688'),(222,'UG','Uganda','UGA','800','256'),(223,'UA','Ukraine','UKR','804','380'),(224,'AE','United Arab Emirates','ARE','784','971'),(225,'GB','United Kingdom','GBR','826','44'),(226,'US','United States','USA','840','1'),(227,'UM','United States Minor Outlying Islands','','','1'),(228,'UY','Uruguay','URY','858','598'),(229,'UZ','Uzbekistan','UZB','860','998'),(230,'VU','Vanuatu','VUT','548','678'),(231,'VE','Venezuela','VEN','862','58'),(232,'VN','Viet Nam','VNM','704','84'),(233,'VG','Virgin Islands, British','VGB','92','1284'),(234,'VI','Virgin Islands, U.s.','VIR','850','1340'),(235,'WF','Wallis and Futuna','WLF','876','681'),(236,'EH','Western Sahara','ESH','732','212'),(237,'YE','Yemen','YEM','887','967'),(238,'ZM','Zambia','ZMB','894','260'),(239,'ZW','Zimbabwe','ZWE','716','263');
/*!40000 ALTER TABLE `country` ENABLE KEYS */;
UNLOCK TABLES;

--
-- Table structure for table `coupon_code`
--

DROP TABLE IF EXISTS `coupon_code`;
/*!40101 SET @saved_cs_client     = @@character_set_client */;
/*!40101 SET character_set_client = utf8 */;
CREATE TABLE `coupon_code` (
  `id` int(10) unsigned NOT NULL AUTO_INCREMENT,
  `coupon_code` varchar(50) COLLATE utf8_unicode_ci NOT NULL,
  `amount` int(11) NOT NULL,
  `currency_code` varchar(10) COLLATE utf8_unicode_ci NOT NULL,
  `expired_at` date NOT NULL,
  `status` enum('Active','Inactive') COLLATE utf8_unicode_ci NOT NULL DEFAULT 'Active',
  `created_at` timestamp NOT NULL DEFAULT '0000-00-00 00:00:00',
  `updated_at` timestamp NOT NULL DEFAULT '0000-00-00 00:00:00',
  PRIMARY KEY (`id`)
) ENGINE=MyISAM DEFAULT CHARSET=utf8 COLLATE=utf8_unicode_ci;
/*!40101 SET character_set_client = @saved_cs_client */;

--
-- Dumping data for table `coupon_code`
--

LOCK TABLES `coupon_code` WRITE;
/*!40000 ALTER TABLE `coupon_code` DISABLE KEYS */;
/*!40000 ALTER TABLE `coupon_code` ENABLE KEYS */;
UNLOCK TABLES;

--
-- Table structure for table `currency`
--

DROP TABLE IF EXISTS `currency`;
/*!40101 SET @saved_cs_client     = @@character_set_client */;
/*!40101 SET character_set_client = utf8 */;
CREATE TABLE `currency` (
  `id` int(10) unsigned NOT NULL AUTO_INCREMENT,
  `name` varchar(50) COLLATE utf8_unicode_ci NOT NULL,
  `code` varchar(10) COLLATE utf8_unicode_ci NOT NULL,
  `symbol` varchar(10) COLLATE utf8_unicode_ci NOT NULL,
  `rate` decimal(10,2) NOT NULL,
  `status` enum('Active','Inactive') COLLATE utf8_unicode_ci NOT NULL DEFAULT 'Active',
  `default_currency` enum('1','0') COLLATE utf8_unicode_ci NOT NULL,
  PRIMARY KEY (`id`),
  UNIQUE KEY `currency_code_unique` (`code`)
) ENGINE=MyISAM AUTO_INCREMENT=33 DEFAULT CHARSET=utf8 COLLATE=utf8_unicode_ci;
/*!40101 SET character_set_client = @saved_cs_client */;

--
-- Dumping data for table `currency`
--

LOCK TABLES `currency` WRITE;
/*!40000 ALTER TABLE `currency` DISABLE KEYS */;
INSERT INTO `currency` VALUES (1,'US Dollar','USD','&#36;',1.00,'Active','1'),(2,'Pound Sterling','GBP','&pound;',0.65,'Active','0'),(3,'Europe','EUR','&euro;',0.88,'Active','0'),(4,'Australian Dollar','AUD','&#36;',1.41,'Active','0'),(5,'Singapore','SGD','&#36;',1.41,'Active','0'),(6,'Swedish Krona','SEK','kr',8.24,'Active','0'),(7,'Danish Krone','DKK','kr',6.58,'Active','0'),(8,'Mexican Peso','MXN','$',16.83,'Active','0'),(9,'Brazilian Real','BRL','R$',3.88,'Active','0'),(10,'Malaysian Ringgit','MYR','RM',4.31,'Active','0'),(11,'Philippine Peso','PHP','P',46.73,'Active','0'),(12,'Swiss Franc','CHF','&euro;',0.97,'Active','0'),(13,'India','INR','&#x20B9;',66.24,'Active','0'),(14,'Argentine Peso','ARS','&#36;',9.35,'Active','0'),(15,'Canadian Dollar','CAD','&#36;',1.33,'Active','0'),(16,'Chinese Yuan','CNY','&#165;',6.37,'Active','0'),(17,'Czech Republic Koruna','CZK','K&#269;',23.91,'Active','0'),(18,'Hong Kong Dollar','HKD','&#36;',7.75,'Active','0'),(19,'Hungarian Forint','HUF','Ft',276.41,'Active','0'),(20,'Indonesian Rupiah','IDR','Rp',14249.50,'Active','0'),(21,'Israeli New Sheqel','ILS','&#8362;',3.86,'Active','0'),(22,'Japanese Yen','JPY','&#165;',120.59,'Active','0'),(23,'South Korean Won','KRW','&#8361;',1182.69,'Active','0'),(24,'Norwegian Krone','NOK','kr',8.15,'Active','0'),(25,'New Zealand Dollar','NZD','&#36;',1.58,'Active','0'),(26,'Polish Zloty','PLN','z&#322;',3.71,'Active','0'),(27,'Russian Ruble','RUB','p',67.75,'Active','0'),(28,'Thai Baht','THB','&#3647;',36.03,'Active','0'),(29,'Turkish Lira','TRY','&#8378;',3.05,'Active','0'),(30,'New Taiwan Dollar','TWD','&#36;',32.47,'Active','0'),(31,'Vietnamese Dong','VND','&#8363;',22471.00,'Active','0'),(32,'South African Rand','ZAR','R',13.55,'Active','0');
/*!40000 ALTER TABLE `currency` ENABLE KEYS */;
UNLOCK TABLES;

--
-- Table structure for table `email_settings`
--

DROP TABLE IF EXISTS `email_settings`;
/*!40101 SET @saved_cs_client     = @@character_set_client */;
/*!40101 SET character_set_client = utf8 */;
CREATE TABLE `email_settings` (
  `id` int(10) unsigned NOT NULL AUTO_INCREMENT,
  `name` varchar(50) COLLATE utf8_unicode_ci NOT NULL,
  `value` varchar(100) COLLATE utf8_unicode_ci NOT NULL,
  PRIMARY KEY (`id`)
) ENGINE=MyISAM AUTO_INCREMENT=9 DEFAULT CHARSET=utf8 COLLATE=utf8_unicode_ci;
/*!40101 SET character_set_client = @saved_cs_client */;

--
-- Dumping data for table `email_settings`
--

LOCK TABLES `email_settings` WRITE;
/*!40000 ALTER TABLE `email_settings` DISABLE KEYS */;
INSERT INTO `email_settings` VALUES (1,'driver','smtp'),(2,'host','smtp.gmail.com'),(3,'port','25'),(4,'from_address','trioangle1@gmail.com'),(5,'from_name','Makent'),(6,'encryption','tls'),(7,'username','trioangle1@gmail.com'),(8,'password','hismljhblilxdusd');
/*!40000 ALTER TABLE `email_settings` ENABLE KEYS */;
UNLOCK TABLES;

--
-- Table structure for table `failed_jobs`
--

DROP TABLE IF EXISTS `failed_jobs`;
/*!40101 SET @saved_cs_client     = @@character_set_client */;
/*!40101 SET character_set_client = utf8 */;
CREATE TABLE `failed_jobs` (
  `id` int(10) unsigned NOT NULL AUTO_INCREMENT,
  `connection` text COLLATE utf8_unicode_ci NOT NULL,
  `queue` text COLLATE utf8_unicode_ci NOT NULL,
  `payload` longtext COLLATE utf8_unicode_ci NOT NULL,
  `failed_at` timestamp NOT NULL DEFAULT CURRENT_TIMESTAMP,
  PRIMARY KEY (`id`)
) ENGINE=MyISAM DEFAULT CHARSET=utf8 COLLATE=utf8_unicode_ci;
/*!40101 SET character_set_client = @saved_cs_client */;

--
-- Dumping data for table `failed_jobs`
--

LOCK TABLES `failed_jobs` WRITE;
/*!40000 ALTER TABLE `failed_jobs` DISABLE KEYS */;
/*!40000 ALTER TABLE `failed_jobs` ENABLE KEYS */;
UNLOCK TABLES;

--
-- Table structure for table `fees`
--

DROP TABLE IF EXISTS `fees`;
/*!40101 SET @saved_cs_client     = @@character_set_client */;
/*!40101 SET character_set_client = utf8 */;
CREATE TABLE `fees` (
  `id` int(10) unsigned NOT NULL AUTO_INCREMENT,
  `name` varchar(25) COLLATE utf8_unicode_ci NOT NULL,
  `value` varchar(5) COLLATE utf8_unicode_ci NOT NULL,
  PRIMARY KEY (`id`)
) ENGINE=MyISAM AUTO_INCREMENT=8 DEFAULT CHARSET=utf8 COLLATE=utf8_unicode_ci;
/*!40101 SET character_set_client = @saved_cs_client */;

--
-- Dumping data for table `fees`
--

LOCK TABLES `fees` WRITE;
/*!40000 ALTER TABLE `fees` DISABLE KEYS */;
INSERT INTO `fees` VALUES (1,'service_fee','5'),(2,'host_fee','0'),(3,'host_penalty','0'),(4,'currency','USD'),(5,'before_seven_days','0'),(6,'after_seven_days','0'),(7,'cancel_limit','0');
/*!40000 ALTER TABLE `fees` ENABLE KEYS */;
UNLOCK TABLES;

--
-- Table structure for table `help`
--

DROP TABLE IF EXISTS `help`;
/*!40101 SET @saved_cs_client     = @@character_set_client */;
/*!40101 SET character_set_client = utf8 */;
CREATE TABLE `help` (
  `id` int(10) unsigned NOT NULL AUTO_INCREMENT,
  `category_id` int(10) unsigned NOT NULL,
  `subcategory_id` int(11) NOT NULL,
  `question` varchar(255) COLLATE utf8_unicode_ci NOT NULL,
  `answer` text COLLATE utf8_unicode_ci NOT NULL,
  `suggested` enum('yes','no') COLLATE utf8_unicode_ci NOT NULL DEFAULT 'no',
  `status` enum('Active','Inactive') COLLATE utf8_unicode_ci NOT NULL DEFAULT 'Active',
  `created_at` timestamp NOT NULL DEFAULT '0000-00-00 00:00:00',
  `updated_at` timestamp NOT NULL DEFAULT '0000-00-00 00:00:00',
  PRIMARY KEY (`id`),
  KEY `help_category_id_foreign` (`category_id`)
) ENGINE=MyISAM AUTO_INCREMENT=18 DEFAULT CHARSET=utf8 COLLATE=utf8_unicode_ci;
/*!40101 SET character_set_client = @saved_cs_client */;

--
-- Dumping data for table `help`
--

LOCK TABLES `help` WRITE;
/*!40000 ALTER TABLE `help` DISABLE KEYS */;
INSERT INTO `help` VALUES (1,1,1,'A Community Built on Sharing','<div>SITE_NAME began in 2016 when two designers who had space to share hosted three travelers looking for a place to stay. Now, millions of hosts and travelers choose to create a free SITE_NAME account so they can list their space and book unique accommodations anywhere in the world</div><div><br></div><div>Profiles</div><div><br></div><div>No two hosts or travelers are the same, so personal SITE_NAME profiles help hosts and guests learn more about each other before sharing a space. SITE_NAME doesn\'t display full names or contact information on public profiles, so the community can feel confident that their information is safe.</div><div><br></div><div>Listings</div><div><br></div><div>From futons on the floor to castles on the hilltop, each SITE_NAME listings is unique. Search results feature entire homes, private rooms, and shared rooms at every price point. Hosts describe their space in detail, including available amenities and arrival and departure times, and guests leave reviews about their experience.</div>','no','Active','2016-05-10 11:06:52','2016-05-10 11:49:45'),(2,1,1,'Trusted Services','<div>SITE_NAME helps make sharing easy, enjoyable, and safe. We verify personal profiles and listings, maintain a smart messaging system so hosts and guests can communicate with certainty, and manage a trusted platform to collect and transfer payments.</div><div>Verifications</div><div><br></div><div>SITE_NAME puts hosts and travelers at ease with features like Verified ID and public reviews. Having a Verified ID indicates that you\'ve completed a specific set of verifications—offline ID, online ID, profile photo, email address, and phone number. Hosts and guests also build trust and cultivate their reputations by writing reviews about their experiences after each trip.</div><div><br></div><div>Messaging</div><div><br></div><div>Our messaging system ensures that communication between hosts and guests stays on SITE_NAME so your contact information remains private until you have a confirmed reservation. For your peace of mind, we\'ve added reporting features so you can easily notify us if you ever feel uncomfortable.</div><div><br></div><div>Payment System</div><div><br></div><div>Our convenient payment system supports many currencies and several types of payment and payout methods. SITE_NAME collects guest payments from the moment they make a reservation and waits until 24 hours after arrival before releasing funds to the host. This way, guests and hosts can feel confident knowing that SITE_NAME will process and deliver payments when a reservation is honored.</div>','no','Active','2016-05-10 11:19:17','2016-05-10 11:49:31'),(3,1,2,'Search','<div>SITE_NAME hosts share their spaces in 190 countries and more than 34,000 cities. All you have to do is enter your destination and travel dates into the search bar to discover distinctive places to stay, anywhere in the world.</div><div>Tools that help you search</div><div><br></div><div>We display photos of listings, host profiles, and reviews to help you make informed decisions when considering a host\'s space. We\'ve also created search filters so you can narrow your results by type of accommodation, price, and location. For example, if you’re looking to make friends and stay with a host, select Private Room or Shared Room. Or if you’re looking for an entire space to call your own, go ahead and select the Entire Place filter.</div><div><br></div><div>Contacting hosts to book a stay</div><div><br></div><div>Once you complete your profile to give hosts a good idea of the kind of guest you are, you can request to book a host\'s space by clicking the Contact Host or Request to Book buttons, or you can use Instant Book to confirm your stay without having to wait for a host\'s approval.</div>','no','Active','2016-05-10 11:20:51','2016-05-10 11:49:14'),(4,1,2,'Book','<div>There are a few ways to book spaces on SITE_NAME. Some hosts want to get to know a guest before they confirm a reservation while others prefer to reduce the time it takes to manage requests by using SITE_NAME\'s Instant Book feature.</div><div>Buttons to book a stay on SITE_NAME</div><div><br></div><div>The Request to Book button sends a reservation request to a host for the specific trip dates you select. The host has the option to either accept or decline the request, or ask you questions about your trip. When a host responds to your request, we send you an email to let you know. If they don\'t respond within 24 hours, your request simply expires.</div><div><br></div><div>The Instant Book button immediately confirms your reservation and closes the host\'s calendar to other incoming requests. We send you a receipt by email with your trip\'s details, and your host may follow up with you, too.</div><div><br></div><div>The Contact Host button lets you start a conversation about their space and hosting style through our secure messaging system. You can use our messaging system to discuss trip details, request special prices, or ask about specific amenities.</div><div><br></div><div>Payment and confirmation</div><div><br></div><div>Whether you use the Request to Book button or the Instant Book button, we\'ll ask for your payment details so we can hold your reservation.</div><div><br></div><div>If you use the Request to Book button to send a request, the host has 24 hours to respond. We won\'t charge your payment method until the host accepts your reservation. Once the host accepts, we process your payment and send you a congratulatory email that includes your receipt, trip details, and best wishes for a great trip. If you don\'t hear back within 24 hours, your request automatically expires.</div><div><br></div><div>If you use the Instant Book button, your reservation will be immediately confirmed and we\'ll process your payment right away.</div>','no','Active','2016-05-10 11:21:40','2016-05-10 11:48:58'),(5,1,2,'Travel','<div>Once you know where you’re traveling and whose space you\'ll be staying in, all you have to do is get going!</div><div>Before you get there</div><div><br></div><div>Send a message to your host to arrange a check-in time and arrival details like picking up the key.</div><div><br></div><div>We\'ll send you an email that includes your trip itinerary, receipt, and host contact information. You can also view your reservation details, alter your plans, or cancel your reservation from the My Trips section on your personal account page.</div><div><br></div><div>During your trip</div><div><br></div><div>We encourage you to have the time of your life! Enjoy your host\'s home and city as if it were a friend\'s, and remember to be considerate of your neighbors. If any issues arise during your trip, be sure to get in touch with your host. In most cases, they\'ll be the person best equipped to help you. If your host can\'t solve the problem, please contact us.</div><div><br></div><div>After you travel</div><div><br></div><div>Write a review about your host and their space so other travelers can learn through your experience. Your host will also have a chance to write a review for you, too. Then, pick the next place you\'d love to go and find a space on SITE_NAME!</div>','no','Active','2016-05-10 11:22:47','2016-05-10 11:48:16'),(6,1,3,'List Your Space','<div>We encourage you to share all kinds of spaces on SITE_NAME! Whether you’re offering a seaside villa or an air mattress in the corner of your living room, it’s free to list your space. When you’re ready to start welcoming guests, you can publish your listing for the world to see.</div><div>Description and amenities</div><div><br></div><div>Guests often search for spaces that meet specific needs, so accurately describing your listing and the amenities you offer will help attract the kinds of guests that are best for you. When telling the story of your space, answer important questions like whether or not you have Wifi, and include helpful details about the character, activities, and transportation options in the surrounding area.</div><div><br></div><div>Photos</div><div><br></div><div>Photographs help guests picture themselves in your space. Go ahead and upload up to 24 images, and make sure your photos are well lit, in focus, and representative of the actual space your guests have access to.</div><div><br></div><div>Pricing and availability</div><div><br></div><div>You know your space and your schedule best, so we let you decide the price and we ask you to update your calendar to reflect when it’s available to rent. We also allow you to set custom prices for individual nights and weekends, special events, and monthly stays. We display your listing at the price you set and when you indicate that your space is unavailable, we make sure not to show it in search results.</div>','no','Active','2016-05-10 11:24:33','2016-05-10 11:47:37'),(7,1,3,'Respond to Requests','<div>Guests who love your space will want to book it! On SITE_NAME, you have the option to require guests to send a reservation request or allow certain guests to book your space instantly through Instant Book.</div><div>Manage your calendar</div><div><br></div><div>Edit your calendar settings to control when and for how long guests can book your space.</div><div><br></div><div>Simplify with Instant Book</div><div><br></div><div>If you prefer to set criteria to allow certain guests to book your space without having to wait for your approval, you can choose to use our Instant Book feature.</div>','no','Active','2016-05-10 11:25:03','2016-05-10 11:46:46'),(8,1,3,'Welcome Your Guests','<div>Once you have a confirmed reservation, it’s time to prepare for your guests! From tidying your space and coordinating key exchange to greeting your guests and giving them neighborhood tips, hosting on SITE_NAME is an artform.</div><div><br></div><div>Preparing your space</div><div><br></div><div>Give your guests a clean space to come home to and make sure they have everything they\'ll need for a comfortable stay, whether it’s an extra set of towels, cream and sugar for coffee, maps to find their way, or instructions for how to access the internet. If you like, you can make their stay extra special by surprising them with a bottle of wine or hand-written welcome note.</div><div><br></div><div>Coordinating arrival and departure</div><div><br></div><div>Use our messaging system to arrange the details of your guest’s arrival and departure. Let your guest know if you’ll greet them in person or tell them where they can find your key.</div><div><br></div><div>Being available during your guest’s stay</div><div><br></div><div>During reservations, be available to help remedy any issues that may arise. If you\'ll be out of the area, provide your guests with a designated and reliable point of contact.</div><div><br></div><div>Writing reviews</div><div><br></div><div>Genuine reviews are the cornerstone of SITE_NAME\'s trusted community. You have 14 days to write a review and share comments about your experience with your guest. Your guest also has the opportunity to review you and your space, too!</div>','no','Active','2016-05-10 11:25:56','2016-05-10 11:46:19'),(9,2,13,'How do I create an account?','<div>If you don\'t have an SITE_NAME account yet, go to SITE_NAME.com and click Sign Up.</div><div><br></div><div>You can sign up using your email address, Facebook account, Google account. Signing up and creating an SITE_NAME account is free.</div><div><br></div><div>After you sign up, be sure to complete your account before booking a reservation.</div>','yes','Active','2016-05-10 11:27:59','2016-05-10 11:27:59'),(10,2,13,'What are the requirements to book on SITE_NAME?','<div>We ask everyone who uses SITE_NAME for a few pieces of information before they travel on SITE_NAME. Guests need to have this info completely filled out before they can make a reservation request. This info helps make sure hosts know who to expect, and how to contact the guest.</div><div><br></div><div>SITE_NAME’s requirements for guests include:</div><div><br></div><div>Full name</div><div>Confirmed email address</div><div>Confirmed phone number</div><div>Profile photo that shows their face</div><div>Introductory message</div><div>Agreement to house rules</div><div>Payment information</div><div>Hosts won’t see guest’s real email addresses, even after they book. Instead, hosts will see a temporary SITE_NAME email address that forwards their messages to the guest.</div>','yes','Active','2016-05-10 11:29:02','2016-05-10 11:29:02'),(11,5,0,'How do reviews work?','<div>All the reviews on SITE_NAME are written by hosts and travelers from our community, so any review you see is based on a stay that a guest had in a host\'s listing.</div><div><br></div><div>Writing a review</div><div><br></div><div>To leave a review for a recent trip, go to your Reviews. Reviews are limited to 500 words and must follow SITE_NAME\'s review guidelines. You can edit your review for up to 48 hours, or until your host or guest completes their review.</div><div><br></div><div>Review history</div><div><br></div><div>To see reviews you\'ve written or reviews about you, go to your Reviews. You\'ll also see any private feedback that people have left you.</div><div><br></div><div>Our community relies on honest, transparent reviews. We will remove or alter a review if we find that it violates our review guidelines.</div>','no','Active','2016-05-10 11:33:40','2016-05-10 11:33:40'),(12,5,0,'What are SITE_NAME\'s review guidelines?','<div>We believe in free speech, transparency, and clear communication. When creating a review, we ask that you stick to the facts. The best reviews provide constructive information that helps the community make better decisions.</div><div><br></div><div>SITE_NAME\'s default position is not to censor, edit, or delete reviews. However, we reserve the right to remove reviews that violate our content policy.</div><div><br></div><div>We don\'t allow:</div><div><br></div><div>Reviews that do not represent a user’s personal experience .</div><div>Reviews unrelated to the actual reservation (ex: political, religious, or social commentary).</div><div>Content that endorses or promotes illegal or harmful activity or violence, or is profane, vulgar, obscene, defamatory, threatening, or discriminatory.</div><div>Content that violates another person’s or entity’s rights, including intellectual property rights and privacy rights (ex: publishing another person’s full name, address or other identifying information without permission).</div><div>Content that is proven to be used as extortion.</div><div>Content that refers to an SITE_NAME investigation</div>','no','Active','2016-05-10 11:37:26','2016-05-10 11:37:26'),(13,4,9,'How do I book a place on SITE_NAME?','<div>When you book a place on SITE_NAME, you’re making arrangements to stay in someone’s home. Each host has their own style of hospitality, starting with how they like to get to know their guests. Some hosts want to approve reservations, while others are comfortable letting you book their place instantly without waiting for approval.</div><div><br></div><div>1. Complete Your Profile</div><div><br></div><div>In either case, it’s important to know that SITE_NAME is a community that relies on trust. Complete your profile before you request a reservation with a host, so they can know a little bit about you when they confirm. Your profile should include photos and verifications, especially because some hosts require guests to have a profile photo or Verified ID in order to book.</div><div><br></div><div>2. Find the Right Place</div><div><br></div><div>With over 800,000 unique listings around the world, you’ll want to make sure the place you choose has everything you need for a comfortable and memorable trip.</div><div><br></div><div>When searching for a place, make sure to include your dates and number of guests to get the most accurate pricing. Read reviews, descriptions, house rules, and amenities for each place to see if it’s the right fit for your trip. You can always contact the host if you have any questions about their home.</div><div><br></div><div>3. Book It!</div><div><br></div><div>You’ve found the perfect place, and now it’s time to make it official. This is where the host’s preferred way of booking will determine how you’ll confirm your reservation.</div><div><br></div><div>Instant Book</div><div><br></div><div>For hosts who don’t want to approve each reservation, you’ll see a button on their listing that says Instant Book. Like the name suggests, you can confirm a reservation at these places right away. Learn more about Instant Book.</div><div><br></div><div>Request to Book</div><div><br></div><div>Many hosts prefer to approve reservations before they’re final. In this case, you’ll see a button on their listing that says Request to Book. To submit a reservation request, you’ll need to enter your payment details. Hosts have 24 hours to accept your request, and your reservation is automatically confirmed once they do. Learn more about submitting a reservation request.</div><div><br></div><div>Pre-approvals and Special Offers</div><div><br></div><div>If you decide to contact the host to ask questions before attempting to book, the host may respond to your message by inviting you to make a reservation with either a pre-approval or Special Offer. A pre-approval is an invitation to finish booking for the dates and number of guests you noted in your message. A Special Offer gives the host the opportunity to provide special pricing, dates, and other reservation details before you book. Learn more about booking a pre-approval or Special Offer.</div>','no','Active','2016-05-10 11:38:32','2016-05-10 11:38:32'),(14,4,10,'What is Instant Book?','Instant Book listings don\'t require approval from the host before you can book them. Instead, you can just choose your travel dates and discuss check-in plans with the host. There is no additional fee for confirming a reservation with Instant Book.','no','Active','2016-05-10 11:42:43','2016-05-10 11:42:43'),(15,4,10,'What is a pre-approval?','<div>A pre-approval is a way for host to let guests know that their listing is available when asked about a potential reservation. Once pre-approved, the guest can automatically confirm a booking for the specific dates provided.</div><div><br></div><div>Hosts</div><div><br></div><div>When you pre-approve a guest’s inquiry, you give them permission to automatically confirm a booking for specific dates. The dates won’t be blocked on your calendar, so you can pre-approve multiple guests at one time.</div><div><br></div><div>Guests have 24 hours to confirm a booking that has been pre-approved. After 24 hours, the guest can still request to book your listing with the price offered during the pre-approval, unless you remove the pre-approval. You can remove the pre-approval at any time in the message thread.</div><div><br></div><div>Guests</div><div><br></div><div>If a host has sent you a pre-approval, your booking isn’t confirmed until you’ve clicked Book It in the message thread with the host and added your payment information. Hosts can send pre-approvals to many potential guests, so if you’ve found the perfect space, make sure to complete the booking process as soon as possible.</div><div><br></div><div>You have 24 hours to accept a pre-approval before it expires. If 24 hours have passed, you can still accept the pre-approval but your host will have to approve your request before your reservation is confirmed.</div>','no','Active','2016-05-10 11:43:59','2016-05-10 11:43:59'),(16,4,10,'How do I submit a reservation request?','<div>If you’re ready to book a place on SITE_NAME, you can send a request to the host to book a reservation. If you’re unsure about the listing or its availability, you can also send a message to the host.</div><div><br></div><div>To send a reservation request:</div><div><br></div><div>On a listing, click Request to Book.</div><div>If you see Instant Book, the host is allowing you to book their place instantly. Your reservation will be automatically confirmed after step 4.</div><div>Review your reservation details to make sure everything is correct.</div><div>Add your payment information, including any coupon code you may have.</div><div>Agree to the policies and terms, including the host’s cancellation policy and house rules.</div><div>Wait for the host’s response. The host has 24 hours to reply, but most reply within a few hours.</div><div>Some hosts require that you complete the Verified ID process before confirming a reservation, which allows the host to get more information about who they’re hosting in their home.</div><div><br></div><div>If your request is accepted, you’ll be charged in full for the reservation. If the host declines the request or doesn’t respond within 24 hours, no charge is made and you can try booking those dates with someone else.</div>','yes','Active','2016-05-10 11:51:04','2016-05-10 11:51:04'),(17,3,5,'Who can host on SITE_NAME?','<div>Almost anyone can be a host! It\'s free to sign up and list your space. The listings available on the site are as diverse as the hosts who list them, so you can post airbeds in apartments, entire houses, rooms in bed-and-breakfasts, tree houses in the woods, boats on the water, or enchanted castles. Find out more about room types to see how to describe your space.</div>','yes','Active','2016-05-10 11:53:36','2016-05-10 11:53:36');
/*!40000 ALTER TABLE `help` ENABLE KEYS */;
UNLOCK TABLES;

--
-- Table structure for table `help_category`
--

DROP TABLE IF EXISTS `help_category`;
/*!40101 SET @saved_cs_client     = @@character_set_client */;
/*!40101 SET character_set_client = utf8 */;
CREATE TABLE `help_category` (
  `id` int(10) unsigned NOT NULL AUTO_INCREMENT,
  `name` varchar(25) COLLATE utf8_unicode_ci NOT NULL,
  `description` text COLLATE utf8_unicode_ci NOT NULL,
  `status` enum('Active','Inactive') COLLATE utf8_unicode_ci NOT NULL DEFAULT 'Active',
  PRIMARY KEY (`id`)
) ENGINE=MyISAM AUTO_INCREMENT=6 DEFAULT CHARSET=utf8 COLLATE=utf8_unicode_ci;
/*!40101 SET character_set_client = @saved_cs_client */;

--
-- Dumping data for table `help_category`
--

LOCK TABLES `help_category` WRITE;
/*!40000 ALTER TABLE `help_category` DISABLE KEYS */;
INSERT INTO `help_category` VALUES (1,'Getting Started','Getting Started','Active'),(2,'Account & Profile','Account & Profile','Active'),(3,'Hosting','Hosting','Active'),(4,'Traveling','Traveling','Active'),(5,'Reviews','Reviews','Active');
/*!40000 ALTER TABLE `help_category` ENABLE KEYS */;
UNLOCK TABLES;

--
-- Table structure for table `help_subcategory`
--

DROP TABLE IF EXISTS `help_subcategory`;
/*!40101 SET @saved_cs_client     = @@character_set_client */;
/*!40101 SET character_set_client = utf8 */;
CREATE TABLE `help_subcategory` (
  `id` int(10) unsigned NOT NULL AUTO_INCREMENT,
  `category_id` int(10) unsigned NOT NULL,
  `name` varchar(25) COLLATE utf8_unicode_ci NOT NULL,
  `description` text COLLATE utf8_unicode_ci NOT NULL,
  `status` enum('Active','Inactive') COLLATE utf8_unicode_ci NOT NULL DEFAULT 'Active',
  PRIMARY KEY (`id`),
  KEY `help_subcategory_category_id_foreign` (`category_id`)
) ENGINE=MyISAM AUTO_INCREMENT=16 DEFAULT CHARSET=utf8 COLLATE=utf8_unicode_ci;
/*!40101 SET character_set_client = @saved_cs_client */;

--
-- Dumping data for table `help_subcategory`
--

LOCK TABLES `help_subcategory` WRITE;
/*!40000 ALTER TABLE `help_subcategory` DISABLE KEYS */;
INSERT INTO `help_subcategory` VALUES (1,1,'How it Works','How it Works','Active'),(2,1,'How to Travel','How to Travel','Active'),(3,1,'How to Host','How to Host','Active'),(4,2,'Language & Currency','Language & Currency','Active'),(5,3,'Deciding to Host','Deciding to Host','Active'),(6,3,'Your Listings','Your Listings','Active'),(7,3,'Your Reservations','Your Reservations','Active'),(8,3,'Getting Paid','Getting Paid','Active'),(9,4,'Finding a Place','Finding a Place','Active'),(10,4,'Booking a Place','Booking a Place','Active'),(11,4,'Paying','Paying','Active'),(12,4,'Your Trip','Your Trip','Active'),(13,2,'Sign Up','Sign Up','Active'),(14,2,'Manage Your Profile','Manage Your Profile','Active'),(15,2,'Security & Password','Security & Password','Active');
/*!40000 ALTER TABLE `help_subcategory` ENABLE KEYS */;
UNLOCK TABLES;

--
-- Table structure for table `home_cities`
--

DROP TABLE IF EXISTS `home_cities`;
/*!40101 SET @saved_cs_client     = @@character_set_client */;
/*!40101 SET character_set_client = utf8 */;
CREATE TABLE `home_cities` (
  `id` int(10) unsigned NOT NULL AUTO_INCREMENT,
  `name` varchar(100) COLLATE utf8_unicode_ci NOT NULL,
  `image` varchar(100) COLLATE utf8_unicode_ci NOT NULL,
  PRIMARY KEY (`id`)
) ENGINE=MyISAM AUTO_INCREMENT=11 DEFAULT CHARSET=utf8 COLLATE=utf8_unicode_ci;
/*!40101 SET character_set_client = @saved_cs_client */;

--
-- Dumping data for table `home_cities`
--

LOCK TABLES `home_cities` WRITE;
/*!40000 ALTER TABLE `home_cities` DISABLE KEYS */;
/*!40000 ALTER TABLE `home_cities` ENABLE KEYS */;
UNLOCK TABLES;

--
-- Table structure for table `host_penalty`
--

DROP TABLE IF EXISTS `host_penalty`;
/*!40101 SET @saved_cs_client     = @@character_set_client */;
/*!40101 SET character_set_client = utf8 */;
CREATE TABLE `host_penalty` (
  `id` int(10) unsigned NOT NULL AUTO_INCREMENT,
  `room_id` int(10) unsigned NOT NULL,
  `user_id` int(10) unsigned NOT NULL,
  `reservation_id` int(10) unsigned NOT NULL,
  `currency_code` varchar(10) COLLATE utf8_unicode_ci NOT NULL,
  `amount` int(11) NOT NULL,
  `remain_amount` int(11) NOT NULL,
  `status` enum('Pending','Completed') COLLATE utf8_unicode_ci NOT NULL,
  `created_at` timestamp NOT NULL DEFAULT '0000-00-00 00:00:00',
  `updated_at` timestamp NOT NULL DEFAULT '0000-00-00 00:00:00',
  PRIMARY KEY (`id`),
  KEY `host_penalty_room_id_foreign` (`room_id`),
  KEY `host_penalty_user_id_foreign` (`user_id`),
  KEY `host_penalty_reservation_id_foreign` (`reservation_id`),
  KEY `host_penalty_currency_code_foreign` (`currency_code`)
) ENGINE=MyISAM DEFAULT CHARSET=utf8 COLLATE=utf8_unicode_ci;
/*!40101 SET character_set_client = @saved_cs_client */;

--
-- Dumping data for table `host_penalty`
--

LOCK TABLES `host_penalty` WRITE;
/*!40000 ALTER TABLE `host_penalty` DISABLE KEYS */;
/*!40000 ALTER TABLE `host_penalty` ENABLE KEYS */;
UNLOCK TABLES;

--
-- Table structure for table `imported_ical`
--

DROP TABLE IF EXISTS `imported_ical`;
/*!40101 SET @saved_cs_client     = @@character_set_client */;
/*!40101 SET character_set_client = utf8 */;
CREATE TABLE `imported_ical` (
  `id` int(10) unsigned NOT NULL AUTO_INCREMENT,
  `room_id` int(10) unsigned NOT NULL,
  `url` text COLLATE utf8_unicode_ci NOT NULL,
  `name` varchar(255) COLLATE utf8_unicode_ci NOT NULL,
  `last_sync` datetime NOT NULL,
  PRIMARY KEY (`id`),
  KEY `imported_ical_room_id_foreign` (`room_id`)
) ENGINE=MyISAM DEFAULT CHARSET=utf8 COLLATE=utf8_unicode_ci;
/*!40101 SET character_set_client = @saved_cs_client */;

--
-- Dumping data for table `imported_ical`
--

LOCK TABLES `imported_ical` WRITE;
/*!40000 ALTER TABLE `imported_ical` DISABLE KEYS */;
/*!40000 ALTER TABLE `imported_ical` ENABLE KEYS */;
UNLOCK TABLES;

--
-- Table structure for table `jobs`
--

DROP TABLE IF EXISTS `jobs`;
/*!40101 SET @saved_cs_client     = @@character_set_client */;
/*!40101 SET character_set_client = utf8 */;
CREATE TABLE `jobs` (
  `id` bigint(20) unsigned NOT NULL AUTO_INCREMENT,
  `queue` varchar(255) COLLATE utf8_unicode_ci NOT NULL,
  `payload` longtext COLLATE utf8_unicode_ci NOT NULL,
  `attempts` tinyint(3) unsigned NOT NULL,
  `reserved` tinyint(3) unsigned NOT NULL,
  `reserved_at` int(10) unsigned DEFAULT NULL,
  `available_at` int(10) unsigned NOT NULL,
  `created_at` int(10) unsigned NOT NULL,
  PRIMARY KEY (`id`),
  KEY `jobs_queue_reserved_reserved_at_index` (`queue`,`reserved`,`reserved_at`)
) ENGINE=MyISAM AUTO_INCREMENT=24 DEFAULT CHARSET=utf8 COLLATE=utf8_unicode_ci;
/*!40101 SET character_set_client = @saved_cs_client */;

--
-- Dumping data for table `jobs`
--

LOCK TABLES `jobs` WRITE;
/*!40000 ALTER TABLE `jobs` DISABLE KEYS */;
INSERT INTO `jobs` VALUES (1,'default','{\"job\":\"mailer@handleQueuedMessage\",\"data\":{\"view\":\"emails.email_confirm\",\"data\":{\"first_name\":\"Bryan\",\"email\":\"bryangiray@gmail.com\",\"token\":\"6GRQ9uWudB4wAypYQm7IrjzjiexZIKpwTeivT7k1lKCJ6WOEfnKpLjJX4ocNmHRVDcbeAyM1dgbQwKWGGLZPKEKPAhDs0odFN7fd\",\"type\":\"welcome\",\"url\":\"http:\\/\\/addadesk.cartmonkey.com\\/\"},\"callback\":\"C:32:\\\"SuperClosure\\\\SerializableClosure\\\":556:{a:5:{s:4:\\\"code\\\";s:137:\\\"function ($message) use($data) {\\n    $message->to($data[\'email\'], $data[\'first_name\'])->subject(\'Please confirm your e-mail address\');\\n};\\\";s:7:\\\"context\\\";a:1:{s:4:\\\"data\\\";a:5:{s:10:\\\"first_name\\\";s:5:\\\"Bryan\\\";s:5:\\\"email\\\";s:20:\\\"bryangiray@gmail.com\\\";s:5:\\\"token\\\";s:100:\\\"6GRQ9uWudB4wAypYQm7IrjzjiexZIKpwTeivT7k1lKCJ6WOEfnKpLjJX4ocNmHRVDcbeAyM1dgbQwKWGGLZPKEKPAhDs0odFN7fd\\\";s:4:\\\"type\\\";s:7:\\\"welcome\\\";s:3:\\\"url\\\";s:31:\\\"http:\\/\\/addadesk.cartmonkey.com\\/\\\";}}s:7:\\\"binding\\\";N;s:5:\\\"scope\\\";s:36:\\\"App\\\\Http\\\\Controllers\\\\EmailController\\\";s:8:\\\"isStatic\\\";b:0;}}\"}}',0,0,NULL,1471045647,1471045647),(2,'default','{\"job\":\"mailer@handleQueuedMessage\",\"data\":{\"view\":\"emails.email_confirm\",\"data\":{\"first_name\":\"Cam\",\"email\":\"labs@rocksalt.com.au\",\"token\":\"UJ0Yy7VTWlaWfZPrqONPI4gEJKqNKIcmUTCuvzBEX2ZdsG7LvDfKyDZdh1eguf4FWlnB0gY3lg5S10YWLAlnUribiK3bt3EnLBbj\",\"type\":\"welcome\",\"url\":\"http:\\/\\/addadesk.cartmonkey.com\\/\"},\"callback\":\"C:32:\\\"SuperClosure\\\\SerializableClosure\\\":554:{a:5:{s:4:\\\"code\\\";s:137:\\\"function ($message) use($data) {\\n    $message->to($data[\'email\'], $data[\'first_name\'])->subject(\'Please confirm your e-mail address\');\\n};\\\";s:7:\\\"context\\\";a:1:{s:4:\\\"data\\\";a:5:{s:10:\\\"first_name\\\";s:3:\\\"Cam\\\";s:5:\\\"email\\\";s:20:\\\"labs@rocksalt.com.au\\\";s:5:\\\"token\\\";s:100:\\\"UJ0Yy7VTWlaWfZPrqONPI4gEJKqNKIcmUTCuvzBEX2ZdsG7LvDfKyDZdh1eguf4FWlnB0gY3lg5S10YWLAlnUribiK3bt3EnLBbj\\\";s:4:\\\"type\\\";s:7:\\\"welcome\\\";s:3:\\\"url\\\";s:31:\\\"http:\\/\\/addadesk.cartmonkey.com\\/\\\";}}s:7:\\\"binding\\\";N;s:5:\\\"scope\\\";s:36:\\\"App\\\\Http\\\\Controllers\\\\EmailController\\\";s:8:\\\"isStatic\\\";b:0;}}\"}}',0,0,NULL,1471065377,1471065377),(3,'default','{\"job\":\"mailer@handleQueuedMessage\",\"data\":{\"view\":\"emails.email_confirm\",\"data\":{\"first_name\":\"Debra\",\"email\":\"debbie.s@vpcart.com\",\"token\":\"OerSTJk4uj7Ohp6ofX3jRfzd8OnEcw5Uy46o3QHWZqaorQCvO2sjYS1WN05oa8aeQj6DNpinpJJp5y44SIXYiWgfIowSmok3XfCj\",\"type\":\"welcome\",\"url\":\"http:\\/\\/www.addadesk.com\\/\"},\"callback\":\"C:32:\\\"SuperClosure\\\\SerializableClosure\\\":548:{a:5:{s:4:\\\"code\\\";s:137:\\\"function ($message) use($data) {\\n    $message->to($data[\'email\'], $data[\'first_name\'])->subject(\'Please confirm your e-mail address\');\\n};\\\";s:7:\\\"context\\\";a:1:{s:4:\\\"data\\\";a:5:{s:10:\\\"first_name\\\";s:5:\\\"Debra\\\";s:5:\\\"email\\\";s:19:\\\"debbie.s@vpcart.com\\\";s:5:\\\"token\\\";s:100:\\\"OerSTJk4uj7Ohp6ofX3jRfzd8OnEcw5Uy46o3QHWZqaorQCvO2sjYS1WN05oa8aeQj6DNpinpJJp5y44SIXYiWgfIowSmok3XfCj\\\";s:4:\\\"type\\\";s:7:\\\"welcome\\\";s:3:\\\"url\\\";s:24:\\\"http:\\/\\/www.addadesk.com\\/\\\";}}s:7:\\\"binding\\\";N;s:5:\\\"scope\\\";s:36:\\\"App\\\\Http\\\\Controllers\\\\EmailController\\\";s:8:\\\"isStatic\\\";b:0;}}\"}}',0,0,NULL,1471213339,1471213339),(4,'default','{\"job\":\"mailer@handleQueuedMessage\",\"data\":{\"view\":\"emails.forgot_password\",\"data\":{\"first_name\":\"Debra\",\"token\":\"AkIRSvBTBCyeNYPJ9vbHDQlBo4wBTPjbr2eSxaK91GyT5CeWAINlzOTCgFhzLF5LeIZKIRv07vkidQZuIGiZ47W9bKNLw0fhCkyY\",\"url\":\"http:\\/\\/addadesk.com\\/\"},\"callback\":\"C:32:\\\"SuperClosure\\\\SerializableClosure\\\":2343:{a:5:{s:4:\\\"code\\\";s:118:\\\"function ($message) use($user) {\\n    $message->to($user->email, $user->first_name)->subject(\'Reset your Password\');\\n};\\\";s:7:\\\"context\\\";a:1:{s:4:\\\"user\\\";O:15:\\\"App\\\\Models\\\\User\\\":24:{s:8:\\\"\\u0000*\\u0000table\\\";s:5:\\\"users\\\";s:11:\\\"\\u0000*\\u0000fillable\\\";a:5:{i:0;s:10:\\\"first_name\\\";i:1;s:9:\\\"last_name\\\";i:2;s:5:\\\"email\\\";i:3;s:8:\\\"password\\\";i:4;s:3:\\\"dob\\\";}s:9:\\\"\\u0000*\\u0000hidden\\\";a:2:{i:0;s:8:\\\"password\\\";i:1;s:14:\\\"remember_token\\\";}s:10:\\\"\\u0000*\\u0000appends\\\";a:3:{i:0;s:7:\\\"dob_dmy\\\";i:1;s:3:\\\"age\\\";i:2;s:9:\\\"full_name\\\";}s:8:\\\"\\u0000*\\u0000dates\\\";a:1:{i:0;s:10:\\\"deleted_at\\\";}s:13:\\\"\\u0000*\\u0000connection\\\";N;s:13:\\\"\\u0000*\\u0000primaryKey\\\";s:2:\\\"id\\\";s:10:\\\"\\u0000*\\u0000perPage\\\";i:15;s:12:\\\"incrementing\\\";b:1;s:10:\\\"timestamps\\\";b:1;s:13:\\\"\\u0000*\\u0000attributes\\\";a:19:{s:2:\\\"id\\\";i:10003;s:10:\\\"first_name\\\";s:5:\\\"Debra\\\";s:9:\\\"last_name\\\";s:8:\\\"McKenzie\\\";s:5:\\\"email\\\";s:19:\\\"debbie.s@vpcart.com\\\";s:8:\\\"password\\\";s:60:\\\"$2y$10$zx4ixFejFKJkp9z\\/WzkBmuEosN80hFGVE3iwGdU7\\/MtmikigDsni2\\\";s:14:\\\"remember_token\\\";s:60:\\\"eTm3bK8PD86I6HCRDRZwZO5xOVvqF5NxsK0r0hT4LuBfrmxU3DahppeyndgZ\\\";s:3:\\\"dob\\\";s:10:\\\"1986-01-27\\\";s:6:\\\"gender\\\";s:6:\\\"Female\\\";s:4:\\\"live\\\";s:0:\\\"\\\";s:5:\\\"about\\\";s:0:\\\"\\\";s:6:\\\"school\\\";s:0:\\\"\\\";s:4:\\\"work\\\";s:0:\\\"\\\";s:8:\\\"timezone\\\";s:3:\\\"UTC\\\";s:5:\\\"fb_id\\\";s:0:\\\"\\\";s:9:\\\"google_id\\\";s:0:\\\"\\\";s:6:\\\"status\\\";s:6:\\\"Active\\\";s:10:\\\"created_at\\\";s:19:\\\"2016-08-14 22:22:18\\\";s:10:\\\"updated_at\\\";s:19:\\\"2016-08-14 23:20:49\\\";s:10:\\\"deleted_at\\\";N;}s:11:\\\"\\u0000*\\u0000original\\\";a:19:{s:2:\\\"id\\\";i:10003;s:10:\\\"first_name\\\";s:5:\\\"Debra\\\";s:9:\\\"last_name\\\";s:8:\\\"McKenzie\\\";s:5:\\\"email\\\";s:19:\\\"debbie.s@vpcart.com\\\";s:8:\\\"password\\\";s:60:\\\"$2y$10$zx4ixFejFKJkp9z\\/WzkBmuEosN80hFGVE3iwGdU7\\/MtmikigDsni2\\\";s:14:\\\"remember_token\\\";s:60:\\\"eTm3bK8PD86I6HCRDRZwZO5xOVvqF5NxsK0r0hT4LuBfrmxU3DahppeyndgZ\\\";s:3:\\\"dob\\\";s:10:\\\"1986-01-27\\\";s:6:\\\"gender\\\";s:6:\\\"Female\\\";s:4:\\\"live\\\";s:0:\\\"\\\";s:5:\\\"about\\\";s:0:\\\"\\\";s:6:\\\"school\\\";s:0:\\\"\\\";s:4:\\\"work\\\";s:0:\\\"\\\";s:8:\\\"timezone\\\";s:3:\\\"UTC\\\";s:5:\\\"fb_id\\\";s:0:\\\"\\\";s:9:\\\"google_id\\\";s:0:\\\"\\\";s:6:\\\"status\\\";s:6:\\\"Active\\\";s:10:\\\"created_at\\\";s:19:\\\"2016-08-14 22:22:18\\\";s:10:\\\"updated_at\\\";s:19:\\\"2016-08-14 23:20:49\\\";s:10:\\\"deleted_at\\\";N;}s:12:\\\"\\u0000*\\u0000relations\\\";a:0:{}s:10:\\\"\\u0000*\\u0000visible\\\";a:0:{}s:10:\\\"\\u0000*\\u0000guarded\\\";a:1:{i:0;s:1:\\\"*\\\";}s:13:\\\"\\u0000*\\u0000dateFormat\\\";N;s:8:\\\"\\u0000*\\u0000casts\\\";a:0:{}s:10:\\\"\\u0000*\\u0000touches\\\";a:0:{}s:14:\\\"\\u0000*\\u0000observables\\\";a:0:{}s:7:\\\"\\u0000*\\u0000with\\\";a:0:{}s:13:\\\"\\u0000*\\u0000morphClass\\\";N;s:6:\\\"exists\\\";b:1;s:18:\\\"wasRecentlyCreated\\\";b:0;s:16:\\\"\\u0000*\\u0000forceDeleting\\\";b:0;}}s:7:\\\"binding\\\";N;s:5:\\\"scope\\\";s:36:\\\"App\\\\Http\\\\Controllers\\\\EmailController\\\";s:8:\\\"isStatic\\\";b:0;}}\"}}',0,0,NULL,1471224135,1471224135),(5,'default','{\"job\":\"mailer@handleQueuedMessage\",\"data\":{\"view\":\"emails.email_confirm\",\"data\":{\"first_name\":\"Misha\",\"email\":\"nujestepre@throwam.com\",\"token\":\"XCJRUaEnJY9kLRJ0GcXWOTpVwQKy6jmaYv2x5ktNyjsB1ZcCR4LeADZoIU6m8SWxSzil1NKp8dDpsAR13ATUrj4d3c8eW0pnCpOa\",\"type\":\"welcome\",\"url\":\"http:\\/\\/addadesk.com\\/\"},\"callback\":\"C:32:\\\"SuperClosure\\\\SerializableClosure\\\":547:{a:5:{s:4:\\\"code\\\";s:137:\\\"function ($message) use($data) {\\n    $message->to($data[\'email\'], $data[\'first_name\'])->subject(\'Please confirm your e-mail address\');\\n};\\\";s:7:\\\"context\\\";a:1:{s:4:\\\"data\\\";a:5:{s:10:\\\"first_name\\\";s:5:\\\"Misha\\\";s:5:\\\"email\\\";s:22:\\\"nujestepre@throwam.com\\\";s:5:\\\"token\\\";s:100:\\\"XCJRUaEnJY9kLRJ0GcXWOTpVwQKy6jmaYv2x5ktNyjsB1ZcCR4LeADZoIU6m8SWxSzil1NKp8dDpsAR13ATUrj4d3c8eW0pnCpOa\\\";s:4:\\\"type\\\";s:7:\\\"welcome\\\";s:3:\\\"url\\\";s:20:\\\"http:\\/\\/addadesk.com\\/\\\";}}s:7:\\\"binding\\\";N;s:5:\\\"scope\\\";s:36:\\\"App\\\\Http\\\\Controllers\\\\EmailController\\\";s:8:\\\"isStatic\\\";b:0;}}\"}}',0,0,NULL,1471299627,1471299627),(6,'default','{\"job\":\"mailer@handleQueuedMessage\",\"data\":{\"view\":\"emails.email_confirm\",\"data\":{\"first_name\":\"Misha\",\"token\":\"hUgunLuW63DvHdY9nYrEmp85ecGYUGuaExeyd7pxp47hD1W8zWnKl18BxBEgrollcMan6jsMQFJGbG9wED5x0OWvU4rEQhF5X6pb\",\"type\":\"confirm\",\"url\":\"http:\\/\\/addadesk.com\\/\"},\"callback\":\"C:32:\\\"SuperClosure\\\\SerializableClosure\\\":2318:{a:5:{s:4:\\\"code\\\";s:133:\\\"function ($message) use($user) {\\n    $message->to($user->email, $user->first_name)->subject(\'Please confirm your e-mail address\');\\n};\\\";s:7:\\\"context\\\";a:1:{s:4:\\\"user\\\";O:15:\\\"App\\\\Models\\\\User\\\":24:{s:8:\\\"\\u0000*\\u0000table\\\";s:5:\\\"users\\\";s:11:\\\"\\u0000*\\u0000fillable\\\";a:5:{i:0;s:10:\\\"first_name\\\";i:1;s:9:\\\"last_name\\\";i:2;s:5:\\\"email\\\";i:3;s:8:\\\"password\\\";i:4;s:3:\\\"dob\\\";}s:9:\\\"\\u0000*\\u0000hidden\\\";a:2:{i:0;s:8:\\\"password\\\";i:1;s:14:\\\"remember_token\\\";}s:10:\\\"\\u0000*\\u0000appends\\\";a:3:{i:0;s:7:\\\"dob_dmy\\\";i:1;s:3:\\\"age\\\";i:2;s:9:\\\"full_name\\\";}s:8:\\\"\\u0000*\\u0000dates\\\";a:1:{i:0;s:10:\\\"deleted_at\\\";}s:13:\\\"\\u0000*\\u0000connection\\\";N;s:13:\\\"\\u0000*\\u0000primaryKey\\\";s:2:\\\"id\\\";s:10:\\\"\\u0000*\\u0000perPage\\\";i:15;s:12:\\\"incrementing\\\";b:1;s:10:\\\"timestamps\\\";b:1;s:13:\\\"\\u0000*\\u0000attributes\\\";a:19:{s:2:\\\"id\\\";i:10004;s:10:\\\"first_name\\\";s:5:\\\"Misha\\\";s:9:\\\"last_name\\\";s:7:\\\"Allcock\\\";s:5:\\\"email\\\";s:22:\\\"nujestepre@throwam.com\\\";s:8:\\\"password\\\";s:60:\\\"$2y$10$sEWxI6DI3LezhUc3CZmANuI3skCnV2rZIwJ6zI1x2SZ2\\/R22Z5cGS\\\";s:14:\\\"remember_token\\\";s:60:\\\"CyO8WesSILX0GyuSAq1zaA1SYmN3LJISJwbT9SLxGKgcOsh7X27l65gGnxpl\\\";s:3:\\\"dob\\\";s:10:\\\"1990-01-19\\\";s:6:\\\"gender\\\";N;s:4:\\\"live\\\";s:0:\\\"\\\";s:5:\\\"about\\\";s:0:\\\"\\\";s:6:\\\"school\\\";s:0:\\\"\\\";s:4:\\\"work\\\";s:0:\\\"\\\";s:8:\\\"timezone\\\";s:3:\\\"UTC\\\";s:5:\\\"fb_id\\\";s:0:\\\"\\\";s:9:\\\"google_id\\\";s:0:\\\"\\\";s:6:\\\"status\\\";N;s:10:\\\"created_at\\\";s:19:\\\"2016-08-15 22:20:25\\\";s:10:\\\"updated_at\\\";s:19:\\\"2016-08-15 22:25:21\\\";s:10:\\\"deleted_at\\\";N;}s:11:\\\"\\u0000*\\u0000original\\\";a:19:{s:2:\\\"id\\\";i:10004;s:10:\\\"first_name\\\";s:5:\\\"Misha\\\";s:9:\\\"last_name\\\";s:7:\\\"Allcock\\\";s:5:\\\"email\\\";s:22:\\\"nujestepre@throwam.com\\\";s:8:\\\"password\\\";s:60:\\\"$2y$10$sEWxI6DI3LezhUc3CZmANuI3skCnV2rZIwJ6zI1x2SZ2\\/R22Z5cGS\\\";s:14:\\\"remember_token\\\";s:60:\\\"CyO8WesSILX0GyuSAq1zaA1SYmN3LJISJwbT9SLxGKgcOsh7X27l65gGnxpl\\\";s:3:\\\"dob\\\";s:10:\\\"1990-01-19\\\";s:6:\\\"gender\\\";N;s:4:\\\"live\\\";s:0:\\\"\\\";s:5:\\\"about\\\";s:0:\\\"\\\";s:6:\\\"school\\\";s:0:\\\"\\\";s:4:\\\"work\\\";s:0:\\\"\\\";s:8:\\\"timezone\\\";s:3:\\\"UTC\\\";s:5:\\\"fb_id\\\";s:0:\\\"\\\";s:9:\\\"google_id\\\";s:0:\\\"\\\";s:6:\\\"status\\\";N;s:10:\\\"created_at\\\";s:19:\\\"2016-08-15 22:20:25\\\";s:10:\\\"updated_at\\\";s:19:\\\"2016-08-15 22:25:21\\\";s:10:\\\"deleted_at\\\";N;}s:12:\\\"\\u0000*\\u0000relations\\\";a:0:{}s:10:\\\"\\u0000*\\u0000visible\\\";a:0:{}s:10:\\\"\\u0000*\\u0000guarded\\\";a:1:{i:0;s:1:\\\"*\\\";}s:13:\\\"\\u0000*\\u0000dateFormat\\\";N;s:8:\\\"\\u0000*\\u0000casts\\\";a:0:{}s:10:\\\"\\u0000*\\u0000touches\\\";a:0:{}s:14:\\\"\\u0000*\\u0000observables\\\";a:0:{}s:7:\\\"\\u0000*\\u0000with\\\";a:0:{}s:13:\\\"\\u0000*\\u0000morphClass\\\";N;s:6:\\\"exists\\\";b:1;s:18:\\\"wasRecentlyCreated\\\";b:0;s:16:\\\"\\u0000*\\u0000forceDeleting\\\";b:0;}}s:7:\\\"binding\\\";N;s:5:\\\"scope\\\";s:36:\\\"App\\\\Http\\\\Controllers\\\\EmailController\\\";s:8:\\\"isStatic\\\";b:0;}}\"}}',0,0,NULL,1471299943,1471299943),(7,'default','{\"job\":\"mailer@handleQueuedMessage\",\"data\":{\"view\":\"emails.listed\",\"data\":{\"first_name\":\"Misha\",\"room_name\":\"Affordable office space in Brighton\",\"created_time\":\"Aug 15 at 10:40 PM\",\"room_id\":10005,\"url\":\"http:\\/\\/addadesk.com\\/\"},\"callback\":\"C:32:\\\"SuperClosure\\\\SerializableClosure\\\":2545:{a:5:{s:4:\\\"code\\\";s:148:\\\"function ($message) use($user, $data) {\\n    $message->to($user->email, $user->first_name)->subject(\\\"Your space has been listed on \\\" . SITE_NAME);\\n};\\\";s:7:\\\"context\\\";a:2:{s:4:\\\"user\\\";O:15:\\\"App\\\\Models\\\\User\\\":24:{s:8:\\\"\\u0000*\\u0000table\\\";s:5:\\\"users\\\";s:11:\\\"\\u0000*\\u0000fillable\\\";a:5:{i:0;s:10:\\\"first_name\\\";i:1;s:9:\\\"last_name\\\";i:2;s:5:\\\"email\\\";i:3;s:8:\\\"password\\\";i:4;s:3:\\\"dob\\\";}s:9:\\\"\\u0000*\\u0000hidden\\\";a:2:{i:0;s:8:\\\"password\\\";i:1;s:14:\\\"remember_token\\\";}s:10:\\\"\\u0000*\\u0000appends\\\";a:3:{i:0;s:7:\\\"dob_dmy\\\";i:1;s:3:\\\"age\\\";i:2;s:9:\\\"full_name\\\";}s:8:\\\"\\u0000*\\u0000dates\\\";a:1:{i:0;s:10:\\\"deleted_at\\\";}s:13:\\\"\\u0000*\\u0000connection\\\";N;s:13:\\\"\\u0000*\\u0000primaryKey\\\";s:2:\\\"id\\\";s:10:\\\"\\u0000*\\u0000perPage\\\";i:15;s:12:\\\"incrementing\\\";b:1;s:10:\\\"timestamps\\\";b:1;s:13:\\\"\\u0000*\\u0000attributes\\\";a:19:{s:2:\\\"id\\\";i:10004;s:10:\\\"first_name\\\";s:5:\\\"Misha\\\";s:9:\\\"last_name\\\";s:7:\\\"Allcock\\\";s:5:\\\"email\\\";s:22:\\\"nujestepre@throwam.com\\\";s:8:\\\"password\\\";s:60:\\\"$2y$10$sEWxI6DI3LezhUc3CZmANuI3skCnV2rZIwJ6zI1x2SZ2\\/R22Z5cGS\\\";s:14:\\\"remember_token\\\";s:60:\\\"CyO8WesSILX0GyuSAq1zaA1SYmN3LJISJwbT9SLxGKgcOsh7X27l65gGnxpl\\\";s:3:\\\"dob\\\";s:10:\\\"1990-01-19\\\";s:6:\\\"gender\\\";N;s:4:\\\"live\\\";s:0:\\\"\\\";s:5:\\\"about\\\";s:0:\\\"\\\";s:6:\\\"school\\\";s:0:\\\"\\\";s:4:\\\"work\\\";s:0:\\\"\\\";s:8:\\\"timezone\\\";s:3:\\\"UTC\\\";s:5:\\\"fb_id\\\";s:0:\\\"\\\";s:9:\\\"google_id\\\";s:0:\\\"\\\";s:6:\\\"status\\\";N;s:10:\\\"created_at\\\";s:19:\\\"2016-08-15 22:20:25\\\";s:10:\\\"updated_at\\\";s:19:\\\"2016-08-15 22:25:21\\\";s:10:\\\"deleted_at\\\";N;}s:11:\\\"\\u0000*\\u0000original\\\";a:19:{s:2:\\\"id\\\";i:10004;s:10:\\\"first_name\\\";s:5:\\\"Misha\\\";s:9:\\\"last_name\\\";s:7:\\\"Allcock\\\";s:5:\\\"email\\\";s:22:\\\"nujestepre@throwam.com\\\";s:8:\\\"password\\\";s:60:\\\"$2y$10$sEWxI6DI3LezhUc3CZmANuI3skCnV2rZIwJ6zI1x2SZ2\\/R22Z5cGS\\\";s:14:\\\"remember_token\\\";s:60:\\\"CyO8WesSILX0GyuSAq1zaA1SYmN3LJISJwbT9SLxGKgcOsh7X27l65gGnxpl\\\";s:3:\\\"dob\\\";s:10:\\\"1990-01-19\\\";s:6:\\\"gender\\\";N;s:4:\\\"live\\\";s:0:\\\"\\\";s:5:\\\"about\\\";s:0:\\\"\\\";s:6:\\\"school\\\";s:0:\\\"\\\";s:4:\\\"work\\\";s:0:\\\"\\\";s:8:\\\"timezone\\\";s:3:\\\"UTC\\\";s:5:\\\"fb_id\\\";s:0:\\\"\\\";s:9:\\\"google_id\\\";s:0:\\\"\\\";s:6:\\\"status\\\";N;s:10:\\\"created_at\\\";s:19:\\\"2016-08-15 22:20:25\\\";s:10:\\\"updated_at\\\";s:19:\\\"2016-08-15 22:25:21\\\";s:10:\\\"deleted_at\\\";N;}s:12:\\\"\\u0000*\\u0000relations\\\";a:0:{}s:10:\\\"\\u0000*\\u0000visible\\\";a:0:{}s:10:\\\"\\u0000*\\u0000guarded\\\";a:1:{i:0;s:1:\\\"*\\\";}s:13:\\\"\\u0000*\\u0000dateFormat\\\";N;s:8:\\\"\\u0000*\\u0000casts\\\";a:0:{}s:10:\\\"\\u0000*\\u0000touches\\\";a:0:{}s:14:\\\"\\u0000*\\u0000observables\\\";a:0:{}s:7:\\\"\\u0000*\\u0000with\\\";a:0:{}s:13:\\\"\\u0000*\\u0000morphClass\\\";N;s:6:\\\"exists\\\";b:1;s:18:\\\"wasRecentlyCreated\\\";b:0;s:16:\\\"\\u0000*\\u0000forceDeleting\\\";b:0;}s:4:\\\"data\\\";a:5:{s:10:\\\"first_name\\\";s:5:\\\"Misha\\\";s:9:\\\"room_name\\\";s:35:\\\"Affordable office space in Brighton\\\";s:12:\\\"created_time\\\";s:18:\\\"Aug 15 at 10:40 PM\\\";s:7:\\\"room_id\\\";i:10005;s:3:\\\"url\\\";s:20:\\\"http:\\/\\/addadesk.com\\/\\\";}}s:7:\\\"binding\\\";N;s:5:\\\"scope\\\";s:36:\\\"App\\\\Http\\\\Controllers\\\\EmailController\\\";s:8:\\\"isStatic\\\";b:0;}}\"}}',0,0,NULL,1471300830,1471300830),(8,'default','{\"job\":\"mailer@handleQueuedMessage\",\"data\":{\"view\":\"emails.listed\",\"data\":{\"first_name\":\"Misha\",\"room_name\":\"Beautiful five person office space\",\"created_time\":\"Aug 15 at 10:52 PM\",\"room_id\":10006,\"url\":\"http:\\/\\/addadesk.com\\/\"},\"callback\":\"C:32:\\\"SuperClosure\\\\SerializableClosure\\\":2544:{a:5:{s:4:\\\"code\\\";s:148:\\\"function ($message) use($user, $data) {\\n    $message->to($user->email, $user->first_name)->subject(\\\"Your space has been listed on \\\" . SITE_NAME);\\n};\\\";s:7:\\\"context\\\";a:2:{s:4:\\\"user\\\";O:15:\\\"App\\\\Models\\\\User\\\":24:{s:8:\\\"\\u0000*\\u0000table\\\";s:5:\\\"users\\\";s:11:\\\"\\u0000*\\u0000fillable\\\";a:5:{i:0;s:10:\\\"first_name\\\";i:1;s:9:\\\"last_name\\\";i:2;s:5:\\\"email\\\";i:3;s:8:\\\"password\\\";i:4;s:3:\\\"dob\\\";}s:9:\\\"\\u0000*\\u0000hidden\\\";a:2:{i:0;s:8:\\\"password\\\";i:1;s:14:\\\"remember_token\\\";}s:10:\\\"\\u0000*\\u0000appends\\\";a:3:{i:0;s:7:\\\"dob_dmy\\\";i:1;s:3:\\\"age\\\";i:2;s:9:\\\"full_name\\\";}s:8:\\\"\\u0000*\\u0000dates\\\";a:1:{i:0;s:10:\\\"deleted_at\\\";}s:13:\\\"\\u0000*\\u0000connection\\\";N;s:13:\\\"\\u0000*\\u0000primaryKey\\\";s:2:\\\"id\\\";s:10:\\\"\\u0000*\\u0000perPage\\\";i:15;s:12:\\\"incrementing\\\";b:1;s:10:\\\"timestamps\\\";b:1;s:13:\\\"\\u0000*\\u0000attributes\\\";a:19:{s:2:\\\"id\\\";i:10004;s:10:\\\"first_name\\\";s:5:\\\"Misha\\\";s:9:\\\"last_name\\\";s:7:\\\"Allcock\\\";s:5:\\\"email\\\";s:22:\\\"nujestepre@throwam.com\\\";s:8:\\\"password\\\";s:60:\\\"$2y$10$sEWxI6DI3LezhUc3CZmANuI3skCnV2rZIwJ6zI1x2SZ2\\/R22Z5cGS\\\";s:14:\\\"remember_token\\\";s:60:\\\"CyO8WesSILX0GyuSAq1zaA1SYmN3LJISJwbT9SLxGKgcOsh7X27l65gGnxpl\\\";s:3:\\\"dob\\\";s:10:\\\"1990-01-19\\\";s:6:\\\"gender\\\";N;s:4:\\\"live\\\";s:0:\\\"\\\";s:5:\\\"about\\\";s:0:\\\"\\\";s:6:\\\"school\\\";s:0:\\\"\\\";s:4:\\\"work\\\";s:0:\\\"\\\";s:8:\\\"timezone\\\";s:3:\\\"UTC\\\";s:5:\\\"fb_id\\\";s:0:\\\"\\\";s:9:\\\"google_id\\\";s:0:\\\"\\\";s:6:\\\"status\\\";N;s:10:\\\"created_at\\\";s:19:\\\"2016-08-15 22:20:25\\\";s:10:\\\"updated_at\\\";s:19:\\\"2016-08-15 22:25:21\\\";s:10:\\\"deleted_at\\\";N;}s:11:\\\"\\u0000*\\u0000original\\\";a:19:{s:2:\\\"id\\\";i:10004;s:10:\\\"first_name\\\";s:5:\\\"Misha\\\";s:9:\\\"last_name\\\";s:7:\\\"Allcock\\\";s:5:\\\"email\\\";s:22:\\\"nujestepre@throwam.com\\\";s:8:\\\"password\\\";s:60:\\\"$2y$10$sEWxI6DI3LezhUc3CZmANuI3skCnV2rZIwJ6zI1x2SZ2\\/R22Z5cGS\\\";s:14:\\\"remember_token\\\";s:60:\\\"CyO8WesSILX0GyuSAq1zaA1SYmN3LJISJwbT9SLxGKgcOsh7X27l65gGnxpl\\\";s:3:\\\"dob\\\";s:10:\\\"1990-01-19\\\";s:6:\\\"gender\\\";N;s:4:\\\"live\\\";s:0:\\\"\\\";s:5:\\\"about\\\";s:0:\\\"\\\";s:6:\\\"school\\\";s:0:\\\"\\\";s:4:\\\"work\\\";s:0:\\\"\\\";s:8:\\\"timezone\\\";s:3:\\\"UTC\\\";s:5:\\\"fb_id\\\";s:0:\\\"\\\";s:9:\\\"google_id\\\";s:0:\\\"\\\";s:6:\\\"status\\\";N;s:10:\\\"created_at\\\";s:19:\\\"2016-08-15 22:20:25\\\";s:10:\\\"updated_at\\\";s:19:\\\"2016-08-15 22:25:21\\\";s:10:\\\"deleted_at\\\";N;}s:12:\\\"\\u0000*\\u0000relations\\\";a:0:{}s:10:\\\"\\u0000*\\u0000visible\\\";a:0:{}s:10:\\\"\\u0000*\\u0000guarded\\\";a:1:{i:0;s:1:\\\"*\\\";}s:13:\\\"\\u0000*\\u0000dateFormat\\\";N;s:8:\\\"\\u0000*\\u0000casts\\\";a:0:{}s:10:\\\"\\u0000*\\u0000touches\\\";a:0:{}s:14:\\\"\\u0000*\\u0000observables\\\";a:0:{}s:7:\\\"\\u0000*\\u0000with\\\";a:0:{}s:13:\\\"\\u0000*\\u0000morphClass\\\";N;s:6:\\\"exists\\\";b:1;s:18:\\\"wasRecentlyCreated\\\";b:0;s:16:\\\"\\u0000*\\u0000forceDeleting\\\";b:0;}s:4:\\\"data\\\";a:5:{s:10:\\\"first_name\\\";s:5:\\\"Misha\\\";s:9:\\\"room_name\\\";s:34:\\\"Beautiful five person office space\\\";s:12:\\\"created_time\\\";s:18:\\\"Aug 15 at 10:52 PM\\\";s:7:\\\"room_id\\\";i:10006;s:3:\\\"url\\\";s:20:\\\"http:\\/\\/addadesk.com\\/\\\";}}s:7:\\\"binding\\\";N;s:5:\\\"scope\\\";s:36:\\\"App\\\\Http\\\\Controllers\\\\EmailController\\\";s:8:\\\"isStatic\\\";b:0;}}\"}}',0,0,NULL,1471301532,1471301532),(9,'default','{\"job\":\"mailer@handleQueuedMessage\",\"data\":{\"view\":\"emails.email_confirm\",\"data\":{\"first_name\":\"Brandon\",\"email\":\"proslasach@throwam.com\",\"token\":\"pxZABOTurBsLJ005Mu0ht5y0SE0abyCbMqDO8J1AiXRx4BkhBHVX7DhJc95nxgmYDcoe2DrGJeGcCLNN9SdNe71aqunyxI81qLWc\",\"type\":\"welcome\",\"url\":\"http:\\/\\/addadesk.com\\/\"},\"callback\":\"C:32:\\\"SuperClosure\\\\SerializableClosure\\\":549:{a:5:{s:4:\\\"code\\\";s:137:\\\"function ($message) use($data) {\\n    $message->to($data[\'email\'], $data[\'first_name\'])->subject(\'Please confirm your e-mail address\');\\n};\\\";s:7:\\\"context\\\";a:1:{s:4:\\\"data\\\";a:5:{s:10:\\\"first_name\\\";s:7:\\\"Brandon\\\";s:5:\\\"email\\\";s:22:\\\"proslasach@throwam.com\\\";s:5:\\\"token\\\";s:100:\\\"pxZABOTurBsLJ005Mu0ht5y0SE0abyCbMqDO8J1AiXRx4BkhBHVX7DhJc95nxgmYDcoe2DrGJeGcCLNN9SdNe71aqunyxI81qLWc\\\";s:4:\\\"type\\\";s:7:\\\"welcome\\\";s:3:\\\"url\\\";s:20:\\\"http:\\/\\/addadesk.com\\/\\\";}}s:7:\\\"binding\\\";N;s:5:\\\"scope\\\";s:36:\\\"App\\\\Http\\\\Controllers\\\\EmailController\\\";s:8:\\\"isStatic\\\";b:0;}}\"}}',0,0,NULL,1471303068,1471303068),(10,'default','{\"job\":\"mailer@handleQueuedMessage\",\"data\":{\"view\":\"emails.listed\",\"data\":{\"first_name\":\"Brandon\",\"room_name\":\"Bright 2 Person Office\",\"created_time\":\"Aug 16 at 12:07 AM\",\"room_id\":10009,\"url\":\"http:\\/\\/addadesk.com\\/\"},\"callback\":\"C:32:\\\"SuperClosure\\\\SerializableClosure\\\":2402:{a:5:{s:4:\\\"code\\\";s:148:\\\"function ($message) use($user, $data) {\\n    $message->to($user->email, $user->first_name)->subject(\\\"Your space has been listed on \\\" . SITE_NAME);\\n};\\\";s:7:\\\"context\\\";a:2:{s:4:\\\"user\\\";O:15:\\\"App\\\\Models\\\\User\\\":24:{s:8:\\\"\\u0000*\\u0000table\\\";s:5:\\\"users\\\";s:11:\\\"\\u0000*\\u0000fillable\\\";a:5:{i:0;s:10:\\\"first_name\\\";i:1;s:9:\\\"last_name\\\";i:2;s:5:\\\"email\\\";i:3;s:8:\\\"password\\\";i:4;s:3:\\\"dob\\\";}s:9:\\\"\\u0000*\\u0000hidden\\\";a:2:{i:0;s:8:\\\"password\\\";i:1;s:14:\\\"remember_token\\\";}s:10:\\\"\\u0000*\\u0000appends\\\";a:3:{i:0;s:7:\\\"dob_dmy\\\";i:1;s:3:\\\"age\\\";i:2;s:9:\\\"full_name\\\";}s:8:\\\"\\u0000*\\u0000dates\\\";a:1:{i:0;s:10:\\\"deleted_at\\\";}s:13:\\\"\\u0000*\\u0000connection\\\";N;s:13:\\\"\\u0000*\\u0000primaryKey\\\";s:2:\\\"id\\\";s:10:\\\"\\u0000*\\u0000perPage\\\";i:15;s:12:\\\"incrementing\\\";b:1;s:10:\\\"timestamps\\\";b:1;s:13:\\\"\\u0000*\\u0000attributes\\\";a:19:{s:2:\\\"id\\\";i:10005;s:10:\\\"first_name\\\";s:7:\\\"Brandon\\\";s:9:\\\"last_name\\\";s:5:\\\"Allan\\\";s:5:\\\"email\\\";s:22:\\\"proslasach@throwam.com\\\";s:8:\\\"password\\\";s:60:\\\"$2y$10$Rc8FIDJUVmoBeYkVmvMJX.KxtGBPwRYb7hzJpQbrxdIMGl7pR4eFO\\\";s:14:\\\"remember_token\\\";N;s:3:\\\"dob\\\";s:10:\\\"1990-01-19\\\";s:6:\\\"gender\\\";N;s:4:\\\"live\\\";s:0:\\\"\\\";s:5:\\\"about\\\";s:0:\\\"\\\";s:6:\\\"school\\\";s:0:\\\"\\\";s:4:\\\"work\\\";s:0:\\\"\\\";s:8:\\\"timezone\\\";s:3:\\\"UTC\\\";s:5:\\\"fb_id\\\";s:0:\\\"\\\";s:9:\\\"google_id\\\";s:0:\\\"\\\";s:6:\\\"status\\\";N;s:10:\\\"created_at\\\";s:19:\\\"2016-08-15 23:17:48\\\";s:10:\\\"updated_at\\\";s:19:\\\"2016-08-15 23:17:48\\\";s:10:\\\"deleted_at\\\";N;}s:11:\\\"\\u0000*\\u0000original\\\";a:19:{s:2:\\\"id\\\";i:10005;s:10:\\\"first_name\\\";s:7:\\\"Brandon\\\";s:9:\\\"last_name\\\";s:5:\\\"Allan\\\";s:5:\\\"email\\\";s:22:\\\"proslasach@throwam.com\\\";s:8:\\\"password\\\";s:60:\\\"$2y$10$Rc8FIDJUVmoBeYkVmvMJX.KxtGBPwRYb7hzJpQbrxdIMGl7pR4eFO\\\";s:14:\\\"remember_token\\\";N;s:3:\\\"dob\\\";s:10:\\\"1990-01-19\\\";s:6:\\\"gender\\\";N;s:4:\\\"live\\\";s:0:\\\"\\\";s:5:\\\"about\\\";s:0:\\\"\\\";s:6:\\\"school\\\";s:0:\\\"\\\";s:4:\\\"work\\\";s:0:\\\"\\\";s:8:\\\"timezone\\\";s:3:\\\"UTC\\\";s:5:\\\"fb_id\\\";s:0:\\\"\\\";s:9:\\\"google_id\\\";s:0:\\\"\\\";s:6:\\\"status\\\";N;s:10:\\\"created_at\\\";s:19:\\\"2016-08-15 23:17:48\\\";s:10:\\\"updated_at\\\";s:19:\\\"2016-08-15 23:17:48\\\";s:10:\\\"deleted_at\\\";N;}s:12:\\\"\\u0000*\\u0000relations\\\";a:0:{}s:10:\\\"\\u0000*\\u0000visible\\\";a:0:{}s:10:\\\"\\u0000*\\u0000guarded\\\";a:1:{i:0;s:1:\\\"*\\\";}s:13:\\\"\\u0000*\\u0000dateFormat\\\";N;s:8:\\\"\\u0000*\\u0000casts\\\";a:0:{}s:10:\\\"\\u0000*\\u0000touches\\\";a:0:{}s:14:\\\"\\u0000*\\u0000observables\\\";a:0:{}s:7:\\\"\\u0000*\\u0000with\\\";a:0:{}s:13:\\\"\\u0000*\\u0000morphClass\\\";N;s:6:\\\"exists\\\";b:1;s:18:\\\"wasRecentlyCreated\\\";b:0;s:16:\\\"\\u0000*\\u0000forceDeleting\\\";b:0;}s:4:\\\"data\\\";a:5:{s:10:\\\"first_name\\\";s:7:\\\"Brandon\\\";s:9:\\\"room_name\\\";s:22:\\\"Bright 2 Person Office\\\";s:12:\\\"created_time\\\";s:18:\\\"Aug 16 at 12:07 AM\\\";s:7:\\\"room_id\\\";i:10009;s:3:\\\"url\\\";s:20:\\\"http:\\/\\/addadesk.com\\/\\\";}}s:7:\\\"binding\\\";N;s:5:\\\"scope\\\";s:36:\\\"App\\\\Http\\\\Controllers\\\\EmailController\\\";s:8:\\\"isStatic\\\";b:0;}}\"}}',0,0,NULL,1471306063,1471306063),(11,'default','{\"job\":\"mailer@handleQueuedMessage\",\"data\":{\"view\":\"emails.listed\",\"data\":{\"first_name\":\"Brandon\",\"room_name\":\"Private Furnished Office For 4\",\"created_time\":\"Aug 16 at 12:10 AM\",\"room_id\":10008,\"url\":\"http:\\/\\/addadesk.com\\/\"},\"callback\":\"C:32:\\\"SuperClosure\\\\SerializableClosure\\\":2410:{a:5:{s:4:\\\"code\\\";s:148:\\\"function ($message) use($user, $data) {\\n    $message->to($user->email, $user->first_name)->subject(\\\"Your space has been listed on \\\" . SITE_NAME);\\n};\\\";s:7:\\\"context\\\";a:2:{s:4:\\\"user\\\";O:15:\\\"App\\\\Models\\\\User\\\":24:{s:8:\\\"\\u0000*\\u0000table\\\";s:5:\\\"users\\\";s:11:\\\"\\u0000*\\u0000fillable\\\";a:5:{i:0;s:10:\\\"first_name\\\";i:1;s:9:\\\"last_name\\\";i:2;s:5:\\\"email\\\";i:3;s:8:\\\"password\\\";i:4;s:3:\\\"dob\\\";}s:9:\\\"\\u0000*\\u0000hidden\\\";a:2:{i:0;s:8:\\\"password\\\";i:1;s:14:\\\"remember_token\\\";}s:10:\\\"\\u0000*\\u0000appends\\\";a:3:{i:0;s:7:\\\"dob_dmy\\\";i:1;s:3:\\\"age\\\";i:2;s:9:\\\"full_name\\\";}s:8:\\\"\\u0000*\\u0000dates\\\";a:1:{i:0;s:10:\\\"deleted_at\\\";}s:13:\\\"\\u0000*\\u0000connection\\\";N;s:13:\\\"\\u0000*\\u0000primaryKey\\\";s:2:\\\"id\\\";s:10:\\\"\\u0000*\\u0000perPage\\\";i:15;s:12:\\\"incrementing\\\";b:1;s:10:\\\"timestamps\\\";b:1;s:13:\\\"\\u0000*\\u0000attributes\\\";a:19:{s:2:\\\"id\\\";i:10005;s:10:\\\"first_name\\\";s:7:\\\"Brandon\\\";s:9:\\\"last_name\\\";s:5:\\\"Allan\\\";s:5:\\\"email\\\";s:22:\\\"proslasach@throwam.com\\\";s:8:\\\"password\\\";s:60:\\\"$2y$10$Rc8FIDJUVmoBeYkVmvMJX.KxtGBPwRYb7hzJpQbrxdIMGl7pR4eFO\\\";s:14:\\\"remember_token\\\";N;s:3:\\\"dob\\\";s:10:\\\"1990-01-19\\\";s:6:\\\"gender\\\";N;s:4:\\\"live\\\";s:0:\\\"\\\";s:5:\\\"about\\\";s:0:\\\"\\\";s:6:\\\"school\\\";s:0:\\\"\\\";s:4:\\\"work\\\";s:0:\\\"\\\";s:8:\\\"timezone\\\";s:3:\\\"UTC\\\";s:5:\\\"fb_id\\\";s:0:\\\"\\\";s:9:\\\"google_id\\\";s:0:\\\"\\\";s:6:\\\"status\\\";N;s:10:\\\"created_at\\\";s:19:\\\"2016-08-15 23:17:48\\\";s:10:\\\"updated_at\\\";s:19:\\\"2016-08-15 23:17:48\\\";s:10:\\\"deleted_at\\\";N;}s:11:\\\"\\u0000*\\u0000original\\\";a:19:{s:2:\\\"id\\\";i:10005;s:10:\\\"first_name\\\";s:7:\\\"Brandon\\\";s:9:\\\"last_name\\\";s:5:\\\"Allan\\\";s:5:\\\"email\\\";s:22:\\\"proslasach@throwam.com\\\";s:8:\\\"password\\\";s:60:\\\"$2y$10$Rc8FIDJUVmoBeYkVmvMJX.KxtGBPwRYb7hzJpQbrxdIMGl7pR4eFO\\\";s:14:\\\"remember_token\\\";N;s:3:\\\"dob\\\";s:10:\\\"1990-01-19\\\";s:6:\\\"gender\\\";N;s:4:\\\"live\\\";s:0:\\\"\\\";s:5:\\\"about\\\";s:0:\\\"\\\";s:6:\\\"school\\\";s:0:\\\"\\\";s:4:\\\"work\\\";s:0:\\\"\\\";s:8:\\\"timezone\\\";s:3:\\\"UTC\\\";s:5:\\\"fb_id\\\";s:0:\\\"\\\";s:9:\\\"google_id\\\";s:0:\\\"\\\";s:6:\\\"status\\\";N;s:10:\\\"created_at\\\";s:19:\\\"2016-08-15 23:17:48\\\";s:10:\\\"updated_at\\\";s:19:\\\"2016-08-15 23:17:48\\\";s:10:\\\"deleted_at\\\";N;}s:12:\\\"\\u0000*\\u0000relations\\\";a:0:{}s:10:\\\"\\u0000*\\u0000visible\\\";a:0:{}s:10:\\\"\\u0000*\\u0000guarded\\\";a:1:{i:0;s:1:\\\"*\\\";}s:13:\\\"\\u0000*\\u0000dateFormat\\\";N;s:8:\\\"\\u0000*\\u0000casts\\\";a:0:{}s:10:\\\"\\u0000*\\u0000touches\\\";a:0:{}s:14:\\\"\\u0000*\\u0000observables\\\";a:0:{}s:7:\\\"\\u0000*\\u0000with\\\";a:0:{}s:13:\\\"\\u0000*\\u0000morphClass\\\";N;s:6:\\\"exists\\\";b:1;s:18:\\\"wasRecentlyCreated\\\";b:0;s:16:\\\"\\u0000*\\u0000forceDeleting\\\";b:0;}s:4:\\\"data\\\";a:5:{s:10:\\\"first_name\\\";s:7:\\\"Brandon\\\";s:9:\\\"room_name\\\";s:30:\\\"Private Furnished Office For 4\\\";s:12:\\\"created_time\\\";s:18:\\\"Aug 16 at 12:10 AM\\\";s:7:\\\"room_id\\\";i:10008;s:3:\\\"url\\\";s:20:\\\"http:\\/\\/addadesk.com\\/\\\";}}s:7:\\\"binding\\\";N;s:5:\\\"scope\\\";s:36:\\\"App\\\\Http\\\\Controllers\\\\EmailController\\\";s:8:\\\"isStatic\\\";b:0;}}\"}}',0,0,NULL,1471306230,1471306230),(12,'default','{\"job\":\"mailer@handleQueuedMessage\",\"data\":{\"view\":\"emails.listed\",\"data\":{\"first_name\":\"Brandon\",\"room_name\":\"Fantastic Brighton Office for 2\",\"created_time\":\"Aug 16 at 12:32 AM\",\"room_id\":10010,\"url\":\"http:\\/\\/addadesk.com\\/\"},\"callback\":\"C:32:\\\"SuperClosure\\\\SerializableClosure\\\":2411:{a:5:{s:4:\\\"code\\\";s:148:\\\"function ($message) use($user, $data) {\\n    $message->to($user->email, $user->first_name)->subject(\\\"Your space has been listed on \\\" . SITE_NAME);\\n};\\\";s:7:\\\"context\\\";a:2:{s:4:\\\"user\\\";O:15:\\\"App\\\\Models\\\\User\\\":24:{s:8:\\\"\\u0000*\\u0000table\\\";s:5:\\\"users\\\";s:11:\\\"\\u0000*\\u0000fillable\\\";a:5:{i:0;s:10:\\\"first_name\\\";i:1;s:9:\\\"last_name\\\";i:2;s:5:\\\"email\\\";i:3;s:8:\\\"password\\\";i:4;s:3:\\\"dob\\\";}s:9:\\\"\\u0000*\\u0000hidden\\\";a:2:{i:0;s:8:\\\"password\\\";i:1;s:14:\\\"remember_token\\\";}s:10:\\\"\\u0000*\\u0000appends\\\";a:3:{i:0;s:7:\\\"dob_dmy\\\";i:1;s:3:\\\"age\\\";i:2;s:9:\\\"full_name\\\";}s:8:\\\"\\u0000*\\u0000dates\\\";a:1:{i:0;s:10:\\\"deleted_at\\\";}s:13:\\\"\\u0000*\\u0000connection\\\";N;s:13:\\\"\\u0000*\\u0000primaryKey\\\";s:2:\\\"id\\\";s:10:\\\"\\u0000*\\u0000perPage\\\";i:15;s:12:\\\"incrementing\\\";b:1;s:10:\\\"timestamps\\\";b:1;s:13:\\\"\\u0000*\\u0000attributes\\\";a:19:{s:2:\\\"id\\\";i:10005;s:10:\\\"first_name\\\";s:7:\\\"Brandon\\\";s:9:\\\"last_name\\\";s:5:\\\"Allan\\\";s:5:\\\"email\\\";s:22:\\\"proslasach@throwam.com\\\";s:8:\\\"password\\\";s:60:\\\"$2y$10$Rc8FIDJUVmoBeYkVmvMJX.KxtGBPwRYb7hzJpQbrxdIMGl7pR4eFO\\\";s:14:\\\"remember_token\\\";N;s:3:\\\"dob\\\";s:10:\\\"1990-01-19\\\";s:6:\\\"gender\\\";N;s:4:\\\"live\\\";s:0:\\\"\\\";s:5:\\\"about\\\";s:0:\\\"\\\";s:6:\\\"school\\\";s:0:\\\"\\\";s:4:\\\"work\\\";s:0:\\\"\\\";s:8:\\\"timezone\\\";s:3:\\\"UTC\\\";s:5:\\\"fb_id\\\";s:0:\\\"\\\";s:9:\\\"google_id\\\";s:0:\\\"\\\";s:6:\\\"status\\\";N;s:10:\\\"created_at\\\";s:19:\\\"2016-08-15 23:17:48\\\";s:10:\\\"updated_at\\\";s:19:\\\"2016-08-15 23:17:48\\\";s:10:\\\"deleted_at\\\";N;}s:11:\\\"\\u0000*\\u0000original\\\";a:19:{s:2:\\\"id\\\";i:10005;s:10:\\\"first_name\\\";s:7:\\\"Brandon\\\";s:9:\\\"last_name\\\";s:5:\\\"Allan\\\";s:5:\\\"email\\\";s:22:\\\"proslasach@throwam.com\\\";s:8:\\\"password\\\";s:60:\\\"$2y$10$Rc8FIDJUVmoBeYkVmvMJX.KxtGBPwRYb7hzJpQbrxdIMGl7pR4eFO\\\";s:14:\\\"remember_token\\\";N;s:3:\\\"dob\\\";s:10:\\\"1990-01-19\\\";s:6:\\\"gender\\\";N;s:4:\\\"live\\\";s:0:\\\"\\\";s:5:\\\"about\\\";s:0:\\\"\\\";s:6:\\\"school\\\";s:0:\\\"\\\";s:4:\\\"work\\\";s:0:\\\"\\\";s:8:\\\"timezone\\\";s:3:\\\"UTC\\\";s:5:\\\"fb_id\\\";s:0:\\\"\\\";s:9:\\\"google_id\\\";s:0:\\\"\\\";s:6:\\\"status\\\";N;s:10:\\\"created_at\\\";s:19:\\\"2016-08-15 23:17:48\\\";s:10:\\\"updated_at\\\";s:19:\\\"2016-08-15 23:17:48\\\";s:10:\\\"deleted_at\\\";N;}s:12:\\\"\\u0000*\\u0000relations\\\";a:0:{}s:10:\\\"\\u0000*\\u0000visible\\\";a:0:{}s:10:\\\"\\u0000*\\u0000guarded\\\";a:1:{i:0;s:1:\\\"*\\\";}s:13:\\\"\\u0000*\\u0000dateFormat\\\";N;s:8:\\\"\\u0000*\\u0000casts\\\";a:0:{}s:10:\\\"\\u0000*\\u0000touches\\\";a:0:{}s:14:\\\"\\u0000*\\u0000observables\\\";a:0:{}s:7:\\\"\\u0000*\\u0000with\\\";a:0:{}s:13:\\\"\\u0000*\\u0000morphClass\\\";N;s:6:\\\"exists\\\";b:1;s:18:\\\"wasRecentlyCreated\\\";b:0;s:16:\\\"\\u0000*\\u0000forceDeleting\\\";b:0;}s:4:\\\"data\\\";a:5:{s:10:\\\"first_name\\\";s:7:\\\"Brandon\\\";s:9:\\\"room_name\\\";s:31:\\\"Fantastic Brighton Office for 2\\\";s:12:\\\"created_time\\\";s:18:\\\"Aug 16 at 12:32 AM\\\";s:7:\\\"room_id\\\";i:10010;s:3:\\\"url\\\";s:20:\\\"http:\\/\\/addadesk.com\\/\\\";}}s:7:\\\"binding\\\";N;s:5:\\\"scope\\\";s:36:\\\"App\\\\Http\\\\Controllers\\\\EmailController\\\";s:8:\\\"isStatic\\\";b:0;}}\"}}',0,0,NULL,1471307528,1471307528),(13,'default','{\"job\":\"mailer@handleQueuedMessage\",\"data\":{\"view\":\"emails.listed\",\"data\":{\"first_name\":\"Brandon\",\"room_name\":\"Light filled private office for 5\",\"created_time\":\"Aug 16 at 01:10 AM\",\"room_id\":10011,\"url\":\"http:\\/\\/addadesk.com\\/\"},\"callback\":\"C:32:\\\"SuperClosure\\\\SerializableClosure\\\":2413:{a:5:{s:4:\\\"code\\\";s:148:\\\"function ($message) use($user, $data) {\\n    $message->to($user->email, $user->first_name)->subject(\\\"Your space has been listed on \\\" . SITE_NAME);\\n};\\\";s:7:\\\"context\\\";a:2:{s:4:\\\"user\\\";O:15:\\\"App\\\\Models\\\\User\\\":24:{s:8:\\\"\\u0000*\\u0000table\\\";s:5:\\\"users\\\";s:11:\\\"\\u0000*\\u0000fillable\\\";a:5:{i:0;s:10:\\\"first_name\\\";i:1;s:9:\\\"last_name\\\";i:2;s:5:\\\"email\\\";i:3;s:8:\\\"password\\\";i:4;s:3:\\\"dob\\\";}s:9:\\\"\\u0000*\\u0000hidden\\\";a:2:{i:0;s:8:\\\"password\\\";i:1;s:14:\\\"remember_token\\\";}s:10:\\\"\\u0000*\\u0000appends\\\";a:3:{i:0;s:7:\\\"dob_dmy\\\";i:1;s:3:\\\"age\\\";i:2;s:9:\\\"full_name\\\";}s:8:\\\"\\u0000*\\u0000dates\\\";a:1:{i:0;s:10:\\\"deleted_at\\\";}s:13:\\\"\\u0000*\\u0000connection\\\";N;s:13:\\\"\\u0000*\\u0000primaryKey\\\";s:2:\\\"id\\\";s:10:\\\"\\u0000*\\u0000perPage\\\";i:15;s:12:\\\"incrementing\\\";b:1;s:10:\\\"timestamps\\\";b:1;s:13:\\\"\\u0000*\\u0000attributes\\\";a:19:{s:2:\\\"id\\\";i:10005;s:10:\\\"first_name\\\";s:7:\\\"Brandon\\\";s:9:\\\"last_name\\\";s:5:\\\"Allan\\\";s:5:\\\"email\\\";s:22:\\\"proslasach@throwam.com\\\";s:8:\\\"password\\\";s:60:\\\"$2y$10$Rc8FIDJUVmoBeYkVmvMJX.KxtGBPwRYb7hzJpQbrxdIMGl7pR4eFO\\\";s:14:\\\"remember_token\\\";N;s:3:\\\"dob\\\";s:10:\\\"1990-01-19\\\";s:6:\\\"gender\\\";N;s:4:\\\"live\\\";s:0:\\\"\\\";s:5:\\\"about\\\";s:0:\\\"\\\";s:6:\\\"school\\\";s:0:\\\"\\\";s:4:\\\"work\\\";s:0:\\\"\\\";s:8:\\\"timezone\\\";s:3:\\\"UTC\\\";s:5:\\\"fb_id\\\";s:0:\\\"\\\";s:9:\\\"google_id\\\";s:0:\\\"\\\";s:6:\\\"status\\\";N;s:10:\\\"created_at\\\";s:19:\\\"2016-08-15 23:17:48\\\";s:10:\\\"updated_at\\\";s:19:\\\"2016-08-15 23:17:48\\\";s:10:\\\"deleted_at\\\";N;}s:11:\\\"\\u0000*\\u0000original\\\";a:19:{s:2:\\\"id\\\";i:10005;s:10:\\\"first_name\\\";s:7:\\\"Brandon\\\";s:9:\\\"last_name\\\";s:5:\\\"Allan\\\";s:5:\\\"email\\\";s:22:\\\"proslasach@throwam.com\\\";s:8:\\\"password\\\";s:60:\\\"$2y$10$Rc8FIDJUVmoBeYkVmvMJX.KxtGBPwRYb7hzJpQbrxdIMGl7pR4eFO\\\";s:14:\\\"remember_token\\\";N;s:3:\\\"dob\\\";s:10:\\\"1990-01-19\\\";s:6:\\\"gender\\\";N;s:4:\\\"live\\\";s:0:\\\"\\\";s:5:\\\"about\\\";s:0:\\\"\\\";s:6:\\\"school\\\";s:0:\\\"\\\";s:4:\\\"work\\\";s:0:\\\"\\\";s:8:\\\"timezone\\\";s:3:\\\"UTC\\\";s:5:\\\"fb_id\\\";s:0:\\\"\\\";s:9:\\\"google_id\\\";s:0:\\\"\\\";s:6:\\\"status\\\";N;s:10:\\\"created_at\\\";s:19:\\\"2016-08-15 23:17:48\\\";s:10:\\\"updated_at\\\";s:19:\\\"2016-08-15 23:17:48\\\";s:10:\\\"deleted_at\\\";N;}s:12:\\\"\\u0000*\\u0000relations\\\";a:0:{}s:10:\\\"\\u0000*\\u0000visible\\\";a:0:{}s:10:\\\"\\u0000*\\u0000guarded\\\";a:1:{i:0;s:1:\\\"*\\\";}s:13:\\\"\\u0000*\\u0000dateFormat\\\";N;s:8:\\\"\\u0000*\\u0000casts\\\";a:0:{}s:10:\\\"\\u0000*\\u0000touches\\\";a:0:{}s:14:\\\"\\u0000*\\u0000observables\\\";a:0:{}s:7:\\\"\\u0000*\\u0000with\\\";a:0:{}s:13:\\\"\\u0000*\\u0000morphClass\\\";N;s:6:\\\"exists\\\";b:1;s:18:\\\"wasRecentlyCreated\\\";b:0;s:16:\\\"\\u0000*\\u0000forceDeleting\\\";b:0;}s:4:\\\"data\\\";a:5:{s:10:\\\"first_name\\\";s:7:\\\"Brandon\\\";s:9:\\\"room_name\\\";s:33:\\\"Light filled private office for 5\\\";s:12:\\\"created_time\\\";s:18:\\\"Aug 16 at 01:10 AM\\\";s:7:\\\"room_id\\\";i:10011;s:3:\\\"url\\\";s:20:\\\"http:\\/\\/addadesk.com\\/\\\";}}s:7:\\\"binding\\\";N;s:5:\\\"scope\\\";s:36:\\\"App\\\\Http\\\\Controllers\\\\EmailController\\\";s:8:\\\"isStatic\\\";b:0;}}\"}}',0,0,NULL,1471309824,1471309824),(14,'default','{\"job\":\"mailer@handleQueuedMessage\",\"data\":{\"view\":\"emails.listed\",\"data\":{\"first_name\":\"Brandon\",\"room_name\":\"Light filled private office for 5\",\"created_time\":\"Aug 16 at 02:34 AM\",\"room_id\":10012,\"url\":\"http:\\/\\/addadesk.com\\/\"},\"callback\":\"C:32:\\\"SuperClosure\\\\SerializableClosure\\\":2413:{a:5:{s:4:\\\"code\\\";s:148:\\\"function ($message) use($user, $data) {\\n    $message->to($user->email, $user->first_name)->subject(\\\"Your space has been listed on \\\" . SITE_NAME);\\n};\\\";s:7:\\\"context\\\";a:2:{s:4:\\\"user\\\";O:15:\\\"App\\\\Models\\\\User\\\":24:{s:8:\\\"\\u0000*\\u0000table\\\";s:5:\\\"users\\\";s:11:\\\"\\u0000*\\u0000fillable\\\";a:5:{i:0;s:10:\\\"first_name\\\";i:1;s:9:\\\"last_name\\\";i:2;s:5:\\\"email\\\";i:3;s:8:\\\"password\\\";i:4;s:3:\\\"dob\\\";}s:9:\\\"\\u0000*\\u0000hidden\\\";a:2:{i:0;s:8:\\\"password\\\";i:1;s:14:\\\"remember_token\\\";}s:10:\\\"\\u0000*\\u0000appends\\\";a:3:{i:0;s:7:\\\"dob_dmy\\\";i:1;s:3:\\\"age\\\";i:2;s:9:\\\"full_name\\\";}s:8:\\\"\\u0000*\\u0000dates\\\";a:1:{i:0;s:10:\\\"deleted_at\\\";}s:13:\\\"\\u0000*\\u0000connection\\\";N;s:13:\\\"\\u0000*\\u0000primaryKey\\\";s:2:\\\"id\\\";s:10:\\\"\\u0000*\\u0000perPage\\\";i:15;s:12:\\\"incrementing\\\";b:1;s:10:\\\"timestamps\\\";b:1;s:13:\\\"\\u0000*\\u0000attributes\\\";a:19:{s:2:\\\"id\\\";i:10005;s:10:\\\"first_name\\\";s:7:\\\"Brandon\\\";s:9:\\\"last_name\\\";s:5:\\\"Allan\\\";s:5:\\\"email\\\";s:22:\\\"proslasach@throwam.com\\\";s:8:\\\"password\\\";s:60:\\\"$2y$10$Rc8FIDJUVmoBeYkVmvMJX.KxtGBPwRYb7hzJpQbrxdIMGl7pR4eFO\\\";s:14:\\\"remember_token\\\";N;s:3:\\\"dob\\\";s:10:\\\"1990-01-19\\\";s:6:\\\"gender\\\";N;s:4:\\\"live\\\";s:0:\\\"\\\";s:5:\\\"about\\\";s:0:\\\"\\\";s:6:\\\"school\\\";s:0:\\\"\\\";s:4:\\\"work\\\";s:0:\\\"\\\";s:8:\\\"timezone\\\";s:3:\\\"UTC\\\";s:5:\\\"fb_id\\\";s:0:\\\"\\\";s:9:\\\"google_id\\\";s:0:\\\"\\\";s:6:\\\"status\\\";N;s:10:\\\"created_at\\\";s:19:\\\"2016-08-15 23:17:48\\\";s:10:\\\"updated_at\\\";s:19:\\\"2016-08-15 23:17:48\\\";s:10:\\\"deleted_at\\\";N;}s:11:\\\"\\u0000*\\u0000original\\\";a:19:{s:2:\\\"id\\\";i:10005;s:10:\\\"first_name\\\";s:7:\\\"Brandon\\\";s:9:\\\"last_name\\\";s:5:\\\"Allan\\\";s:5:\\\"email\\\";s:22:\\\"proslasach@throwam.com\\\";s:8:\\\"password\\\";s:60:\\\"$2y$10$Rc8FIDJUVmoBeYkVmvMJX.KxtGBPwRYb7hzJpQbrxdIMGl7pR4eFO\\\";s:14:\\\"remember_token\\\";N;s:3:\\\"dob\\\";s:10:\\\"1990-01-19\\\";s:6:\\\"gender\\\";N;s:4:\\\"live\\\";s:0:\\\"\\\";s:5:\\\"about\\\";s:0:\\\"\\\";s:6:\\\"school\\\";s:0:\\\"\\\";s:4:\\\"work\\\";s:0:\\\"\\\";s:8:\\\"timezone\\\";s:3:\\\"UTC\\\";s:5:\\\"fb_id\\\";s:0:\\\"\\\";s:9:\\\"google_id\\\";s:0:\\\"\\\";s:6:\\\"status\\\";N;s:10:\\\"created_at\\\";s:19:\\\"2016-08-15 23:17:48\\\";s:10:\\\"updated_at\\\";s:19:\\\"2016-08-15 23:17:48\\\";s:10:\\\"deleted_at\\\";N;}s:12:\\\"\\u0000*\\u0000relations\\\";a:0:{}s:10:\\\"\\u0000*\\u0000visible\\\";a:0:{}s:10:\\\"\\u0000*\\u0000guarded\\\";a:1:{i:0;s:1:\\\"*\\\";}s:13:\\\"\\u0000*\\u0000dateFormat\\\";N;s:8:\\\"\\u0000*\\u0000casts\\\";a:0:{}s:10:\\\"\\u0000*\\u0000touches\\\";a:0:{}s:14:\\\"\\u0000*\\u0000observables\\\";a:0:{}s:7:\\\"\\u0000*\\u0000with\\\";a:0:{}s:13:\\\"\\u0000*\\u0000morphClass\\\";N;s:6:\\\"exists\\\";b:1;s:18:\\\"wasRecentlyCreated\\\";b:0;s:16:\\\"\\u0000*\\u0000forceDeleting\\\";b:0;}s:4:\\\"data\\\";a:5:{s:10:\\\"first_name\\\";s:7:\\\"Brandon\\\";s:9:\\\"room_name\\\";s:33:\\\"Light filled private office for 5\\\";s:12:\\\"created_time\\\";s:18:\\\"Aug 16 at 02:34 AM\\\";s:7:\\\"room_id\\\";i:10012;s:3:\\\"url\\\";s:20:\\\"http:\\/\\/addadesk.com\\/\\\";}}s:7:\\\"binding\\\";N;s:5:\\\"scope\\\";s:36:\\\"App\\\\Http\\\\Controllers\\\\EmailController\\\";s:8:\\\"isStatic\\\";b:0;}}\"}}',0,0,NULL,1471314847,1471314847),(15,'default','{\"job\":\"mailer@handleQueuedMessage\",\"data\":{\"view\":\"emails.listed\",\"data\":{\"first_name\":\"Brandon\",\"room_name\":\"Private Office Near Beach For 3  \",\"created_time\":\"Aug 16 at 02:45 AM\",\"room_id\":10013,\"url\":\"http:\\/\\/addadesk.com\\/\"},\"callback\":\"C:32:\\\"SuperClosure\\\\SerializableClosure\\\":2413:{a:5:{s:4:\\\"code\\\";s:148:\\\"function ($message) use($user, $data) {\\n    $message->to($user->email, $user->first_name)->subject(\\\"Your space has been listed on \\\" . SITE_NAME);\\n};\\\";s:7:\\\"context\\\";a:2:{s:4:\\\"user\\\";O:15:\\\"App\\\\Models\\\\User\\\":24:{s:8:\\\"\\u0000*\\u0000table\\\";s:5:\\\"users\\\";s:11:\\\"\\u0000*\\u0000fillable\\\";a:5:{i:0;s:10:\\\"first_name\\\";i:1;s:9:\\\"last_name\\\";i:2;s:5:\\\"email\\\";i:3;s:8:\\\"password\\\";i:4;s:3:\\\"dob\\\";}s:9:\\\"\\u0000*\\u0000hidden\\\";a:2:{i:0;s:8:\\\"password\\\";i:1;s:14:\\\"remember_token\\\";}s:10:\\\"\\u0000*\\u0000appends\\\";a:3:{i:0;s:7:\\\"dob_dmy\\\";i:1;s:3:\\\"age\\\";i:2;s:9:\\\"full_name\\\";}s:8:\\\"\\u0000*\\u0000dates\\\";a:1:{i:0;s:10:\\\"deleted_at\\\";}s:13:\\\"\\u0000*\\u0000connection\\\";N;s:13:\\\"\\u0000*\\u0000primaryKey\\\";s:2:\\\"id\\\";s:10:\\\"\\u0000*\\u0000perPage\\\";i:15;s:12:\\\"incrementing\\\";b:1;s:10:\\\"timestamps\\\";b:1;s:13:\\\"\\u0000*\\u0000attributes\\\";a:19:{s:2:\\\"id\\\";i:10005;s:10:\\\"first_name\\\";s:7:\\\"Brandon\\\";s:9:\\\"last_name\\\";s:5:\\\"Allan\\\";s:5:\\\"email\\\";s:22:\\\"proslasach@throwam.com\\\";s:8:\\\"password\\\";s:60:\\\"$2y$10$Rc8FIDJUVmoBeYkVmvMJX.KxtGBPwRYb7hzJpQbrxdIMGl7pR4eFO\\\";s:14:\\\"remember_token\\\";N;s:3:\\\"dob\\\";s:10:\\\"1990-01-19\\\";s:6:\\\"gender\\\";N;s:4:\\\"live\\\";s:0:\\\"\\\";s:5:\\\"about\\\";s:0:\\\"\\\";s:6:\\\"school\\\";s:0:\\\"\\\";s:4:\\\"work\\\";s:0:\\\"\\\";s:8:\\\"timezone\\\";s:3:\\\"UTC\\\";s:5:\\\"fb_id\\\";s:0:\\\"\\\";s:9:\\\"google_id\\\";s:0:\\\"\\\";s:6:\\\"status\\\";N;s:10:\\\"created_at\\\";s:19:\\\"2016-08-15 23:17:48\\\";s:10:\\\"updated_at\\\";s:19:\\\"2016-08-15 23:17:48\\\";s:10:\\\"deleted_at\\\";N;}s:11:\\\"\\u0000*\\u0000original\\\";a:19:{s:2:\\\"id\\\";i:10005;s:10:\\\"first_name\\\";s:7:\\\"Brandon\\\";s:9:\\\"last_name\\\";s:5:\\\"Allan\\\";s:5:\\\"email\\\";s:22:\\\"proslasach@throwam.com\\\";s:8:\\\"password\\\";s:60:\\\"$2y$10$Rc8FIDJUVmoBeYkVmvMJX.KxtGBPwRYb7hzJpQbrxdIMGl7pR4eFO\\\";s:14:\\\"remember_token\\\";N;s:3:\\\"dob\\\";s:10:\\\"1990-01-19\\\";s:6:\\\"gender\\\";N;s:4:\\\"live\\\";s:0:\\\"\\\";s:5:\\\"about\\\";s:0:\\\"\\\";s:6:\\\"school\\\";s:0:\\\"\\\";s:4:\\\"work\\\";s:0:\\\"\\\";s:8:\\\"timezone\\\";s:3:\\\"UTC\\\";s:5:\\\"fb_id\\\";s:0:\\\"\\\";s:9:\\\"google_id\\\";s:0:\\\"\\\";s:6:\\\"status\\\";N;s:10:\\\"created_at\\\";s:19:\\\"2016-08-15 23:17:48\\\";s:10:\\\"updated_at\\\";s:19:\\\"2016-08-15 23:17:48\\\";s:10:\\\"deleted_at\\\";N;}s:12:\\\"\\u0000*\\u0000relations\\\";a:0:{}s:10:\\\"\\u0000*\\u0000visible\\\";a:0:{}s:10:\\\"\\u0000*\\u0000guarded\\\";a:1:{i:0;s:1:\\\"*\\\";}s:13:\\\"\\u0000*\\u0000dateFormat\\\";N;s:8:\\\"\\u0000*\\u0000casts\\\";a:0:{}s:10:\\\"\\u0000*\\u0000touches\\\";a:0:{}s:14:\\\"\\u0000*\\u0000observables\\\";a:0:{}s:7:\\\"\\u0000*\\u0000with\\\";a:0:{}s:13:\\\"\\u0000*\\u0000morphClass\\\";N;s:6:\\\"exists\\\";b:1;s:18:\\\"wasRecentlyCreated\\\";b:0;s:16:\\\"\\u0000*\\u0000forceDeleting\\\";b:0;}s:4:\\\"data\\\";a:5:{s:10:\\\"first_name\\\";s:7:\\\"Brandon\\\";s:9:\\\"room_name\\\";s:33:\\\"Private Office Near Beach For 3  \\\";s:12:\\\"created_time\\\";s:18:\\\"Aug 16 at 02:45 AM\\\";s:7:\\\"room_id\\\";i:10013;s:3:\\\"url\\\";s:20:\\\"http:\\/\\/addadesk.com\\/\\\";}}s:7:\\\"binding\\\";N;s:5:\\\"scope\\\";s:36:\\\"App\\\\Http\\\\Controllers\\\\EmailController\\\";s:8:\\\"isStatic\\\";b:0;}}\"}}',0,0,NULL,1471315526,1471315526),(16,'default','{\"job\":\"mailer@handleQueuedMessage\",\"data\":{\"view\":\"emails.listed\",\"data\":{\"first_name\":\"Brandon\",\"room_name\":\"Private Office Near Beach For 3  \",\"created_time\":\"Aug 16 at 02:45 AM\",\"room_id\":10013,\"url\":\"http:\\/\\/addadesk.com\\/\"},\"callback\":\"C:32:\\\"SuperClosure\\\\SerializableClosure\\\":2413:{a:5:{s:4:\\\"code\\\";s:148:\\\"function ($message) use($user, $data) {\\n    $message->to($user->email, $user->first_name)->subject(\\\"Your space has been listed on \\\" . SITE_NAME);\\n};\\\";s:7:\\\"context\\\";a:2:{s:4:\\\"user\\\";O:15:\\\"App\\\\Models\\\\User\\\":24:{s:8:\\\"\\u0000*\\u0000table\\\";s:5:\\\"users\\\";s:11:\\\"\\u0000*\\u0000fillable\\\";a:5:{i:0;s:10:\\\"first_name\\\";i:1;s:9:\\\"last_name\\\";i:2;s:5:\\\"email\\\";i:3;s:8:\\\"password\\\";i:4;s:3:\\\"dob\\\";}s:9:\\\"\\u0000*\\u0000hidden\\\";a:2:{i:0;s:8:\\\"password\\\";i:1;s:14:\\\"remember_token\\\";}s:10:\\\"\\u0000*\\u0000appends\\\";a:3:{i:0;s:7:\\\"dob_dmy\\\";i:1;s:3:\\\"age\\\";i:2;s:9:\\\"full_name\\\";}s:8:\\\"\\u0000*\\u0000dates\\\";a:1:{i:0;s:10:\\\"deleted_at\\\";}s:13:\\\"\\u0000*\\u0000connection\\\";N;s:13:\\\"\\u0000*\\u0000primaryKey\\\";s:2:\\\"id\\\";s:10:\\\"\\u0000*\\u0000perPage\\\";i:15;s:12:\\\"incrementing\\\";b:1;s:10:\\\"timestamps\\\";b:1;s:13:\\\"\\u0000*\\u0000attributes\\\";a:19:{s:2:\\\"id\\\";i:10005;s:10:\\\"first_name\\\";s:7:\\\"Brandon\\\";s:9:\\\"last_name\\\";s:5:\\\"Allan\\\";s:5:\\\"email\\\";s:22:\\\"proslasach@throwam.com\\\";s:8:\\\"password\\\";s:60:\\\"$2y$10$Rc8FIDJUVmoBeYkVmvMJX.KxtGBPwRYb7hzJpQbrxdIMGl7pR4eFO\\\";s:14:\\\"remember_token\\\";N;s:3:\\\"dob\\\";s:10:\\\"1990-01-19\\\";s:6:\\\"gender\\\";N;s:4:\\\"live\\\";s:0:\\\"\\\";s:5:\\\"about\\\";s:0:\\\"\\\";s:6:\\\"school\\\";s:0:\\\"\\\";s:4:\\\"work\\\";s:0:\\\"\\\";s:8:\\\"timezone\\\";s:3:\\\"UTC\\\";s:5:\\\"fb_id\\\";s:0:\\\"\\\";s:9:\\\"google_id\\\";s:0:\\\"\\\";s:6:\\\"status\\\";N;s:10:\\\"created_at\\\";s:19:\\\"2016-08-15 23:17:48\\\";s:10:\\\"updated_at\\\";s:19:\\\"2016-08-15 23:17:48\\\";s:10:\\\"deleted_at\\\";N;}s:11:\\\"\\u0000*\\u0000original\\\";a:19:{s:2:\\\"id\\\";i:10005;s:10:\\\"first_name\\\";s:7:\\\"Brandon\\\";s:9:\\\"last_name\\\";s:5:\\\"Allan\\\";s:5:\\\"email\\\";s:22:\\\"proslasach@throwam.com\\\";s:8:\\\"password\\\";s:60:\\\"$2y$10$Rc8FIDJUVmoBeYkVmvMJX.KxtGBPwRYb7hzJpQbrxdIMGl7pR4eFO\\\";s:14:\\\"remember_token\\\";N;s:3:\\\"dob\\\";s:10:\\\"1990-01-19\\\";s:6:\\\"gender\\\";N;s:4:\\\"live\\\";s:0:\\\"\\\";s:5:\\\"about\\\";s:0:\\\"\\\";s:6:\\\"school\\\";s:0:\\\"\\\";s:4:\\\"work\\\";s:0:\\\"\\\";s:8:\\\"timezone\\\";s:3:\\\"UTC\\\";s:5:\\\"fb_id\\\";s:0:\\\"\\\";s:9:\\\"google_id\\\";s:0:\\\"\\\";s:6:\\\"status\\\";N;s:10:\\\"created_at\\\";s:19:\\\"2016-08-15 23:17:48\\\";s:10:\\\"updated_at\\\";s:19:\\\"2016-08-15 23:17:48\\\";s:10:\\\"deleted_at\\\";N;}s:12:\\\"\\u0000*\\u0000relations\\\";a:0:{}s:10:\\\"\\u0000*\\u0000visible\\\";a:0:{}s:10:\\\"\\u0000*\\u0000guarded\\\";a:1:{i:0;s:1:\\\"*\\\";}s:13:\\\"\\u0000*\\u0000dateFormat\\\";N;s:8:\\\"\\u0000*\\u0000casts\\\";a:0:{}s:10:\\\"\\u0000*\\u0000touches\\\";a:0:{}s:14:\\\"\\u0000*\\u0000observables\\\";a:0:{}s:7:\\\"\\u0000*\\u0000with\\\";a:0:{}s:13:\\\"\\u0000*\\u0000morphClass\\\";N;s:6:\\\"exists\\\";b:1;s:18:\\\"wasRecentlyCreated\\\";b:0;s:16:\\\"\\u0000*\\u0000forceDeleting\\\";b:0;}s:4:\\\"data\\\";a:5:{s:10:\\\"first_name\\\";s:7:\\\"Brandon\\\";s:9:\\\"room_name\\\";s:33:\\\"Private Office Near Beach For 3  \\\";s:12:\\\"created_time\\\";s:18:\\\"Aug 16 at 02:45 AM\\\";s:7:\\\"room_id\\\";i:10013;s:3:\\\"url\\\";s:20:\\\"http:\\/\\/addadesk.com\\/\\\";}}s:7:\\\"binding\\\";N;s:5:\\\"scope\\\";s:36:\\\"App\\\\Http\\\\Controllers\\\\EmailController\\\";s:8:\\\"isStatic\\\";b:0;}}\"}}',0,0,NULL,1471315528,1471315528),(17,'default','{\"job\":\"mailer@handleQueuedMessage\",\"data\":{\"view\":\"emails.listed\",\"data\":{\"first_name\":\"Bryan\",\"room_name\":\"test\",\"created_time\":\"Aug 18 at 11:49 AM\",\"room_id\":10014,\"url\":\"http:\\/\\/addadesk.com\\/\"},\"callback\":\"C:32:\\\"SuperClosure\\\\SerializableClosure\\\":2317:{a:5:{s:4:\\\"code\\\";s:148:\\\"function ($message) use($user, $data) {\\n    $message->to($user->email, $user->first_name)->subject(\\\"Your space has been listed on \\\" . SITE_NAME);\\n};\\\";s:7:\\\"context\\\";a:2:{s:4:\\\"user\\\";O:15:\\\"App\\\\Models\\\\User\\\":24:{s:8:\\\"\\u0000*\\u0000table\\\";s:5:\\\"users\\\";s:11:\\\"\\u0000*\\u0000fillable\\\";a:5:{i:0;s:10:\\\"first_name\\\";i:1;s:9:\\\"last_name\\\";i:2;s:5:\\\"email\\\";i:3;s:8:\\\"password\\\";i:4;s:3:\\\"dob\\\";}s:9:\\\"\\u0000*\\u0000hidden\\\";a:2:{i:0;s:8:\\\"password\\\";i:1;s:14:\\\"remember_token\\\";}s:10:\\\"\\u0000*\\u0000appends\\\";a:3:{i:0;s:7:\\\"dob_dmy\\\";i:1;s:3:\\\"age\\\";i:2;s:9:\\\"full_name\\\";}s:8:\\\"\\u0000*\\u0000dates\\\";a:1:{i:0;s:10:\\\"deleted_at\\\";}s:13:\\\"\\u0000*\\u0000connection\\\";N;s:13:\\\"\\u0000*\\u0000primaryKey\\\";s:2:\\\"id\\\";s:10:\\\"\\u0000*\\u0000perPage\\\";i:15;s:12:\\\"incrementing\\\";b:1;s:10:\\\"timestamps\\\";b:1;s:13:\\\"\\u0000*\\u0000attributes\\\";a:19:{s:2:\\\"id\\\";i:10001;s:10:\\\"first_name\\\";s:5:\\\"Bryan\\\";s:9:\\\"last_name\\\";s:5:\\\"Giray\\\";s:5:\\\"email\\\";s:20:\\\"bryangiray@gmail.com\\\";s:8:\\\"password\\\";s:0:\\\"\\\";s:14:\\\"remember_token\\\";N;s:3:\\\"dob\\\";s:10:\\\"2016-08-13\\\";s:6:\\\"gender\\\";N;s:4:\\\"live\\\";s:0:\\\"\\\";s:5:\\\"about\\\";s:0:\\\"\\\";s:6:\\\"school\\\";s:0:\\\"\\\";s:4:\\\"work\\\";s:0:\\\"\\\";s:8:\\\"timezone\\\";s:3:\\\"UTC\\\";s:5:\\\"fb_id\\\";s:0:\\\"\\\";s:9:\\\"google_id\\\";s:21:\\\"106039237440491703506\\\";s:6:\\\"status\\\";s:6:\\\"Active\\\";s:10:\\\"created_at\\\";s:19:\\\"2016-08-12 23:47:26\\\";s:10:\\\"updated_at\\\";s:19:\\\"2016-08-14 23:22:05\\\";s:10:\\\"deleted_at\\\";N;}s:11:\\\"\\u0000*\\u0000original\\\";a:19:{s:2:\\\"id\\\";i:10001;s:10:\\\"first_name\\\";s:5:\\\"Bryan\\\";s:9:\\\"last_name\\\";s:5:\\\"Giray\\\";s:5:\\\"email\\\";s:20:\\\"bryangiray@gmail.com\\\";s:8:\\\"password\\\";s:0:\\\"\\\";s:14:\\\"remember_token\\\";N;s:3:\\\"dob\\\";s:10:\\\"2016-08-13\\\";s:6:\\\"gender\\\";N;s:4:\\\"live\\\";s:0:\\\"\\\";s:5:\\\"about\\\";s:0:\\\"\\\";s:6:\\\"school\\\";s:0:\\\"\\\";s:4:\\\"work\\\";s:0:\\\"\\\";s:8:\\\"timezone\\\";s:3:\\\"UTC\\\";s:5:\\\"fb_id\\\";s:0:\\\"\\\";s:9:\\\"google_id\\\";s:21:\\\"106039237440491703506\\\";s:6:\\\"status\\\";s:6:\\\"Active\\\";s:10:\\\"created_at\\\";s:19:\\\"2016-08-12 23:47:26\\\";s:10:\\\"updated_at\\\";s:19:\\\"2016-08-14 23:22:05\\\";s:10:\\\"deleted_at\\\";N;}s:12:\\\"\\u0000*\\u0000relations\\\";a:0:{}s:10:\\\"\\u0000*\\u0000visible\\\";a:0:{}s:10:\\\"\\u0000*\\u0000guarded\\\";a:1:{i:0;s:1:\\\"*\\\";}s:13:\\\"\\u0000*\\u0000dateFormat\\\";N;s:8:\\\"\\u0000*\\u0000casts\\\";a:0:{}s:10:\\\"\\u0000*\\u0000touches\\\";a:0:{}s:14:\\\"\\u0000*\\u0000observables\\\";a:0:{}s:7:\\\"\\u0000*\\u0000with\\\";a:0:{}s:13:\\\"\\u0000*\\u0000morphClass\\\";N;s:6:\\\"exists\\\";b:1;s:18:\\\"wasRecentlyCreated\\\";b:0;s:16:\\\"\\u0000*\\u0000forceDeleting\\\";b:0;}s:4:\\\"data\\\";a:5:{s:10:\\\"first_name\\\";s:5:\\\"Bryan\\\";s:9:\\\"room_name\\\";s:4:\\\"test\\\";s:12:\\\"created_time\\\";s:18:\\\"Aug 18 at 11:49 AM\\\";s:7:\\\"room_id\\\";i:10014;s:3:\\\"url\\\";s:20:\\\"http:\\/\\/addadesk.com\\/\\\";}}s:7:\\\"binding\\\";N;s:5:\\\"scope\\\";s:36:\\\"App\\\\Http\\\\Controllers\\\\EmailController\\\";s:8:\\\"isStatic\\\";b:0;}}\"}}',0,0,NULL,1471520944,1471520944),(18,'default','{\"job\":\"mailer@handleQueuedMessage\",\"data\":{\"view\":\"emails.listed\",\"data\":{\"first_name\":\"Bryan\",\"room_name\":\"test\",\"created_time\":\"Aug 18 at 11:49 AM\",\"room_id\":10014,\"url\":\"http:\\/\\/addadesk.com\\/\"},\"callback\":\"C:32:\\\"SuperClosure\\\\SerializableClosure\\\":2317:{a:5:{s:4:\\\"code\\\";s:148:\\\"function ($message) use($user, $data) {\\n    $message->to($user->email, $user->first_name)->subject(\\\"Your space has been listed on \\\" . SITE_NAME);\\n};\\\";s:7:\\\"context\\\";a:2:{s:4:\\\"user\\\";O:15:\\\"App\\\\Models\\\\User\\\":24:{s:8:\\\"\\u0000*\\u0000table\\\";s:5:\\\"users\\\";s:11:\\\"\\u0000*\\u0000fillable\\\";a:5:{i:0;s:10:\\\"first_name\\\";i:1;s:9:\\\"last_name\\\";i:2;s:5:\\\"email\\\";i:3;s:8:\\\"password\\\";i:4;s:3:\\\"dob\\\";}s:9:\\\"\\u0000*\\u0000hidden\\\";a:2:{i:0;s:8:\\\"password\\\";i:1;s:14:\\\"remember_token\\\";}s:10:\\\"\\u0000*\\u0000appends\\\";a:3:{i:0;s:7:\\\"dob_dmy\\\";i:1;s:3:\\\"age\\\";i:2;s:9:\\\"full_name\\\";}s:8:\\\"\\u0000*\\u0000dates\\\";a:1:{i:0;s:10:\\\"deleted_at\\\";}s:13:\\\"\\u0000*\\u0000connection\\\";N;s:13:\\\"\\u0000*\\u0000primaryKey\\\";s:2:\\\"id\\\";s:10:\\\"\\u0000*\\u0000perPage\\\";i:15;s:12:\\\"incrementing\\\";b:1;s:10:\\\"timestamps\\\";b:1;s:13:\\\"\\u0000*\\u0000attributes\\\";a:19:{s:2:\\\"id\\\";i:10001;s:10:\\\"first_name\\\";s:5:\\\"Bryan\\\";s:9:\\\"last_name\\\";s:5:\\\"Giray\\\";s:5:\\\"email\\\";s:20:\\\"bryangiray@gmail.com\\\";s:8:\\\"password\\\";s:0:\\\"\\\";s:14:\\\"remember_token\\\";N;s:3:\\\"dob\\\";s:10:\\\"2016-08-13\\\";s:6:\\\"gender\\\";N;s:4:\\\"live\\\";s:0:\\\"\\\";s:5:\\\"about\\\";s:0:\\\"\\\";s:6:\\\"school\\\";s:0:\\\"\\\";s:4:\\\"work\\\";s:0:\\\"\\\";s:8:\\\"timezone\\\";s:3:\\\"UTC\\\";s:5:\\\"fb_id\\\";s:0:\\\"\\\";s:9:\\\"google_id\\\";s:21:\\\"106039237440491703506\\\";s:6:\\\"status\\\";s:6:\\\"Active\\\";s:10:\\\"created_at\\\";s:19:\\\"2016-08-12 23:47:26\\\";s:10:\\\"updated_at\\\";s:19:\\\"2016-08-14 23:22:05\\\";s:10:\\\"deleted_at\\\";N;}s:11:\\\"\\u0000*\\u0000original\\\";a:19:{s:2:\\\"id\\\";i:10001;s:10:\\\"first_name\\\";s:5:\\\"Bryan\\\";s:9:\\\"last_name\\\";s:5:\\\"Giray\\\";s:5:\\\"email\\\";s:20:\\\"bryangiray@gmail.com\\\";s:8:\\\"password\\\";s:0:\\\"\\\";s:14:\\\"remember_token\\\";N;s:3:\\\"dob\\\";s:10:\\\"2016-08-13\\\";s:6:\\\"gender\\\";N;s:4:\\\"live\\\";s:0:\\\"\\\";s:5:\\\"about\\\";s:0:\\\"\\\";s:6:\\\"school\\\";s:0:\\\"\\\";s:4:\\\"work\\\";s:0:\\\"\\\";s:8:\\\"timezone\\\";s:3:\\\"UTC\\\";s:5:\\\"fb_id\\\";s:0:\\\"\\\";s:9:\\\"google_id\\\";s:21:\\\"106039237440491703506\\\";s:6:\\\"status\\\";s:6:\\\"Active\\\";s:10:\\\"created_at\\\";s:19:\\\"2016-08-12 23:47:26\\\";s:10:\\\"updated_at\\\";s:19:\\\"2016-08-14 23:22:05\\\";s:10:\\\"deleted_at\\\";N;}s:12:\\\"\\u0000*\\u0000relations\\\";a:0:{}s:10:\\\"\\u0000*\\u0000visible\\\";a:0:{}s:10:\\\"\\u0000*\\u0000guarded\\\";a:1:{i:0;s:1:\\\"*\\\";}s:13:\\\"\\u0000*\\u0000dateFormat\\\";N;s:8:\\\"\\u0000*\\u0000casts\\\";a:0:{}s:10:\\\"\\u0000*\\u0000touches\\\";a:0:{}s:14:\\\"\\u0000*\\u0000observables\\\";a:0:{}s:7:\\\"\\u0000*\\u0000with\\\";a:0:{}s:13:\\\"\\u0000*\\u0000morphClass\\\";N;s:6:\\\"exists\\\";b:1;s:18:\\\"wasRecentlyCreated\\\";b:0;s:16:\\\"\\u0000*\\u0000forceDeleting\\\";b:0;}s:4:\\\"data\\\";a:5:{s:10:\\\"first_name\\\";s:5:\\\"Bryan\\\";s:9:\\\"room_name\\\";s:4:\\\"test\\\";s:12:\\\"created_time\\\";s:18:\\\"Aug 18 at 11:49 AM\\\";s:7:\\\"room_id\\\";i:10014;s:3:\\\"url\\\";s:20:\\\"http:\\/\\/addadesk.com\\/\\\";}}s:7:\\\"binding\\\";N;s:5:\\\"scope\\\";s:36:\\\"App\\\\Http\\\\Controllers\\\\EmailController\\\";s:8:\\\"isStatic\\\";b:0;}}\"}}',0,0,NULL,1471520946,1471520946),(19,'default','{\"job\":\"mailer@handleQueuedMessage\",\"data\":{\"view\":\"emails.email_confirm\",\"data\":{\"first_name\":\"Didier\",\"email\":\"dcunillera@hotmail.com\",\"token\":\"i8TXUjh6kxa8RLzVkYtZIw45nrS5vhpBWl2JsXE5c5Nk0ZToenH31qDemdtIXyTdFkdqhwppuarFC6kDZ3Gr4EvRVFYRUtvtPgVB\",\"type\":\"welcome\",\"url\":\"http:\\/\\/addadesk.com\\/\"},\"callback\":\"C:32:\\\"SuperClosure\\\\SerializableClosure\\\":548:{a:5:{s:4:\\\"code\\\";s:137:\\\"function ($message) use($data) {\\n    $message->to($data[\'email\'], $data[\'first_name\'])->subject(\'Please confirm your e-mail address\');\\n};\\\";s:7:\\\"context\\\";a:1:{s:4:\\\"data\\\";a:5:{s:10:\\\"first_name\\\";s:6:\\\"Didier\\\";s:5:\\\"email\\\";s:22:\\\"dcunillera@hotmail.com\\\";s:5:\\\"token\\\";s:100:\\\"i8TXUjh6kxa8RLzVkYtZIw45nrS5vhpBWl2JsXE5c5Nk0ZToenH31qDemdtIXyTdFkdqhwppuarFC6kDZ3Gr4EvRVFYRUtvtPgVB\\\";s:4:\\\"type\\\";s:7:\\\"welcome\\\";s:3:\\\"url\\\";s:20:\\\"http:\\/\\/addadesk.com\\/\\\";}}s:7:\\\"binding\\\";N;s:5:\\\"scope\\\";s:36:\\\"App\\\\Http\\\\Controllers\\\\EmailController\\\";s:8:\\\"isStatic\\\";b:0;}}\"}}',0,0,NULL,1472288783,1472288783),(20,'default','{\"job\":\"mailer@handleQueuedMessage\",\"data\":{\"view\":\"emails.listed\",\"data\":{\"first_name\":\"Didier\",\"room_name\":\"dd\",\"created_time\":\"Aug 27 at 04:39 PM\",\"room_id\":10017,\"url\":\"http:\\/\\/addadesk.com\\/\"},\"callback\":\"C:32:\\\"SuperClosure\\\\SerializableClosure\\\":2518:{a:5:{s:4:\\\"code\\\";s:148:\\\"function ($message) use($user, $data) {\\n    $message->to($user->email, $user->first_name)->subject(\\\"Your space has been listed on \\\" . SITE_NAME);\\n};\\\";s:7:\\\"context\\\";a:2:{s:4:\\\"user\\\";O:15:\\\"App\\\\Models\\\\User\\\":24:{s:8:\\\"\\u0000*\\u0000table\\\";s:5:\\\"users\\\";s:11:\\\"\\u0000*\\u0000fillable\\\";a:5:{i:0;s:10:\\\"first_name\\\";i:1;s:9:\\\"last_name\\\";i:2;s:5:\\\"email\\\";i:3;s:8:\\\"password\\\";i:4;s:3:\\\"dob\\\";}s:9:\\\"\\u0000*\\u0000hidden\\\";a:2:{i:0;s:8:\\\"password\\\";i:1;s:14:\\\"remember_token\\\";}s:10:\\\"\\u0000*\\u0000appends\\\";a:3:{i:0;s:7:\\\"dob_dmy\\\";i:1;s:3:\\\"age\\\";i:2;s:9:\\\"full_name\\\";}s:8:\\\"\\u0000*\\u0000dates\\\";a:1:{i:0;s:10:\\\"deleted_at\\\";}s:13:\\\"\\u0000*\\u0000connection\\\";N;s:13:\\\"\\u0000*\\u0000primaryKey\\\";s:2:\\\"id\\\";s:10:\\\"\\u0000*\\u0000perPage\\\";i:15;s:12:\\\"incrementing\\\";b:1;s:10:\\\"timestamps\\\";b:1;s:13:\\\"\\u0000*\\u0000attributes\\\";a:19:{s:2:\\\"id\\\";i:10006;s:10:\\\"first_name\\\";s:6:\\\"Didier\\\";s:9:\\\"last_name\\\";s:9:\\\"CUNILLERA\\\";s:5:\\\"email\\\";s:22:\\\"dcunillera@hotmail.com\\\";s:8:\\\"password\\\";s:60:\\\"$2y$10$3HMCKWKGmAg3qTpeTzh1feSdEcA1sLoBzFDE7gHr0T9BfF1rt.kxK\\\";s:14:\\\"remember_token\\\";s:60:\\\"4D5oGhzCmrgj93WWukUlFWRWzAhyeuhHQt4A3naR20kKtxniUVuhquu6Z4sK\\\";s:3:\\\"dob\\\";s:10:\\\"1992-07-04\\\";s:6:\\\"gender\\\";N;s:4:\\\"live\\\";s:0:\\\"\\\";s:5:\\\"about\\\";s:0:\\\"\\\";s:6:\\\"school\\\";s:0:\\\"\\\";s:4:\\\"work\\\";s:0:\\\"\\\";s:8:\\\"timezone\\\";s:3:\\\"UTC\\\";s:5:\\\"fb_id\\\";s:0:\\\"\\\";s:9:\\\"google_id\\\";s:0:\\\"\\\";s:6:\\\"status\\\";N;s:10:\\\"created_at\\\";s:19:\\\"2016-08-27 09:06:21\\\";s:10:\\\"updated_at\\\";s:19:\\\"2016-08-27 11:03:23\\\";s:10:\\\"deleted_at\\\";N;}s:11:\\\"\\u0000*\\u0000original\\\";a:19:{s:2:\\\"id\\\";i:10006;s:10:\\\"first_name\\\";s:6:\\\"Didier\\\";s:9:\\\"last_name\\\";s:9:\\\"CUNILLERA\\\";s:5:\\\"email\\\";s:22:\\\"dcunillera@hotmail.com\\\";s:8:\\\"password\\\";s:60:\\\"$2y$10$3HMCKWKGmAg3qTpeTzh1feSdEcA1sLoBzFDE7gHr0T9BfF1rt.kxK\\\";s:14:\\\"remember_token\\\";s:60:\\\"4D5oGhzCmrgj93WWukUlFWRWzAhyeuhHQt4A3naR20kKtxniUVuhquu6Z4sK\\\";s:3:\\\"dob\\\";s:10:\\\"1992-07-04\\\";s:6:\\\"gender\\\";N;s:4:\\\"live\\\";s:0:\\\"\\\";s:5:\\\"about\\\";s:0:\\\"\\\";s:6:\\\"school\\\";s:0:\\\"\\\";s:4:\\\"work\\\";s:0:\\\"\\\";s:8:\\\"timezone\\\";s:3:\\\"UTC\\\";s:5:\\\"fb_id\\\";s:0:\\\"\\\";s:9:\\\"google_id\\\";s:0:\\\"\\\";s:6:\\\"status\\\";N;s:10:\\\"created_at\\\";s:19:\\\"2016-08-27 09:06:21\\\";s:10:\\\"updated_at\\\";s:19:\\\"2016-08-27 11:03:23\\\";s:10:\\\"deleted_at\\\";N;}s:12:\\\"\\u0000*\\u0000relations\\\";a:0:{}s:10:\\\"\\u0000*\\u0000visible\\\";a:0:{}s:10:\\\"\\u0000*\\u0000guarded\\\";a:1:{i:0;s:1:\\\"*\\\";}s:13:\\\"\\u0000*\\u0000dateFormat\\\";N;s:8:\\\"\\u0000*\\u0000casts\\\";a:0:{}s:10:\\\"\\u0000*\\u0000touches\\\";a:0:{}s:14:\\\"\\u0000*\\u0000observables\\\";a:0:{}s:7:\\\"\\u0000*\\u0000with\\\";a:0:{}s:13:\\\"\\u0000*\\u0000morphClass\\\";N;s:6:\\\"exists\\\";b:1;s:18:\\\"wasRecentlyCreated\\\";b:0;s:16:\\\"\\u0000*\\u0000forceDeleting\\\";b:0;}s:4:\\\"data\\\";a:5:{s:10:\\\"first_name\\\";s:6:\\\"Didier\\\";s:9:\\\"room_name\\\";s:2:\\\"dd\\\";s:12:\\\"created_time\\\";s:18:\\\"Aug 27 at 04:39 PM\\\";s:7:\\\"room_id\\\";i:10017;s:3:\\\"url\\\";s:20:\\\"http:\\/\\/addadesk.com\\/\\\";}}s:7:\\\"binding\\\";N;s:5:\\\"scope\\\";s:36:\\\"App\\\\Http\\\\Controllers\\\\EmailController\\\";s:8:\\\"isStatic\\\";b:0;}}\"}}',0,0,NULL,1472315993,1472315993),(21,'default','{\"job\":\"mailer@handleQueuedMessage\",\"data\":{\"view\":\"emails.listed\",\"data\":{\"first_name\":\"Cam\",\"room_name\":\"Funky office\",\"created_time\":\"Sep 06 at 11:04 AM\",\"room_id\":10002,\"url\":\"http:\\/\\/dev.addadesk.com\\/\"},\"callback\":\"C:32:\\\"SuperClosure\\\\SerializableClosure\\\":2408:{a:5:{s:4:\\\"code\\\";s:148:\\\"function ($message) use($user, $data) {\\n    $message->to($user->email, $user->first_name)->subject(\\\"Your space has been listed on \\\" . SITE_NAME);\\n};\\\";s:7:\\\"context\\\";a:2:{s:4:\\\"user\\\";O:15:\\\"App\\\\Models\\\\User\\\":24:{s:8:\\\"\\u0000*\\u0000table\\\";s:5:\\\"users\\\";s:11:\\\"\\u0000*\\u0000fillable\\\";a:5:{i:0;s:10:\\\"first_name\\\";i:1;s:9:\\\"last_name\\\";i:2;s:5:\\\"email\\\";i:3;s:8:\\\"password\\\";i:4;s:3:\\\"dob\\\";}s:9:\\\"\\u0000*\\u0000hidden\\\";a:2:{i:0;s:8:\\\"password\\\";i:1;s:14:\\\"remember_token\\\";}s:10:\\\"\\u0000*\\u0000appends\\\";a:3:{i:0;s:7:\\\"dob_dmy\\\";i:1;s:3:\\\"age\\\";i:2;s:9:\\\"full_name\\\";}s:8:\\\"\\u0000*\\u0000dates\\\";a:1:{i:0;s:10:\\\"deleted_at\\\";}s:13:\\\"\\u0000*\\u0000connection\\\";N;s:13:\\\"\\u0000*\\u0000primaryKey\\\";s:2:\\\"id\\\";s:10:\\\"\\u0000*\\u0000perPage\\\";i:15;s:12:\\\"incrementing\\\";b:1;s:10:\\\"timestamps\\\";b:1;s:13:\\\"\\u0000*\\u0000attributes\\\";a:19:{s:2:\\\"id\\\";i:10002;s:10:\\\"first_name\\\";s:3:\\\"Cam\\\";s:9:\\\"last_name\\\";s:8:\\\"Flanigan\\\";s:5:\\\"email\\\";s:20:\\\"labs@rocksalt.com.au\\\";s:8:\\\"password\\\";s:60:\\\"$2y$10$ALN2VGGDSNlO123oPA39IOEmqAprKP5WJ5rofbURPPMkwpz8lvVAy\\\";s:14:\\\"remember_token\\\";N;s:3:\\\"dob\\\";s:10:\\\"2011-05-06\\\";s:6:\\\"gender\\\";N;s:4:\\\"live\\\";s:0:\\\"\\\";s:5:\\\"about\\\";s:0:\\\"\\\";s:6:\\\"school\\\";s:0:\\\"\\\";s:4:\\\"work\\\";s:0:\\\"\\\";s:8:\\\"timezone\\\";s:3:\\\"UTC\\\";s:5:\\\"fb_id\\\";s:0:\\\"\\\";s:9:\\\"google_id\\\";s:0:\\\"\\\";s:6:\\\"status\\\";s:6:\\\"Active\\\";s:10:\\\"created_at\\\";s:19:\\\"2016-08-13 05:16:17\\\";s:10:\\\"updated_at\\\";s:19:\\\"2016-08-14 23:20:37\\\";s:10:\\\"deleted_at\\\";N;}s:11:\\\"\\u0000*\\u0000original\\\";a:19:{s:2:\\\"id\\\";i:10002;s:10:\\\"first_name\\\";s:3:\\\"Cam\\\";s:9:\\\"last_name\\\";s:8:\\\"Flanigan\\\";s:5:\\\"email\\\";s:20:\\\"labs@rocksalt.com.au\\\";s:8:\\\"password\\\";s:60:\\\"$2y$10$ALN2VGGDSNlO123oPA39IOEmqAprKP5WJ5rofbURPPMkwpz8lvVAy\\\";s:14:\\\"remember_token\\\";N;s:3:\\\"dob\\\";s:10:\\\"2011-05-06\\\";s:6:\\\"gender\\\";N;s:4:\\\"live\\\";s:0:\\\"\\\";s:5:\\\"about\\\";s:0:\\\"\\\";s:6:\\\"school\\\";s:0:\\\"\\\";s:4:\\\"work\\\";s:0:\\\"\\\";s:8:\\\"timezone\\\";s:3:\\\"UTC\\\";s:5:\\\"fb_id\\\";s:0:\\\"\\\";s:9:\\\"google_id\\\";s:0:\\\"\\\";s:6:\\\"status\\\";s:6:\\\"Active\\\";s:10:\\\"created_at\\\";s:19:\\\"2016-08-13 05:16:17\\\";s:10:\\\"updated_at\\\";s:19:\\\"2016-08-14 23:20:37\\\";s:10:\\\"deleted_at\\\";N;}s:12:\\\"\\u0000*\\u0000relations\\\";a:0:{}s:10:\\\"\\u0000*\\u0000visible\\\";a:0:{}s:10:\\\"\\u0000*\\u0000guarded\\\";a:1:{i:0;s:1:\\\"*\\\";}s:13:\\\"\\u0000*\\u0000dateFormat\\\";N;s:8:\\\"\\u0000*\\u0000casts\\\";a:0:{}s:10:\\\"\\u0000*\\u0000touches\\\";a:0:{}s:14:\\\"\\u0000*\\u0000observables\\\";a:0:{}s:7:\\\"\\u0000*\\u0000with\\\";a:0:{}s:13:\\\"\\u0000*\\u0000morphClass\\\";N;s:6:\\\"exists\\\";b:1;s:18:\\\"wasRecentlyCreated\\\";b:0;s:16:\\\"\\u0000*\\u0000forceDeleting\\\";b:0;}s:4:\\\"data\\\";a:5:{s:10:\\\"first_name\\\";s:3:\\\"Cam\\\";s:9:\\\"room_name\\\";s:12:\\\"Funky office\\\";s:12:\\\"created_time\\\";s:18:\\\"Sep 06 at 11:04 AM\\\";s:7:\\\"room_id\\\";i:10002;s:3:\\\"url\\\";s:24:\\\"http:\\/\\/dev.addadesk.com\\/\\\";}}s:7:\\\"binding\\\";N;s:5:\\\"scope\\\";s:36:\\\"App\\\\Http\\\\Controllers\\\\EmailController\\\";s:8:\\\"isStatic\\\";b:0;}}\"}}',0,0,NULL,1473159863,1473159863),(22,'default','{\"job\":\"mailer@handleQueuedMessage\",\"data\":{\"view\":\"emails.listed\",\"data\":{\"first_name\":\"Cam\",\"room_name\":\"Funky office\",\"created_time\":\"Sep 06 at 11:06 AM\",\"room_id\":10002,\"url\":\"http:\\/\\/dev.addadesk.com\\/\"},\"callback\":\"C:32:\\\"SuperClosure\\\\SerializableClosure\\\":2408:{a:5:{s:4:\\\"code\\\";s:148:\\\"function ($message) use($user, $data) {\\n    $message->to($user->email, $user->first_name)->subject(\\\"Your space has been listed on \\\" . SITE_NAME);\\n};\\\";s:7:\\\"context\\\";a:2:{s:4:\\\"user\\\";O:15:\\\"App\\\\Models\\\\User\\\":24:{s:8:\\\"\\u0000*\\u0000table\\\";s:5:\\\"users\\\";s:11:\\\"\\u0000*\\u0000fillable\\\";a:5:{i:0;s:10:\\\"first_name\\\";i:1;s:9:\\\"last_name\\\";i:2;s:5:\\\"email\\\";i:3;s:8:\\\"password\\\";i:4;s:3:\\\"dob\\\";}s:9:\\\"\\u0000*\\u0000hidden\\\";a:2:{i:0;s:8:\\\"password\\\";i:1;s:14:\\\"remember_token\\\";}s:10:\\\"\\u0000*\\u0000appends\\\";a:3:{i:0;s:7:\\\"dob_dmy\\\";i:1;s:3:\\\"age\\\";i:2;s:9:\\\"full_name\\\";}s:8:\\\"\\u0000*\\u0000dates\\\";a:1:{i:0;s:10:\\\"deleted_at\\\";}s:13:\\\"\\u0000*\\u0000connection\\\";N;s:13:\\\"\\u0000*\\u0000primaryKey\\\";s:2:\\\"id\\\";s:10:\\\"\\u0000*\\u0000perPage\\\";i:15;s:12:\\\"incrementing\\\";b:1;s:10:\\\"timestamps\\\";b:1;s:13:\\\"\\u0000*\\u0000attributes\\\";a:19:{s:2:\\\"id\\\";i:10002;s:10:\\\"first_name\\\";s:3:\\\"Cam\\\";s:9:\\\"last_name\\\";s:8:\\\"Flanigan\\\";s:5:\\\"email\\\";s:20:\\\"labs@rocksalt.com.au\\\";s:8:\\\"password\\\";s:60:\\\"$2y$10$ALN2VGGDSNlO123oPA39IOEmqAprKP5WJ5rofbURPPMkwpz8lvVAy\\\";s:14:\\\"remember_token\\\";N;s:3:\\\"dob\\\";s:10:\\\"2011-05-06\\\";s:6:\\\"gender\\\";N;s:4:\\\"live\\\";s:0:\\\"\\\";s:5:\\\"about\\\";s:0:\\\"\\\";s:6:\\\"school\\\";s:0:\\\"\\\";s:4:\\\"work\\\";s:0:\\\"\\\";s:8:\\\"timezone\\\";s:3:\\\"UTC\\\";s:5:\\\"fb_id\\\";s:0:\\\"\\\";s:9:\\\"google_id\\\";s:0:\\\"\\\";s:6:\\\"status\\\";s:6:\\\"Active\\\";s:10:\\\"created_at\\\";s:19:\\\"2016-08-13 05:16:17\\\";s:10:\\\"updated_at\\\";s:19:\\\"2016-08-14 23:20:37\\\";s:10:\\\"deleted_at\\\";N;}s:11:\\\"\\u0000*\\u0000original\\\";a:19:{s:2:\\\"id\\\";i:10002;s:10:\\\"first_name\\\";s:3:\\\"Cam\\\";s:9:\\\"last_name\\\";s:8:\\\"Flanigan\\\";s:5:\\\"email\\\";s:20:\\\"labs@rocksalt.com.au\\\";s:8:\\\"password\\\";s:60:\\\"$2y$10$ALN2VGGDSNlO123oPA39IOEmqAprKP5WJ5rofbURPPMkwpz8lvVAy\\\";s:14:\\\"remember_token\\\";N;s:3:\\\"dob\\\";s:10:\\\"2011-05-06\\\";s:6:\\\"gender\\\";N;s:4:\\\"live\\\";s:0:\\\"\\\";s:5:\\\"about\\\";s:0:\\\"\\\";s:6:\\\"school\\\";s:0:\\\"\\\";s:4:\\\"work\\\";s:0:\\\"\\\";s:8:\\\"timezone\\\";s:3:\\\"UTC\\\";s:5:\\\"fb_id\\\";s:0:\\\"\\\";s:9:\\\"google_id\\\";s:0:\\\"\\\";s:6:\\\"status\\\";s:6:\\\"Active\\\";s:10:\\\"created_at\\\";s:19:\\\"2016-08-13 05:16:17\\\";s:10:\\\"updated_at\\\";s:19:\\\"2016-08-14 23:20:37\\\";s:10:\\\"deleted_at\\\";N;}s:12:\\\"\\u0000*\\u0000relations\\\";a:0:{}s:10:\\\"\\u0000*\\u0000visible\\\";a:0:{}s:10:\\\"\\u0000*\\u0000guarded\\\";a:1:{i:0;s:1:\\\"*\\\";}s:13:\\\"\\u0000*\\u0000dateFormat\\\";N;s:8:\\\"\\u0000*\\u0000casts\\\";a:0:{}s:10:\\\"\\u0000*\\u0000touches\\\";a:0:{}s:14:\\\"\\u0000*\\u0000observables\\\";a:0:{}s:7:\\\"\\u0000*\\u0000with\\\";a:0:{}s:13:\\\"\\u0000*\\u0000morphClass\\\";N;s:6:\\\"exists\\\";b:1;s:18:\\\"wasRecentlyCreated\\\";b:0;s:16:\\\"\\u0000*\\u0000forceDeleting\\\";b:0;}s:4:\\\"data\\\";a:5:{s:10:\\\"first_name\\\";s:3:\\\"Cam\\\";s:9:\\\"room_name\\\";s:12:\\\"Funky office\\\";s:12:\\\"created_time\\\";s:18:\\\"Sep 06 at 11:06 AM\\\";s:7:\\\"room_id\\\";i:10002;s:3:\\\"url\\\";s:24:\\\"http:\\/\\/dev.addadesk.com\\/\\\";}}s:7:\\\"binding\\\";N;s:5:\\\"scope\\\";s:36:\\\"App\\\\Http\\\\Controllers\\\\EmailController\\\";s:8:\\\"isStatic\\\";b:0;}}\"}}',0,0,NULL,1473160054,1473160054),(23,'default','{\"job\":\"mailer@handleQueuedMessage\",\"data\":{\"view\":\"emails.listed\",\"data\":{\"first_name\":\"Cam\",\"room_name\":\"Funky office\",\"created_time\":\"Sep 06 at 11:11 AM\",\"room_id\":10002,\"url\":\"http:\\/\\/dev.addadesk.com\\/\"},\"callback\":\"C:32:\\\"SuperClosure\\\\SerializableClosure\\\":2408:{a:5:{s:4:\\\"code\\\";s:148:\\\"function ($message) use($user, $data) {\\n    $message->to($user->email, $user->first_name)->subject(\\\"Your space has been listed on \\\" . SITE_NAME);\\n};\\\";s:7:\\\"context\\\";a:2:{s:4:\\\"user\\\";O:15:\\\"App\\\\Models\\\\User\\\":24:{s:8:\\\"\\u0000*\\u0000table\\\";s:5:\\\"users\\\";s:11:\\\"\\u0000*\\u0000fillable\\\";a:5:{i:0;s:10:\\\"first_name\\\";i:1;s:9:\\\"last_name\\\";i:2;s:5:\\\"email\\\";i:3;s:8:\\\"password\\\";i:4;s:3:\\\"dob\\\";}s:9:\\\"\\u0000*\\u0000hidden\\\";a:2:{i:0;s:8:\\\"password\\\";i:1;s:14:\\\"remember_token\\\";}s:10:\\\"\\u0000*\\u0000appends\\\";a:3:{i:0;s:7:\\\"dob_dmy\\\";i:1;s:3:\\\"age\\\";i:2;s:9:\\\"full_name\\\";}s:8:\\\"\\u0000*\\u0000dates\\\";a:1:{i:0;s:10:\\\"deleted_at\\\";}s:13:\\\"\\u0000*\\u0000connection\\\";N;s:13:\\\"\\u0000*\\u0000primaryKey\\\";s:2:\\\"id\\\";s:10:\\\"\\u0000*\\u0000perPage\\\";i:15;s:12:\\\"incrementing\\\";b:1;s:10:\\\"timestamps\\\";b:1;s:13:\\\"\\u0000*\\u0000attributes\\\";a:19:{s:2:\\\"id\\\";i:10002;s:10:\\\"first_name\\\";s:3:\\\"Cam\\\";s:9:\\\"last_name\\\";s:8:\\\"Flanigan\\\";s:5:\\\"email\\\";s:20:\\\"labs@rocksalt.com.au\\\";s:8:\\\"password\\\";s:60:\\\"$2y$10$ALN2VGGDSNlO123oPA39IOEmqAprKP5WJ5rofbURPPMkwpz8lvVAy\\\";s:14:\\\"remember_token\\\";N;s:3:\\\"dob\\\";s:10:\\\"2011-05-06\\\";s:6:\\\"gender\\\";N;s:4:\\\"live\\\";s:0:\\\"\\\";s:5:\\\"about\\\";s:0:\\\"\\\";s:6:\\\"school\\\";s:0:\\\"\\\";s:4:\\\"work\\\";s:0:\\\"\\\";s:8:\\\"timezone\\\";s:3:\\\"UTC\\\";s:5:\\\"fb_id\\\";s:0:\\\"\\\";s:9:\\\"google_id\\\";s:0:\\\"\\\";s:6:\\\"status\\\";s:6:\\\"Active\\\";s:10:\\\"created_at\\\";s:19:\\\"2016-08-13 05:16:17\\\";s:10:\\\"updated_at\\\";s:19:\\\"2016-08-14 23:20:37\\\";s:10:\\\"deleted_at\\\";N;}s:11:\\\"\\u0000*\\u0000original\\\";a:19:{s:2:\\\"id\\\";i:10002;s:10:\\\"first_name\\\";s:3:\\\"Cam\\\";s:9:\\\"last_name\\\";s:8:\\\"Flanigan\\\";s:5:\\\"email\\\";s:20:\\\"labs@rocksalt.com.au\\\";s:8:\\\"password\\\";s:60:\\\"$2y$10$ALN2VGGDSNlO123oPA39IOEmqAprKP5WJ5rofbURPPMkwpz8lvVAy\\\";s:14:\\\"remember_token\\\";N;s:3:\\\"dob\\\";s:10:\\\"2011-05-06\\\";s:6:\\\"gender\\\";N;s:4:\\\"live\\\";s:0:\\\"\\\";s:5:\\\"about\\\";s:0:\\\"\\\";s:6:\\\"school\\\";s:0:\\\"\\\";s:4:\\\"work\\\";s:0:\\\"\\\";s:8:\\\"timezone\\\";s:3:\\\"UTC\\\";s:5:\\\"fb_id\\\";s:0:\\\"\\\";s:9:\\\"google_id\\\";s:0:\\\"\\\";s:6:\\\"status\\\";s:6:\\\"Active\\\";s:10:\\\"created_at\\\";s:19:\\\"2016-08-13 05:16:17\\\";s:10:\\\"updated_at\\\";s:19:\\\"2016-08-14 23:20:37\\\";s:10:\\\"deleted_at\\\";N;}s:12:\\\"\\u0000*\\u0000relations\\\";a:0:{}s:10:\\\"\\u0000*\\u0000visible\\\";a:0:{}s:10:\\\"\\u0000*\\u0000guarded\\\";a:1:{i:0;s:1:\\\"*\\\";}s:13:\\\"\\u0000*\\u0000dateFormat\\\";N;s:8:\\\"\\u0000*\\u0000casts\\\";a:0:{}s:10:\\\"\\u0000*\\u0000touches\\\";a:0:{}s:14:\\\"\\u0000*\\u0000observables\\\";a:0:{}s:7:\\\"\\u0000*\\u0000with\\\";a:0:{}s:13:\\\"\\u0000*\\u0000morphClass\\\";N;s:6:\\\"exists\\\";b:1;s:18:\\\"wasRecentlyCreated\\\";b:0;s:16:\\\"\\u0000*\\u0000forceDeleting\\\";b:0;}s:4:\\\"data\\\";a:5:{s:10:\\\"first_name\\\";s:3:\\\"Cam\\\";s:9:\\\"room_name\\\";s:12:\\\"Funky office\\\";s:12:\\\"created_time\\\";s:18:\\\"Sep 06 at 11:11 AM\\\";s:7:\\\"room_id\\\";i:10002;s:3:\\\"url\\\";s:24:\\\"http:\\/\\/dev.addadesk.com\\/\\\";}}s:7:\\\"binding\\\";N;s:5:\\\"scope\\\";s:36:\\\"App\\\\Http\\\\Controllers\\\\EmailController\\\";s:8:\\\"isStatic\\\";b:0;}}\"}}',0,0,NULL,1473160309,1473160309);
/*!40000 ALTER TABLE `jobs` ENABLE KEYS */;
UNLOCK TABLES;

--
-- Table structure for table `join_us`
--

DROP TABLE IF EXISTS `join_us`;
/*!40101 SET @saved_cs_client     = @@character_set_client */;
/*!40101 SET character_set_client = utf8 */;
CREATE TABLE `join_us` (
  `id` int(10) unsigned NOT NULL AUTO_INCREMENT,
  `name` varchar(25) COLLATE utf8_unicode_ci NOT NULL,
  `value` varchar(255) COLLATE utf8_unicode_ci NOT NULL,
  PRIMARY KEY (`id`)
) ENGINE=MyISAM AUTO_INCREMENT=8 DEFAULT CHARSET=utf8 COLLATE=utf8_unicode_ci;
/*!40101 SET character_set_client = @saved_cs_client */;

--
-- Dumping data for table `join_us`
--

LOCK TABLES `join_us` WRITE;
/*!40000 ALTER TABLE `join_us` DISABLE KEYS */;
INSERT INTO `join_us` VALUES (1,'facebook','https://www.facebook.com/makent'),(2,'google_plus','https://plus.google.com/+makent'),(3,'twitter','https://twitter.com/addadesk'),(4,'linkedin','https://www.linkedin.com/company/makent'),(5,'pinterest','https://www.pinterest.com/makent/'),(6,'youtube','http://www.youtube.com/makent'),(7,'instagram','https://www.instagram.com/addadesk');
/*!40000 ALTER TABLE `join_us` ENABLE KEYS */;
UNLOCK TABLES;

--
-- Table structure for table `language`
--

DROP TABLE IF EXISTS `language`;
/*!40101 SET @saved_cs_client     = @@character_set_client */;
/*!40101 SET character_set_client = utf8 */;
CREATE TABLE `language` (
  `id` int(10) unsigned NOT NULL AUTO_INCREMENT,
  `name` varchar(50) COLLATE utf8_unicode_ci NOT NULL,
  `value` varchar(5) COLLATE utf8_unicode_ci NOT NULL,
  `status` enum('Active','Inactive') COLLATE utf8_unicode_ci NOT NULL DEFAULT 'Active',
  `default_language` enum('1','0') COLLATE utf8_unicode_ci NOT NULL,
  PRIMARY KEY (`id`)
) ENGINE=MyISAM AUTO_INCREMENT=27 DEFAULT CHARSET=utf8 COLLATE=utf8_unicode_ci;
/*!40101 SET character_set_client = @saved_cs_client */;

--
-- Dumping data for table `language`
--

LOCK TABLES `language` WRITE;
/*!40000 ALTER TABLE `language` DISABLE KEYS */;
INSERT INTO `language` VALUES (1,'Bahasa Indonesia','id','Active','0'),(2,'Bahasa Melayu','ms','Active','0'),(3,'Català','ca','Active','0'),(4,'Dansk','da','Active','0'),(5,'Deutsch','de','Active','0'),(6,'English','en','Active','1'),(7,'Español','es','Active','0'),(8,'Eλληνικά','el','Active','0'),(9,'Français','fr','Active','0'),(10,'Italiano','it','Active','0'),(11,'Magyar','hu','Active','0'),(12,'Nederlands','nl','Active','0'),(13,'Norsk','no','Inactive','0'),(14,'Polski','pl','Active','0'),(15,'Português','pt','Active','0'),(16,'Suomi','fi','Active','0'),(17,'Svenska','sv','Inactive','0'),(18,'Türkçe','tr','Active','0'),(19,'Íslenska','is','Inactive','0'),(20,'Čeština','cs','Inactive','0'),(21,'Русский','ru','Active','0'),(22,'ภาษาไทย','th','Active','0'),(23,'中文 (简体)','zh','Active','0'),(24,'中文 (繁體)','zh-TW','Inactive','0'),(25,'日本語','ja','Inactive','0'),(26,'한국어','ko','Inactive','0');
/*!40000 ALTER TABLE `language` ENABLE KEYS */;
UNLOCK TABLES;

--
-- Table structure for table `message_type`
--

DROP TABLE IF EXISTS `message_type`;
/*!40101 SET @saved_cs_client     = @@character_set_client */;
/*!40101 SET character_set_client = utf8 */;
CREATE TABLE `message_type` (
  `id` int(10) unsigned NOT NULL AUTO_INCREMENT,
  `name` varchar(255) COLLATE utf8_unicode_ci NOT NULL,
  PRIMARY KEY (`id`)
) ENGINE=MyISAM AUTO_INCREMENT=12 DEFAULT CHARSET=utf8 COLLATE=utf8_unicode_ci;
/*!40101 SET character_set_client = @saved_cs_client */;

--
-- Dumping data for table `message_type`
--

LOCK TABLES `message_type` WRITE;
/*!40000 ALTER TABLE `message_type` DISABLE KEYS */;
INSERT INTO `message_type` VALUES (1,'Reservation Request'),(2,'Reservation Accept'),(3,'Reservation Decline'),(4,'Reservation Expire'),(5,'Reservation Discuss'),(6,'Pre-Approval'),(7,'Special Offer'),(8,'Unavailable'),(9,'Contact Request'),(10,'Cancel Reservation by Guest'),(11,'Cancel Reservation by Host');
/*!40000 ALTER TABLE `message_type` ENABLE KEYS */;
UNLOCK TABLES;

--
-- Table structure for table `messages`
--

DROP TABLE IF EXISTS `messages`;
/*!40101 SET @saved_cs_client     = @@character_set_client */;
/*!40101 SET character_set_client = utf8 */;
CREATE TABLE `messages` (
  `id` int(10) unsigned NOT NULL AUTO_INCREMENT,
  `room_id` int(10) unsigned NOT NULL,
  `reservation_id` int(10) unsigned NOT NULL,
  `user_to` int(10) unsigned NOT NULL,
  `user_from` int(10) unsigned NOT NULL,
  `message` text COLLATE utf8_unicode_ci,
  `message_type` int(10) unsigned NOT NULL,
  `read` enum('0','1') COLLATE utf8_unicode_ci NOT NULL,
  `archive` enum('0','1') COLLATE utf8_unicode_ci NOT NULL,
  `star` enum('0','1') COLLATE utf8_unicode_ci NOT NULL,
  `special_offer_id` int(11) DEFAULT NULL,
  `created_at` timestamp NOT NULL DEFAULT '0000-00-00 00:00:00',
  `updated_at` timestamp NOT NULL DEFAULT '0000-00-00 00:00:00',
  PRIMARY KEY (`id`),
  KEY `messages_room_id_foreign` (`room_id`),
  KEY `messages_reservation_id_foreign` (`reservation_id`),
  KEY `messages_user_to_foreign` (`user_to`),
  KEY `messages_user_from_foreign` (`user_from`),
  KEY `messages_message_type_foreign` (`message_type`)
) ENGINE=MyISAM DEFAULT CHARSET=utf8 COLLATE=utf8_unicode_ci;
/*!40101 SET character_set_client = @saved_cs_client */;

--
-- Dumping data for table `messages`
--

LOCK TABLES `messages` WRITE;
/*!40000 ALTER TABLE `messages` DISABLE KEYS */;
/*!40000 ALTER TABLE `messages` ENABLE KEYS */;
UNLOCK TABLES;

--
-- Table structure for table `metas`
--

DROP TABLE IF EXISTS `metas`;
/*!40101 SET @saved_cs_client     = @@character_set_client */;
/*!40101 SET character_set_client = utf8 */;
CREATE TABLE `metas` (
  `id` int(10) unsigned NOT NULL AUTO_INCREMENT,
  `url` varchar(255) COLLATE utf8_unicode_ci NOT NULL,
  `title` varchar(255) COLLATE utf8_unicode_ci NOT NULL,
  `description` text COLLATE utf8_unicode_ci NOT NULL,
  `keywords` text COLLATE utf8_unicode_ci NOT NULL,
  PRIMARY KEY (`id`)
) ENGINE=MyISAM AUTO_INCREMENT=43 DEFAULT CHARSET=utf8 COLLATE=utf8_unicode_ci;
/*!40101 SET character_set_client = @saved_cs_client */;

--
-- Dumping data for table `metas`
--

LOCK TABLES `metas` WRITE;
/*!40000 ALTER TABLE `metas` DISABLE KEYS */;
INSERT INTO `metas` VALUES (1,'/','Office, desk and hot desk rentals,  activate your office space','Office, desk and hot desk rentals,  activate your office space',''),(2,'login','Log In / Sign Up','Log In / Sign Up',''),(3,'signup_login','Log In / Sign Up','Log In / Sign Up',''),(4,'inbox','Inbox','Inbox',''),(5,'z/q/{id}','Conversation','Conversation',''),(6,'messaging/qt_with/{id}','Conversation','Conversation',''),(7,'payments/book/{id?}','Booking','Booking',''),(8,'reservation/{id}','Reservation Request','Reservation Request',''),(9,'my_reservations','Your Reservations','Your Reservations',''),(10,'reservation/itinerary','Travel Itinerary, Confirmation Code','Travel Itinerary, Confirmation Code',''),(11,'reservation/requested','Accommodations','Accommodations',''),(12,'reservation/change','Reservation Change','Reservation Change',''),(13,'alterations/{code}','Reservation Change','Reservation Change',''),(14,'rooms','Your Listings','Your Listings',''),(15,'rooms/new','Rent Out Your Offices or Desks','Rent Out Your Offices or Desks','Rent Office, Rent Desks'),(16,'manage-listing/{id}/{page}','Edit Listing','Edit Listing',''),(17,'s','Search','Search',''),(18,'trips/current','Your Trips','Your Trips',''),(19,'trips/previous','Your Trips','Your Trips',''),(20,'reservation/receipt','Receipt, Confirmation Code','Receipt, Confirmation Code',''),(21,'dashboard','Dashboard','Dashboard',''),(22,'forgot_password','Forgot Password','Forgot Password',''),(23,'users/set_password/{secret?}','Reset Password','Reset Password',''),(24,'users/edit','Profile','Profile',''),(25,'users/edit/media','Profile','Profile',''),(26,'users/security','Account','Account',''),(27,'users/payout_preferences/{id}','Account','Account',''),(28,'users/transaction_history','Transaction History','Transaction History',''),(29,'users/reviews','Reviews','Reviews',''),(30,'reviews/edit/{id}','Reviews','Reviews',''),(31,'home/cancellation_policies','Cancellation Policies','Cancellation Policies',''),(32,'help','Help Center','Help Center',''),(33,'help/topic/{id}/{category}','Help Center','Help Center',''),(34,'help/article/{id}/{question}','Help Center','Help Center',''),(35,'wishlists/my','Wish Lists','Wish Lists',''),(36,'users/{id}/wishlists','Wish Lists','Wish Lists',''),(37,'wishlists/{id}','Wish Lists','Wish Lists',''),(38,'invite','Invite Friends','Invite Friends',''),(39,'c/{username}','Invite Friends','Invite Friends',''),(40,'wishlists/popular','Popular','Popular',''),(41,'wishlists/picks','Picks','Picks',''),(42,'users/edit_verification','Trust and Verification','Trust and Verification','');
/*!40000 ALTER TABLE `metas` ENABLE KEYS */;
UNLOCK TABLES;

--
-- Table structure for table `migrations`
--

DROP TABLE IF EXISTS `migrations`;
/*!40101 SET @saved_cs_client     = @@character_set_client */;
/*!40101 SET character_set_client = utf8 */;
CREATE TABLE `migrations` (
  `migration` varchar(255) COLLATE utf8_unicode_ci NOT NULL,
  `batch` int(11) NOT NULL
) ENGINE=MyISAM DEFAULT CHARSET=utf8 COLLATE=utf8_unicode_ci;
/*!40101 SET character_set_client = @saved_cs_client */;

--
-- Dumping data for table `migrations`
--

LOCK TABLES `migrations` WRITE;
/*!40000 ALTER TABLE `migrations` DISABLE KEYS */;
INSERT INTO `migrations` VALUES ('2014_10_12_000000_create_users_table',1),('2014_10_12_100000_create_password_resets_table',1),('2015_08_17_142217_create_session_table',1),('2015_08_23_052158_create_currency_table',1),('2015_08_23_064803_create_language_table',1),('2015_08_23_070133_create_property_type_table',1),('2015_08_23_070146_create_room_type_table',1),('2015_08_23_070159_create_site_settings_table',1),('2015_08_23_112417_create_bed_type_table',1),('2015_08_23_141732_create_api_credentials_table',1),('2015_08_25_103208_create_rooms_table',1),('2015_08_25_160119_create_country_table',1),('2015_08_26_154351_create_rooms_address_table',1),('2015_08_26_155913_create_rooms_price_table',1),('2015_08_26_161037_create_rooms_photos_table',1),('2015_08_26_162135_create_amenities_type_table',1),('2015_08_26_162452_create_amenities_table',1),('2015_08_28_141136_create_rooms_steps_status_table',1),('2015_09_04_024038_create_rooms_description_table',1),('2015_09_12_090410_create_calendar_table',1),('2015_09_19_125355_create_payment_gateway_table',1),('2015_09_19_153716_create_profile_picture_table',1),('2015_09_24_163220_create_admin_table',1),('2015_09_26_161159_entrust_setup_tables',1),('2015_10_03_034743_create_imported_ical',1),('2015_10_05_153204_create_timezone_table',1),('2015_10_14_073332_create_reservation_table',1),('2015_10_16_074013_create_message_type_table',1),('2015_10_16_075013_create_messages_table',1),('2015_10_24_065149_create_email_settings_table',1),('2015_11_07_134757_create_theme_settings_table',1),('2016_02_29_182203_create_special_offer_table',1),('2016_03_08_163605_create_payout_preferences_table',1),('2016_03_12_182757_create_payouts_table',1),('2016_03_25_173347_create_pages_table',1),('2016_03_27_063921_create_fees_table',1),('2016_03_27_084526_create_join_us_table',1),('2016_03_28_162131_create_reviews_table',1),('2016_04_02_070729_create_users_verification',1),('2016_04_02_160807_create_metas_table',1),('2016_04_23_180838_create_home_cities',1),('2016_04_30_114723_create_jobs_table',1),('2016_05_01_065756_create_host_penalty_table',1),('2016_05_01_115814_create_failed_jobs_table',1),('2016_05_09_140352_create_help_category_table',1),('2016_05_09_140411_create_help_subcategory_table',1),('2016_05_09_140500_create_help_table',1),('2016_05_22_172442_create_wishlists_table',1),('2016_05_22_172646_create_saved_wishlists_table',1),('2016_05_28_181929_create_coupon_code_table',1),('2016_05_30_191809_create_referrals_table',1),('2016_05_30_191835_create_referral_settings_table',1),('2016_06_07_194523_create_applied_travel_credit_table',1);
/*!40000 ALTER TABLE `migrations` ENABLE KEYS */;
UNLOCK TABLES;

--
-- Table structure for table `pages`
--

DROP TABLE IF EXISTS `pages`;
/*!40101 SET @saved_cs_client     = @@character_set_client */;
/*!40101 SET character_set_client = utf8 */;
CREATE TABLE `pages` (
  `id` int(10) unsigned NOT NULL AUTO_INCREMENT,
  `name` varchar(255) COLLATE utf8_unicode_ci NOT NULL,
  `url` varchar(255) COLLATE utf8_unicode_ci NOT NULL,
  `footer` enum('yes','no') COLLATE utf8_unicode_ci NOT NULL,
  `under` enum('company','discover','hosting') COLLATE utf8_unicode_ci NOT NULL,
  `content` longtext COLLATE utf8_unicode_ci NOT NULL,
  `status` enum('Active','Inactive') COLLATE utf8_unicode_ci NOT NULL,
  `created_at` timestamp NOT NULL DEFAULT '0000-00-00 00:00:00',
  `updated_at` timestamp NOT NULL DEFAULT '0000-00-00 00:00:00',
  PRIMARY KEY (`id`)
) ENGINE=MyISAM AUTO_INCREMENT=11 DEFAULT CHARSET=utf8 COLLATE=utf8_unicode_ci;
/*!40101 SET character_set_client = @saved_cs_client */;

--
-- Dumping data for table `pages`
--

LOCK TABLES `pages` WRITE;
/*!40000 ALTER TABLE `pages` DISABLE KEYS */;
INSERT INTO `pages` VALUES (1,'Terms of Service','terms_of_service','yes','company','&nbsp;&nbsp;&nbsp; <h1>Terms of Service&nbsp;&nbsp;&nbsp;&nbsp;&nbsp; </h1><p>PLEASE READ THESE TERMS OF SERVICE CAREFULLY AS THEY CONTAIN IMPORTANT INFORMATION REGARDING YOUR LEGAL RIGHTS, REMEDIES AND OBLIGATIONS. THESE INCLUDE VARIOUS LIMITATIONS AND EXCLUSIONS, A CLAUSE THAT GOVERNS THE JURISDICTION AND VENUE OF DISPUTES, AND OBLIGATIONS TO COMPLY WITH APPLICABLE LAWS AND REGULATIONS.</p><p>IN PARTICULAR, HOSTS SHOULD UNDERSTAND HOW THE LAWS WORK IN THEIR RESPECTIVE CITIES. SOME CITIES HAVE LAWS THAT RESTRICT THEIR ABILITY TO HOST PAYING GUESTS FOR SHORT PERIODS. THESE LAWS ARE OFTEN PART OF A CITY\'S ZONING OR ADMINISTRATIVE CODES. IN MANY CITIES, HOSTS MUST REGISTER, GET A PERMIT, OR OBTAIN A LICENSE BEFORE LISTING A PROPERTY OR ACCEPTING GUESTS. CERTAIN TYPES OF SHORT-TERM BOOKINGS MAY BE PROHIBITED ALTOGETHER. LOCAL GOVERNMENTS VARY GREATLY IN HOW THEY ENFORCE THESE LAWS. PENALTIES MAY INCLUDE FINES OR OTHER ENFORCEMENT. HOSTS SHOULD REVIEW LOCAL LAWS BEFORE LISTING A SPACE ON SITE_NAME.</p><p>Last Updated: Jan 1, 2016</p><p><b><u>TERMS OF SERVICE</u></b></p><p>If you are using the Site, Application or Services and you reside in the USA, you are contracting with SITE_NAME, Inc. with respect to use of the SITE_NAME Site, Application or Services, and with SITE_NAME Payments, Inc. with respect to any payments or payouts from or to you conducted through the Site, Application or Services. If you reside outside of the USA, you are contracting with SITE_NAME Ireland with respect to use of the SITE_NAME Site, Application or Services, and with SITE_NAME Payments UK Ltd. with respect to any payments or payouts from or to you conducted through the Site, Application or Services. If you initially reside in the USA and contract with SITE_NAME, Inc. and/or SITE_NAME Payments, Inc., but subsequently change your residence to outside of the USA, you will contract with SITE_NAME Ireland from the date on which your place of residence changes, and vice versa. (SITE_NAME, Inc., SITE_NAME Ireland, SITE_NAME Payments UK Ltd. and SITE_NAME Payments, Inc. (the last two solely with respect to payments and payouts related activity) are each hereinafter referred to as \"<b>SITE_NAME</b>\", \"<b>we</b>\", \"<b>us</b>\", or \"<b>our</b>\"). SITE_NAME Payments, Inc. and SITE_NAME Payments UK Ltd. shall individually and collectively, as appropriate, be referred to herein as \"<b>SITE_NAME Payments</b>\".</p><p>SITE_NAME provides an online platform that connects hosts who have accommodations to rent with guests seeking to rent such accommodations (collectively, the \"<b>Services</b>\"), which Services are accessible at&nbsp;<a target=\"_blank\" href=\"SITE_URL\">SITE_URL</a> and any other websites through which SITE_NAME makes the Services available (collectively, the \"<b>Site</b>\") and as applications for mobile devices (the \"<b>Application</b>\"). By using the Site or Application, you agree to comply with and be legally bound by the terms and conditions of these Terms of Service (\"<b>Terms</b>\"), whether or not you become a registered user of the Services. These Terms govern your access to and use of the Site, Application and Services and all Collective Content (defined below), and your participation in the Referral Program (defined below), and constitute a binding legal agreement between you and SITE_NAME. Please also read carefully our Privacy Policy at <a target=\"_blank\" href=\"SITE_URL/privacy_policy\">SITE_URL/privacy_policy</a>. If you do not agree to these Terms, you have no right to obtain information from or otherwise continue using the Site, Application or Services. Failure to use the Site, Application or Services in accordance with these Terms may subject you to civil and criminal penalties.</p><p>THE SITE, APPLICATION AND SERVICES COMPRISE AN ONLINE PLATFORM THROUGH WHICH HOSTS MAY CREATE LISTINGS FOR ACCOMMODATIONS AND GUESTS MAY LEARN ABOUT AND BOOK ACCOMMODATIONS DIRECTLY WITH THE HOSTS. YOU UNDERSTAND AND AGREE THAT SITE_NAME IS NOT A PARTY TO ANY AGREEMENTS ENTERED INTO BETWEEN HOSTS AND GUESTS, NOR IS SITE_NAME A REAL ESTATE BROKER, AGENT OR INSURER. SITE_NAME HAS NO CONTROL OVER THE CONDUCT OF HOSTS, GUESTS AND OTHER USERS OF THE SITE, APPLICATION AND SERVICES OR ANY ACCOMMODATIONS, AND DISCLAIMS ALL LIABILITY IN THIS REGARD TO THE MAXIMUM EXTENT PERMITTED BY LAW.</p><p><b>Key Terms</b></p><p>\"<b>SITE_NAME Content</b>\" means all Content that SITE_NAME makes available through the Site, Application, or Services, including any Content licensed from a third party, but excluding Member Content. <br></p><p>\"<b>Booking Request Period</b>\" means the time period starting from the time when a booking is requested by a Guest (as determined by SITE_NAME in its sole discretion), within which a Host may decide whether to confirm or reject that booking request, as stated on the Site, Application or Services. Different Booking Request Periods may apply in different places. <br></p><p>\"<b>Collective Content</b>\" means Member Content and SITE_NAME Content. <br></p><p>\"<b>Content</b>\" means text, graphics, images, music, software (excluding the Application), audio, video, information or other materials. <br></p><p>\"<b>Guest</b>\" means a Member who requests from a Host a booking of an Accommodation via the Site, Application or Services, or a Member who stays at an Accommodation and is not the Host for such Accommodation. <br></p><p>\"<b>Host</b>\" means a Member who creates a Listing via the Site, Application and Services. <br></p><p>\"<b>Listing</b>\" means an Accommodation that is listed by a Host as available for rental via the Site, Application, and Services. <br></p><p>\"<b>Member</b>\" means a person who completes SITE_NAME\'s account registration process, including but not limited to Hosts and Guests, as described under \"Account Registration\" below. <br></p><p>\"<b>Member Content</b>\" means all Content that a Member posts, uploads, publishes, submits, transmits, or includes in their Listing or Member profile to be made available through the Site, Application or Services. <br></p><p>\"<b>Tax</b>\" or \"<b>Taxes</b>\" mean any sales taxes, value added taxes (VAT), goods and services taxes (GST), transient occupancy taxes, tourist or other visitor taxes, accommodation or lodging taxes, fees (such as convention center fees) that accommodation providers may be required by law to collect and remit to governmental agencies, and other similar municipal, state, federal and national indirect or other withholding and personal or corporate income taxes.</p><p>Certain areas of the Site and Application (and your access to or use of certain aspects of the Services or Collective Content) may have different terms and conditions posted or may require you to agree with and accept additional terms and conditions. If there is a conflict between these Terms and terms and conditions posted for a specific area of the Site, Application, Services, or Collective Content, the latter terms and conditions will take precedence with respect to your use of or access to that area of the Site, Application, Services, or Collective Content.</p><p>YOU ACKNOWLEDGE AND AGREE THAT, BY ACCESSING OR USING THE SITE, APPLICATION OR SERVICES OR BY DOWNLOADING OR POSTING ANY CONTENT FROM OR ON THE SITE, VIA THE APPLICATION OR THROUGH THE SERVICES, YOU ARE INDICATING THAT YOU HAVE READ, AND THAT YOU UNDERSTAND AND AGREE TO BE BOUND BY THESE TERMS, WHETHER OR NOT YOU HAVE REGISTERED WITH THE SITE AND APPLICATION. IF YOU DO NOT AGREE TO THESE TERMS, THEN YOU HAVE NO RIGHT TO ACCESS OR USE THE SITE, APPLICATION, SERVICES, OR COLLECTIVE CONTENT. If you accept or agree to these Terms on behalf of a company or other legal entity, you represent and warrant that you have the authority to bind that company or other legal entity to these Terms and, in such event, \"you\" and \"your\" will refer and apply to that company or other legal entity.</p><p><b>Modification</b></p><p>SITE_NAME reserves the right, at its sole discretion, to modify the Site, Application or Services or to modify these Terms, including the Service Fees, at any time and without prior notice. If we modify these Terms, we will either post the modification on the Site or via the Application or otherwise provide you with notice of the modification. We will also update the \"Last Updated Date\" at the top of these Terms. By continuing to access or use the Site, Application or Services after we have posted a modification on the Site or via the Application or have provided you with notice of a modification, you are indicating that you agree to be bound by the modified Terms. If the modified Terms are not acceptable to you, your only recourse is to cease using the Site, Application and Services.</p><p><b>Eligibility</b></p><p>The Site, Application and Services are intended solely for persons who are 18 or older. Any access to or use of the Site, Application or Services by anyone under 18 is expressly prohibited. By accessing or using the Site, Application or Services you represent and warrant that you are 18 or older.</p><p><b>How the Site, Application and Services Work</b></p><p>The Site, Application and Services can be used to facilitate the listing and booking of residential and other properties (\"<b>Accommodations</b>\"). Such Accommodations are included in Listings on the Site, Application and Services by Hosts. You may view Listings as an unregistered visitor to the Site, Application and Services; however, if you wish to book an Accommodation or create a Listing, you must first register to create an SITE_NAME Account (defined below).</p><p>As stated above, SITE_NAME makes available an online platform or marketplace with related technology for Guests and Hosts to meet online and arrange for bookings of Accommodations directly with each other. SITE_NAME is not an owner or operator of properties, including, but not limited to, hotel rooms, motel rooms, other lodgings or Accommodations, nor is it a provider of properties, including, but not limited to, hotel rooms, motel rooms, other lodgings or Accommodations and SITE_NAME does not own, sell, resell, furnish, provide, rent, re-rent, manage and/or control properties, including, but not limited to, hotel rooms, motel rooms, other lodgings or Accommodations or transportation or travel services. Unless explicitly specified otherwise in the SITE_NAME platform, SITE_NAME\'s responsibilities are limited to: (i) facilitating the availability of the Site, Application and Services and (ii) serving as the limited payment collection agent of each Host for the purpose of accepting payments from Guests on behalf of the Host.</p><p>PLEASE NOTE THAT, AS STATED ABOVE, THE SITE, APPLICATION AND SERVICES ARE INTENDED TO BE USED TO FACILITATE HOSTS AND GUESTS CONNECTING AND BOOKING ACCOMMODATIONS DIRECTLY WITH EACH OTHER. SITE_NAME CANNOT AND DOES NOT CONTROL THE CONTENT CONTAINED IN ANY LISTINGS AND THE CONDITION, LEGALITY OR SUITABILITY OF ANY ACCOMMODATIONS. SITE_NAME IS NOT RESPONSIBLE FOR AND DISCLAIMS ANY AND ALL LIABILITY RELATED TO ANY AND ALL LISTINGS AND ACCOMMODATIONS. ACCORDINGLY, ANY BOOKINGS WILL BE MADE OR ACCEPTED AT THE MEMBER\'S OWN RISK.</p><p><b>Account Registration</b></p><p>In order to access certain features of the Site and Application, and to book an Accommodation or create a Listing, you must register to create an account (\"<b>SITE_NAME Account</b>\") and become a Member. You may register to join the Services directly via the Site or Application or as described in this section.</p><p>You can also register to join by logging into your account with certain third-party social networking sites (\"<b>SNS</b>\") (including, but not limited to, Facebook; each such account, a \"<b>Third-Party Account</b>\"), via our Site or Application, as described below. As part of the functionality of the Site, Application and Services, you may link your SITE_NAME Account with Third-Party Accounts, by either: (i) providing your Third-Party Account login information to SITE_NAME through the Site, Services or Application; or (ii) allowing SITE_NAME to access your Third-Party Account, as permitted under the applicable terms and conditions that govern your use of each Third-Party Account. You represent that you are entitled to disclose your Third-Party Account login information to SITE_NAME and/or grant SITE_NAME access to your Third-Party Account (including, but not limited to, for use for the purposes described herein), without breach by you of any of the terms and conditions that govern your use of the applicable Third-Party Account and without obligating SITE_NAME to pay any fees or making SITE_NAME subject to any usage limitations imposed by such third-party service providers. By granting SITE_NAME access to any Third-Party Accounts, you understand that SITE_NAME will access, make available and store (if applicable) any Content that you have provided to and stored in your Third-Party Account (\"<b>SNS Content</b>\") so that it is available on and through the Site, Services and Application via your SITE_NAME Account and SITE_NAME Account profile page. Unless otherwise specified in these Terms, all SNS Content, if any, will be considered to be Member Content for all purposes of these Terms. Depending on the Third-Party Accounts you choose and subject to the privacy settings that you have set in such Third-Party Accounts, personally identifiable information that you post to your Third-Party Accounts will be available on and through your SITE_NAME Account on the Site, Services and Application. Please note that if a Third-Party Account or associated service becomes unavailable or SITE_NAME\'s access to such Third-Party Account is terminated by the third-party service provider, then SNS Content will no longer be available on and through the Site, Services and Application. You have the ability to disable the connection between your SITE_NAME Account and your Third-Party Accounts, at any time, by accessing the \"Settings\" section of the Site and Application. PLEASE NOTE THAT YOUR RELATIONSHIP WITH THE THIRD-PARTY SERVICE PROVIDERS ASSOCIATED WITH YOUR THIRD-PARTY ACCOUNTS IS GOVERNED SOLELY BY YOUR AGREEMENT(S) WITH SUCH THIRD-PARTY SERVICE PROVIDERS. SITE_NAME makes no effort to review any SNS Content for any purpose, including but not limited to for accuracy, legality or non-infringement and SITE_NAME is not responsible for any SNS Content.</p><p>Your SITE_NAME Account and your SITE_NAME Account profile page will be created for your use of the Site and Application based upon the personal information you provide to us or that we obtain via an SNS as described above. You may not have more than one (1) active SITE_NAME Account. You agree to provide accurate, current and complete information during the registration process and to update such information to keep it accurate, current and complete. SITE_NAME reserves the right to suspend or terminate your SITE_NAME Account and your access to the Site, Application and Services if you create more than one (1) SITE_NAME Account, or if any information provided during the registration process or thereafter proves to be inaccurate, fraudulent, not current or incomplete. You are responsible for safeguarding your password. You agree that you will not disclose your password to any third party and that you will take sole responsibility for any activities or actions under your SITE_NAME Account, whether or not you have authorized such activities or actions. You will immediately notify SITE_NAME of any unauthorized use of your SITE_NAME Account.</p><p><b>Accommodation Listings</b></p><p>As a Member, you may create Listings. To create a Listing, you will be asked a variety of questions about the Accommodation to be listed, including, but not limited to, the location, capacity, size, features, and availability of the Accommodation and pricing and related rules and financial terms. In order to be featured in Listings via the Site, Application and Services, all Accommodations must have valid physical addresses. Listings will be made publicly available via the Site, Application and Services. Other Members will be able to book your Accommodation via the Site, Application and Services based upon the information provided in your Listing. You understand and agree that once a Guest requests a booking of your Accommodation, you may not request the Guest to pay a higher price than in the booking request.</p><p>You acknowledge and agree that you alone are responsible for any and all Listings and Member Content you post. Accordingly, you represent and warrant that any Listing you post and the booking of, or a Guest\'s stay at, an Accommodation in a Listing you post (i) will not breach any agreements you have entered into with any third parties, such as homeowners association, condominium, lease or rental agreements, and (ii) will (a) be in compliance with all applicable laws (such as zoning laws and laws governing rentals of residential and other properties), Tax requirements, and rules and regulations that may apply to any Accommodation included in a Listing you post (including having all required permits, licenses and registrations), and (b) not conflict with the rights of third parties. Please note that SITE_NAME assumes no responsibility for a Host\'s compliance with any agreements with or duties to third parties, applicable laws, rules and regulations. SITE_NAME reserves the right, at any time and without prior notice, to remove or disable access to any Listing for any reason, including Listings that SITE_NAME, in its sole discretion, considers to be objectionable for any reason, in violation of these Terms, or otherwise harmful to the Site, Application or Services.</p><p>If you are a Host, you understand and agree that SITE_NAME does not act as an insurer or as your contracting agent. If a Guest requests a booking of your Accommodation and stays at your Accommodation, any agreement you enter into with such Guest is between you and the Guest and SITE_NAME is not a party to it. Notwithstanding the foregoing, SITE_NAME Payments serves as the limited authorized payment collection agent of the Host for the purpose of accepting, on behalf of the Host, payments from Guests of such amounts stipulated by the Host (including cleaning or other fees and/or Taxes).</p><p>When you create a Listing, you may also choose to include certain requirements which must be met by the Members who are eligible to request a booking of your Accommodation, such as requiring Members to have a profile picture or verified phone number, in order to book your Accommodation. Any Member wishing to book Accommodations included in Listings with such requirements must meet these requirements. More information on how to set such requirements is available via the \"Hosting\" section of the Site, Application and Services.</p><p>If you are a Host, SITE_NAME makes certain tools available to you to help you to make informed decisions about which Members you choose to confirm or preapprove for booking for your Accommodation. You acknowledge and agree that, as a Host, you are responsible for your own acts and omissions and are also responsible for the acts and omissions of any individuals who reside at or are otherwise present at the Accommodation at your request or invitation, excluding the Guest (and the individuals the Guest invites to the Accommodation, if applicable.)</p><p>SITE_NAME recommends that Hosts obtain appropriate insurance for their Accommodations. Please review any insurance policy that you may have for your Accommodation carefully, and in particular please make sure that you are familiar with and understand any exclusions to, and any deductibles that may apply for, such insurance policy, including, but not limited to, whether or not your insurance policy will cover the actions or inactions of Guests (and the individuals the Guest invites to the Accommodation, if applicable) while at your Accommodation.</p><p>SITE_NAME may offer Hosts the option of having photographers take photographs of their Accommodations. If you as a Host choose to have a photographer do this, the photographs taken will be made available to you to include in your Listing with a watermark or tag bearing the words \"SITE_NAME.com Verified Photo\" or similar wording (\"<b>Verified Images</b>\"). You agree that you alone are responsible for ensuring that your Listing is accurately represented in the Verified Images. You alone are responsible for using the Verified Images and you warrant that you will cease to use the Verified Images or any other images if such images cease to accurately represent your Listing. All images, materials and content created by these photographers, including Verified Images, constitute SITE_NAME Content, regardless of whether you include them in your Listing. You agree that SITE_NAME may use the Verified Images&nbsp;for advertising, marketing, commercial and other business purposes in any media or platform, whether in relation to your Listing or otherwise, without further notice or compensation.</p><p><b>No Endorsement</b></p><p>SITE_NAME does not endorse any Member or any Accommodation. You understand that Verified Images are intended only to indicate a photographic representation of the Accommodation at the time the photograph was taken. Verified Images are therefore not an endorsement by SITE_NAME of any Member or any Accommodation. Members are required by these Terms to provide accurate information, and although SITE_NAME may undertake additional checks and processes designed to help verify or check the identities or backgrounds of users, we do not make any representations about, confirm, or endorse any Member or the Member\'s purported identity or background.</p><p>Any references in the Site, Application or Services to a Member being \"verified\" or \"connected\" (or similar language) only indicate that the Member has completed a relevant verification process, and does not represent anything else. Any such description is not an endorsement, certification or guarantee by SITE_NAME about any Member, including of the Member\'s identity and whether the Member is trustworthy, safe or suitable. Instead, any such description is intended to be useful information for you to evaluate when you make your own decisions about the identity and suitability of others whom you contact or interact with via the Site, Application and Services. We therefore recommend that you always exercise due diligence and care when deciding whether to stay with a Host or to accept a booking request from a Guest, or to have any other interaction with any other Member. Except as provided in the SITE_NAME <a href=\"SITE_URL/host_guarantee\">Host Guarantee Terms and Conditions</a> (\"<b>SITE_NAME Host Guarantee</b>\"), which is an agreement between SITE_NAME and Hosts, we are not responsible for any damage or harm resulting from your interactions with other Members.</p><p>By using the Site, Application or Services, you agree that any legal remedy or liability that you seek to obtain for actions or omissions of other Members or other third parties will be limited to a claim against the particular Members or other third parties who caused you harm. You agree not to attempt to impose liability on or seek any legal remedy from SITE_NAME with respect to such actions or omissions. Accordingly, we encourage you to communicate directly with other Members on the Site and Services regarding any bookings or Listings made by you. This limitation shall not apply to any claim by a Host against SITE_NAME regarding the remittance of payments received from a Guest by SITE_NAME on behalf of a Host, which instead shall be subject to the limitations described in the section below entitled \"Limitation of Liability\".</p><p><b>Bookings and Financial Terms</b></p><p><i>Key definitions</i></p><p>\"<b>Accommodation Fees</b>\" means the amounts that are due and payable by a Guest in exchange for that Guest\'s stay in an Accommodation. The Host alone, and not SITE_NAME, is responsible for the Accommodation Fees for his or her Listing. The Host may in his or her sole discretion decide to include in these amounts (i) a cleaning fee or any other fee permitted on the SITE_NAME platform, or (ii) Taxes that the Host determines that he or she has to collect. <br></p><p>\"<b>Guest Fees</b>\" means the fee that SITE_NAME charges a Guest for the use of the Services, which is calculated as a percentage of the applicable Accommodation Fees. The Guest Fees will be displayed to the Guest when the Guest is asked whether to send a booking request to a Host. <br></p><p>\"<b>Host Fees</b>\" means the fee that SITE_NAME charges a Host for the use of the Services, which is calculated as a percentage of the applicable Accommodation Fees. The Host Fees will be displayed to the Host when the Host is asked whether to confirm or reject a booking request from a prospective Guest. <br></p><p>\"<b>Service Fees</b>\" means collectively the Guest Fees and the Host Fees. <br></p><p>\"<b>Total Fees</b>\" means collectively the Accommodation Fees and the Guest Fees plus any Taxes.</p><p><i>Bookings and Financial Terms for Hosts and Guests</i></p><p>If you are a Host and a booking is requested for your Accommodation via the Site, Application or Services, you will be required to either confirm or reject the booking request within the Booking Request Period, otherwise the booking request will automatically expire. When a booking is requested via the Site, Application or Services, we will share with you (i) the first and last name of the Guest who has requested the booking, (ii) a link to the Guest\'s SITE_NAME Account profile page, (iii) if the Guest and Host have both connected their SITE_NAME accounts to SNS, the names of any members of an SNS with whom you are \"friends\" or associated on the SNS if such individuals are also \"friends\" or associated with the Guest on such SNS, and (iv) an indication of whether or not the Guest has provided other information to SITE_NAME, such as a verified email address, connection to SNSs, or a government ID. If you are unable to confirm or decide to reject a booking request within the Booking Request Period, any amounts collected by SITE_NAME for the requested booking will be refunded to the applicable Guest\'s credit card and any pre-authorization of such credit card will be released. When you confirm a booking requested by a Guest, SITE_NAME will send you an email, text message or message via the Application confirming such booking, depending on the selections you make via the Site, Application and Services.</p><p>SITE_NAME Payments will collect the Total Fees at the time of booking confirmation (i.e. when the Host confirms the booking request) and will initiate payment of the Accommodation Fees (less SITE_NAME\'s Host Fees and any Taxes in respect of the Host Fees, such as VAT in Europe) to the Host within 24 hours of when the Guest arrives at the applicable Accommodation (except to the extent that a refund is due to the Guest). The time it takes for the Host to receive payouts may depend upon the payout method chosen by the Host. Some methods involve the use of third-party payment processors, who may impose their own additional charges for the use of their services on the Host, including by deducting their charges from the payout amount.</p><p>If you owe or agree to pay any amount via SITE_NAME Payments to SITE_NAME (whether as a result of your bookings or actions as a Guest or otherwise), then SITE_NAME Payments may (but is not obliged to) withhold the amount owing to SITE_NAME from any payout amounts due to you as a Host, and use the withheld amount to setoff the amount owed by you to SITE_NAME. If SITE_NAME Payments does so, then your obligation to pay SITE_NAME will be extinguished to the extent of the amount withheld by SITE_NAME Payments, and SITE_NAME will cease to owe to you any obligations (including, but not limited to, any obligation to pay you) with respect to the amount withheld. In addition to the amount due, if your account is delinquent or you otherwise have chargebacks on your account, you may be charged fees that are incidental to our collection of these delinquent amounts and chargebacks. Such fees or charges may include collection fees, convenience fees, or other third party charges. You hereby explicitly agree that all communication in relation to delinquent accounts will be made by electronic mail or by phone, as provided to SITE_NAME by you. Such communication may be made by SITE_NAME or by anyone on its behalf, including but not limited to a third party collection agent.</p><p><i>Appointment of SITE_NAME Payments as Limited Payment Collection Agent for Host</i></p><p>Each Host hereby appoints SITE_NAME Payments as the Host\'s limited payment collection agent solely for the purpose of accepting the Accommodation Fees from Guests.</p><p>Each Host agrees that payment made by a Guest through SITE_NAME Payments, shall be considered the same as a payment made directly to the Host, and the Host will make the Accommodation available to the Guest in the agreed-upon manner as if the Host has received the Accommodation Fees. Each Host agrees that SITE_NAME may, in accordance with the cancellation policy selected by the Host and reflected in the relevant Listing, (i) permit the Guest to cancel the booking and (ii) refund (via SITE_NAME Payments) to the Guest that portion of the Accommodation Fees specified in the applicable cancellation policy. Each Host understands that as SITE_NAME Payments accepts payments from Guests as the Host\'s limited payment collection agent and that SITE_NAME Payments\' obligation to pay the Host is subject to and conditional upon successful receipt of the associated payments from Guests. SITE_NAME does not guarantee payments to Hosts for amounts that have not been successfully received by SITE_NAME Payments from Guests. In accepting appointment as the limited authorized agent of the Host, SITE_NAME Payments assumes no liability for any acts or omissions of the Host.</p><p>Please note that SITE_NAME does not currently charge fees for the creation of Listings. However, you as a Host acknowledge and agree that SITE_NAME reserves the right, in its sole discretion, to charge you for and collect fees from you for the creation of Listings. Please note that SITE_NAME will provide notice of any Listing fee collection via the Site, Application and Services, prior to implementing such a Listing fee feature.</p><p><i>Bookings and Financial Terms for Guests</i></p><p>The Hosts, not SITE_NAME, are solely responsible for honoring any confirmed bookings and making available any Accommodations reserved through the Site, Application and Services. If you, as a Guest, choose to enter into a transaction with a Host for the booking of an Accommodation, you agree and understand that you will be required to enter into an agreement with the Host and you agree to accept any terms, conditions, rules and restrictions associated with such Accommodation imposed by the Host. You acknowledge and agree that you, and not SITE_NAME, will be responsible for performing the obligations of any such agreements, that SITE_NAME is not a party to such agreements, and that, with the exception of its payment obligations hereunder, SITE_NAME disclaims all liability arising from or related to any such agreements. You acknowledge and agree that, notwithstanding the fact that SITE_NAME is not a party to the agreement between you and the Host, SITE_NAME Payments acts as the Host\'s payment collection agent for the limited purpose of accepting payments from you on behalf of the Host. Upon your payment of the Total Fees to SITE_NAME Payments, your payment obligation to the Host for the Accommodation Fees is extinguished, and SITE_NAME Payments is responsible for remitting the Accommodation Fees (less the Host Fees and any Taxes in respect of the Host Fees, such as VAT in Europe), in the manner described in these Terms. In the event that SITE_NAME Payments does not remit any such amounts as described in these Terms, such Host will have recourse only against such SITE_NAME entity.</p><p>The Total Fees payable will be displayed to a Guest before the Guest sends a booking request to a Host. As noted above, the Host is required to either confirm or reject the booking request within the Booking Request Period; otherwise, the requested booking will be automatically cancelled. If a requested booking is cancelled (i.e. not confirmed by the applicable Host), any amounts collected by SITE_NAME Payments will be refunded to such Guest, depending on the selections the Guest makes via the Site and Application, and any pre-authorization of such Guest\'s credit card will be released, if applicable.</p><p>You as a Guest agree to pay SITE_NAME for the Total Fees for any booking requested in connection with your SITE_NAME Account if such requested bookings are confirmed by the applicable Host. In order to establish a booking pending the applicable Host\'s confirmation of your requested booking, you understand and agree that SITE_NAME Payments, on behalf of the Host, reserve the right, in its sole discretion, to (i) obtain a pre-authorization via your credit card for the Total Fees or (ii) charge your credit card a nominal amount, not to exceed one dollar ($1), or a similar sum in the currency in which you are transacting (e.g. one euro or one British pound), to verify your credit card. As a general rule, SITE_NAME Payments will collect the Total Fees due once SITE_NAME receives confirmation of your booking from the applicable Host; if necessary, Total Fees may instead be collected at a later point. Please note that SITE_NAME cannot control any fees that may be charged to a Guest by his or her bank related to SITE_NAME\'s collection of the Total Fees, and SITE_NAME disclaims all liability in this regard.</p><p>In connection with your requested booking, you will be asked to provide customary billing information such as name, billing address and credit card information either to SITE_NAME Payments or its third-party payment processor(s). You agree to pay SITE_NAME Payments for any confirmed bookings made in connection with your SITE_NAME Account in accordance with these Terms by one of the methods described on the Site or Application, e.g. by PayPal or credit card. You hereby authorize the collection of such amounts by charging the credit card provided as part of requesting the booking, either directly by SITE_NAME Payments or indirectly, via a third-party online payment processor or by one of the payment methods described on the Site or Application. You also authorize SITE_NAME Payments to charge your credit card in the event of damage caused at an Accommodation as contemplated under \"Damage to Accommodations\" below and for Security Deposits, if applicable. If you are directed to SITE_NAME Payments\' third-party payment processor(s), you may be subject to terms and conditions governing use of that third party\'s service and that third party\'s personal information collection practices. Please review such terms and conditions and privacy policy before using the services. Once your confirmed booking transaction is complete you will receive a confirmation email summarizing your confirmed booking.</p><p><b>Security Deposits</b></p><p>Hosts may choose to include security deposits in their Listings (\"<b>Security Deposits</b>\"). Each Listing will describe whether a Security Deposit is required for the applicable Accommodation. If a Security Deposit is included in a Listing for a confirmed booking of an Accommodation, and a Host makes a claim against such Security Deposit, SITE_NAME Payments will, in its capacity as the payment collection agent of the Host, use its commercially reasonable efforts to charge the Guest\'s payment method in the amount of the Security Deposit, within a reasonable period of time after the Guest\'s check-out from the Host\'s Accommodation. SITE_NAME will also use its commercially reasonable efforts to address Hosts\' requests and claims related to Security Deposits, but SITE_NAME is not responsible for administering or accepting any claims by Hosts related to Security Deposits, and disclaims any and all liability in this regard.</p><p><b>Service Fees</b></p><p>In consideration for the use of SITE_NAME\'s online marketplace and platform, SITE_NAME charges the Service Fees. Where applicable, Taxes (such as VAT in Europe) may also be charged in respect of the Host Fees and Guest Fees. SITE_NAME Payments deducts the Host Fees from the Accommodation Fees before remitting the balance to the Host as described in these Terms. Guest Fees are, as noted above, included in the Total Fees.</p><p>Balances will be remitted by SITE_NAME Payments to Hosts via check, PayPal, direct deposit or other payment methods, as described on the Site or via the Application, in the Host\'s currency of choice, depending upon the selections the Host makes via the Site, Application and Services. Amounts may be rounded up or down as described the \"Rounding Off\" section below.</p><p>Please note that SITE_NAME Payments, may impose or deduct foreign currency processing costs on or from any payments or payouts by SITE_NAME in currencies other than U.S. dollars. More information on any such costs or deductions will be available via the Site and Application. Except as otherwise provided herein, Service Fees are non-refundable.</p><p><b>General Booking and Financial Terms</b></p><p><i>Cancellations and Refunds</i></p><p>If, as a Guest, you cancel your requested booking before the requested booking is confirmed by a Host, SITE_NAME Payments will cancel any pre-authorization to your credit card and/or refund any nominal amounts charged to your credit card in connection with the requested booking within a commercially reasonable time. If, as a Guest, you wish to cancel a confirmed booking made via the Site, Application and Services, either prior to or after arriving at the Accommodation, the cancellation policy of the Host contained in the applicable Listing will apply to such cancellation. Our ability to refund the Accommodation Fees and other amounts charged to you will depend upon the terms of the applicable cancellation policy. Details regarding refunds and cancellation policies are available via the Site and Application. The Guest Fee is non-refundable regardless of the cancellation policy selected by the Host.</p><p>If a Host cancels a confirmed booking made via the Site, Services, and Application, (i) SITE_NAME Payments will refund the Total Fees for such booking to the applicable Guest within a commercially reasonable time of the cancellation and (ii) the Guest will receive an email or other communication from SITE_NAME containing alternative Listings and other related information. If the Guest requests a booking from one of the alternative Listings and the Host associated with such alternative Listing confirms the Guest\'s requested booking, then the Guest agrees to pay SITE_NAME the Total Fees relating to the confirmed booking for the Accommodation in the alternative Listing, in accordance with these Terms. If a Host cancelled a confirmed booking and you, as a Guest, have not received an email or other communication from SITE_NAME.</p><p>If, as a Host, you cancel a confirmed booking, you agree that SITE_NAME may apply penalties or consequences to you or your Listing, including (i) publishing an automated review on your Listing indicating that a reservation was cancelled, (ii) keeping the calendar for your Listing unavailable or blocked for the dates of the cancelled booking, or (iii) imposing a cancellation fee (to be withheld from your future payouts or charged to the&nbsp;credit card on file in your SITE_NAME Account). You will be notified of the situations in which a cancellation fee applies before you decide to cancel.</p><p>In certain circumstances, SITE_NAME may decide, in its sole discretion, that it is necessary or desirable to cancel a confirmed booking made via the Site, Application and Services. This may be for reasons set forth or for any other reason. SITE_NAME Payments may also determine, in its sole discretion, to refund to the Guest part or all of the amounts charged to the Guest in accordance with the <a href=\"SITE_URL/guest_refund\">Guest Refund Policy</a>. You agree that SITE_NAME and the relevant Guest or Host will not have any liability for such cancellations or refunds.</p><p>If, as a Host, your Guest cancels a confirmed booking or SITE_NAME decides that it is necessary to cancel a confirmed booking, and SITE_NAME issues a refund to the Guest in accordance with the Guest Refund Policy or other applicable cancellation policies, you agree that in the event you have already been paid SITE_NAME shall be entitled to recover the amount of any such Guest refund from you, including by subtracting such refund amount out from any future Accommodation Fees due to you.</p><p><i>Recurring Payments</i></p><p>In some instances, Guests may be required to make recurring, incremental payments toward the Total Fees owed for a confirmed booking before beginning his or her stay at the applicable Accommodation (collectively, \"<b>Recurring Payments</b>\"). More information on Recurring Payments will be made available via the Site, Application and Services, if applicable. If Recurring Payments apply to a confirmed booking, then the Guest authorizes SITE_NAME Payments, on behalf of the Host, to collect the Total Fees and the Host agrees that such SITE_NAME entity will initiate payouts to the Host, in the increments and at the frequency associated with the applicable Recurring Payments, each as identified on the Site, Application and Services.</p><p><i>Rounding Off</i></p><p>SITE_NAME may, in its sole discretion, round up or round down amounts that are payable from or to Guests or Hosts to the nearest whole functional base unit in which the currency is denominated (e.g. to the nearest dollar, euro or other supported currency); for example, SITE_NAME will round up an amount of $101.50 to $102.00, and $101.49 to $101.00.</p><p>Some currencies are denominated in large numbers. In those cases, SITE_NAME may determine the functional base unit in which those currencies are denominated to be 10, 100 or 1,000 of the currency; the corresponding examples for such currencies would be for SITE_NAME to round up an amount of 1,045 up to 1,050 and 1,044 down to 1,040, or 35,450 up to 35,500 and 35,449 down to 35,400, or 837,500 up to 838,000 and 837,499 down to 837,000.</p><p><i>Payment Processing Errors</i></p><p>We will take steps to rectify any payment processing errors that we become aware of. These steps may include crediting or debiting (as appropriate) the same payment method used for the original payout to or payment by you, so that you end up receiving or paying the correct amount.&nbsp;</p><p><i>Donations</i></p><p>Some Hosts may pledge to donate a portion of the funds they receive from confirmed bookings made via the Site, Application and Services to a particular cause or charity. We do not take any responsibility or liability for whether the Host does in fact make the donation he or she pledged to make. In such cases, the Host in question is responsible for his or her own compliance with all laws and regulations applicable to such pledges and/or fund-raising.</p><p><b>Taxes</b></p><p>Tax regulations may require us to collect appropriate tax information from our Hosts, or to withhold taxes from payouts to Hosts, or both. For instance, IRS regulations stipulate that we must collect an IRS Form W-9 from our US Hosts, and an appropriate IRS Form W-8 (e.g. Form W-8BEN) from non-US hosts with at least one Listing in the US. You as a Host are solely responsible for keeping the information in your tax forms current, complete and accurate. If you as a Host fail to provide us with documentation that we determine to be sufficient to alleviate our obligation (if any) to withhold taxes from payments to you (e.g. where you are a US Host and you fail to provide us with a completed IRS Form W-9), we reserve the right in our sole discretion to freeze all payouts to you until resolution, to withhold such amounts as required by law, or to do both.</p><p>You as a Host understand and agree that you are solely responsible for determining (i) your applicable Tax reporting requirements, and (ii) the Taxes that should be included, and for including Taxes to be collected or obligations relating to applicable Taxes in Listings. You are also solely responsible for remitting to the relevant authority any Taxes included or received by you. SITE_NAME cannot and does not offer Tax-related advice to any Members.</p><p>Where applicable, or based upon request from a Host, SITE_NAME may issue a valid VAT invoice to such Host.</p><p>You understand and acknowledge that appropriate governmental agencies, departments or authorities (the \"<b>Tax Authority</b>\") where your Accommodation is located may require Taxes to be collected from Guests or Hosts on the amount paid for the right to use and/or occupancy of accommodations, and to be remitted to the respective Tax Authority. The laws in jurisdictions may vary, but these taxes may be required to be collected and remitted as a percentage of the rent or Accommodation Fees set by Hosts, a set amount per day, or other variations, and are sometimes called \"occupancy taxes,\" \"hotel taxes,\" \"lodging taxes,\" \"transient taxes,\" \"sales and use taxes,\" \"value added taxes,\" \"room taxes\" or \"tourist taxes\" (hereafter, \"<b>Occupancy Taxes</b>\").</p><p><i>Occupancy Tax Collection and Remittance</i></p><p>In certain jurisdictions, SITE_NAME may decide in its sole discretion to facilitate collection and remittance of Occupancy Taxes from or on behalf of Guests or Hosts, in accordance with your directions in this Agreement (\"Collection and Remittance\") if such tax jurisdiction asserts SITE_NAME or Hosts have a tax collection and remittance obligation. In any jurisdiction in which we decide to facilitate direct Collection and Remittance, whether you are a Guest or Host, in lieu of the Host collecting Occupancy taxes from Guests and remitting to the Tax Authority, you hereby instruct and authorize SITE_NAME to collect Occupancy Taxes from Guests on the Host\'s behalf at the time Accommodation Fees are collected, and to remit such Occupancy Taxes to the Tax Authority. When SITE_NAME facilitates Collection and Remittance of Occupancy Taxes in a jurisdiction for the first time, SITE_NAME will provide notice to existing Hosts with Listings for Accommodations in such jurisdictions. When a new listing is created in a jurisdiction where SITE_NAME facilitates Collection and Remittance of Occupancy Taxes, the Host will be notified in the listing creation flow. &nbsp;</p><p>The amount of Occupancy Taxes, if any, collected and remitted by SITE_NAME will be visible to and separately stated to both Guests and Hosts on their respective transaction documents. Where SITE_NAME is directly facilitating Collection and Remittance, Guests and Hosts agree that Hosts are not permitted to attempt collection, or collect any Occupancy Taxes relating to their Accommodations on SITE_NAME in that such jurisdiction. You expressly agree to release, defend, indemnify, and hold SITE_NAME and its affiliates and subsidiaries, and their officers, directors, employees and agents, harmless from and against any claims, liabilities, damages, losses, debts, obligations, and expenses, including, without limitation, reasonable legal and/or accounting fees, arising out of or in any way related to Occupancy Taxes, including, without limitation, the applicability of, calculation, collection or remittance of Occupancy Taxes in any amount or at all as to your transactions or Accommodations. &nbsp;&nbsp;For any jurisdiction in which we facilitate Collection and Remittance, Hosts and Guests expressly grant us permission, without further notice, to store, transfer and disclose data and other information relating to them or to their Transactions, Bookings, Accommodations and Occupancy Taxes, including, but not limited to, personally identifiable information such as Host or Guest\'s name, listing addresses, transaction dates and amounts, tax identification number(s), the amount of taxes collected from Guests or allegedly due, contact information and similar information, to the relevant Tax Authority.</p><p><i>Opt-in to Host Remittance of Taxes</i></p><p>In other jurisdictions, SITE_NAME may decide in its sole discretion to facilitate Occupancy Tax collection on behalf of Hosts and Guests in accordance with a Host\'s direction to opt in to a specific Occupancy Tax line item in the booking process, in which the Host directs that Occupancy Taxes from Guests be sent directly to the Host so that the Host will remit such taxes directly to Tax Authority -(-\"Opt-in for Host Remittance\"). In any jurisdiction in which we decide to facilitate Collection by Opt-in for Host Remittance, whether you are a Guest or Host, you hereby instruct and authorize SITE_NAME to send Occupancy Taxes received from Guests at the time Accommodation Fees are collected to the Host who is obligated to send such taxes to the Tax Authority directly. If SITE_NAME offers and a Host selects Opt-in for Host Remittance in any jurisdiction, Hosts and Guests remain solely responsible and liable for the payment and remittance of any and all taxes that may apply to Accommodations; you agree and understand that SITE_NAME is not responsible for, and will not send any such Occupancy Taxes to the Tax Authority under Opt-in to Host Remittance of Taxes. &nbsp;You hereby agree that through third party payment processors, SITE_NAME is merely processing Your election and direction to have Occupancy Taxes from Guests sent directly to the Host for remittance by the Host to the Tax Authority, and that You will remit all amounts collected from Guests as Occupancy Taxes to such Tax Authority. &nbsp;You expressly agree to release, defend, indemnify, and hold SITE_NAME and its affiliates and subsidiaries, and their officers, directors, employees and agents, harmless from and against any claims, liabilities, damages, losses, debts, obligations, and expenses, including, without limitation, reasonable legal and/or accounting fees, arising out of or in any way related to Occupancy Taxes, &nbsp;including, without limitation, the applicability of, calculation of, collection of Occupancy Taxes in any amount or at all as to your transactions or Accommodations. &nbsp;For any jurisdiction in which we facilitate Opt-in for Host Remittance, Hosts and Guests expressly grant us permission, without further notice, to store, transfer and disclose data and other information relating to them or to their Transactions, Bookings, Accommodations and Occupancy Taxes, including, but not limited to, personally identifiable information such as Host or Guest\'s name, listing addresses, transaction dates and amounts, tax identification number(s), the amount of taxes received by Hosts from Guests, or allegedly due, contact information and similar information, to the relevant Tax Authority.</p><p><i>Miscellaneous Occupancy Tax Provisions</i></p><p>Whether you are a Guest or Host, you agree that any claim or cause of action relating to SITE_NAME\'s facilitation of Opt-in Remittance or Collection and Remittance of Taxes shall not extend to any supplier or vendor that may be used by SITE_NAME in connection with facilitation of Opt-in Remittance or Collection and Remittance&nbsp;of Occupancy Taxes, if any. Guests and Hosts agree that we may seek additional amounts from You in the event that the Taxes collected and/or remitted are insufficient to fully discharge your obligations to the Tax Authority, and agree that your sole remedy for Occupancy Taxes collected is a refund of Occupancy Taxes collected by SITE_NAME from the applicable Tax Authority in accordance with applicable procedures set by that Tax Authority.</p><p>In any jurisdiction in which we have not provided notice of, or are not facilitating (or are no longer facilitating) the collection or remittance of Occupancy Taxes by Collection and Remittance, Opt-in for Host Remittance or any other means or method, in your jurisdiction, Hosts and Guests remain solely responsible and liable for the collection and/or remittance of any and all Occupancy Taxes that may apply to Accommodations.</p><p>Hosts and Guests acknowledge and agree that in some jurisdictions, SITE_NAME may decide not to facilitate collection or remittance of Occupancy Taxes or may not be able to facilitate the collection and/or remittance of Occupancy Taxes, and nothing contained in this Agreement is a representation or guarantee that SITE_NAME will facilitate collection and/or remittance of Occupancy Tax anywhere at all, including in any specific jurisdiction, or that SITE_NAME will continue to facilitate any collection or remittance of Occupancy Tax in any specific jurisdiction in which it may have been offered. SITE_NAME reserves the right, in its sole determination, to cease any facilitation of any collection and remittance of Occupancy Tax (regardless of method used or to be used in the future) for any reason or no reason at all, provided that it will give Hosts reasonable notice in any jurisdiction in which SITE_NAME determines to cease any such facilitation. &nbsp;</p><p><i>Damage to Accommodations</i></p><p>As a Guest, you are responsible for leaving the Accommodation in the condition it was in when you arrived. You acknowledge and agree that, as a Guest, you are responsible for your own acts and omissions and are also responsible for the acts and omissions of any individuals whom you invite to, or otherwise provide access to, the Accommodation. In the event that a Host claims otherwise and provides evidence of damage, including but not limited to photographs, you agree to pay the cost of replacing the damaged items with equivalent items. After being notified of the claim and given forty eight (48) hours to respond, the payment will be charged to and taken from the credit card on file in your SITE_NAME Account. SITE_NAME also reserves the right to charge the credit card on file in your SITE_NAME Account, or otherwise collect payment from you and pursue any avenues available to SITE_NAME in this regard, including using Security Deposits, in situations in which you have been determined, in SITE_NAME\'s sole discretion, to have damaged any Accommodation, including, but not limited to, in relation to any payment requests made by Hosts under the SITE_NAME Host Guarantee, and in relation to any payments made by SITE_NAME to Hosts. If we are unable to charge the credit card on file or otherwise collect payment from you, you agree to remit payment for any damage to the Accommodation to the applicable Host or to SITE_NAME (if applicable).</p><p>Both Guests and Hosts agree to cooperate with and assist SITE_NAME in good faith, and to provide SITE_NAME with such information and take such actions as may be reasonably requested by SITE_NAME, in connection with any complaints or claims made by Members relating to Accommodations or any personal or other property located at an Accommodation (including, without limitation, payment requests made under the SITE_NAME Host Guarantee) or with respect to any investigation undertaken by SITE_NAME or a representative of SITE_NAME regarding use or abuse of the Site, Application or the Services. If you are a Guest, upon SITE_NAME\'s reasonable request, and to the extent you are reasonably able to do so, you agree to participate in mediation or similar resolution process with a Host, at no cost to you, which process will be conducted by SITE_NAME or a third party selected by SITE_NAME or its insurer, with respect to losses for which the Host is requesting payment from SITE_NAME under the SITE_NAME Host Guarantee.</p><p>If you are a Guest, you understand and agree that SITE_NAME may make a claim under your homeowner\'s, renter\'s or other insurance policy related to any damage or loss that you may have caused or been responsible for or to an Accommodation or any personal or other property located at an Accommodation (including without limitation amounts paid by SITE_NAME under the SITE_NAME Host Guarantee). You agree to cooperate with and assist SITE_NAME in good faith, and to provide SITE_NAME with such information as may be reasonably requested by SITE_NAME, in order to make a claim under your homeowner\'s, renter\'s or other insurance policy, including, but not limited to, executing documents and taking such further acts as SITE_NAME may reasonably request to assist SITE_NAME in accomplishing the foregoing.</p><p><i>Overstaying without the Host\'s Consent</i></p><p>Guests agree that a confirmed reservation is merely a license granted by the Host to the Guest to enter and use the Listing for the limited duration of the confirmed reservation and in accordance with the Guest\'s agreement with the Host. Guests further agree to leave the Accommodation no later than the checkout time that the Host specifies in the Listing or such other time as mutually agreed upon between the Host and Guest. If a Guest stays past the agreed upon checkout time without the Host\'s consent, they no longer have a license to stay in the Listing and the Host is entitled to make the Guest leave. In addition, Guests agree that the Host can charge the Guest, for each 24 hour period that the Guest stays over the agreed period without the Host\'s consent, an additional nightly fee of two times the average nightly Accommodation Fee originally paid by the Guest to cover the inconvenience suffered by the Host, plus all applicable Service Fees, Taxes, and any legal expenses incurred by the Host to make the Guest leave (collectively, \"Additional Sums\"). Guests agree that SITE_NAME Payments, in its role as limited collection agent for the Host, shall charge the Guest\'s credit card or other payment methods it has on file to collect these Additional Sums. In addition, SITE_NAME Payments may recover any costs and expenses it incurs in collecting the Additional Sums by charging the Guest\'s credit card or other payment method on file.</p><p><b>Foreign Currency</b></p><p>SITE_NAME\'s online platform facilitates bookings between Guests and Hosts who may prefer to pay and to receive payments in different currencies, which may require foreign currency conversions to accommodate these differing currency preferences. Although the SITE_NAME platform allows users to view the price of Listings in a number of currencies, the currencies available for users to make and receive payments may be limited, and may not include the default currency in any given geographic location.</p><p>Each foreign currency conversion is processed at a foreign currency conversion rate. This rate generally refers to the amount of one currency that must be paid to buy a certain amount of another currency at a given time. For example, if it costs US$125.00 to buy €100.00, the currency conversion rate of US dollars to Euros would be 1.25, and the currency conversion rate from Euros to US dollars would be 0.8. Currency conversion rates will vary from time to time.</p><p><i>Key definitions</i></p><p>\"<b>Display Currency</b>\" means the currency in which users view Listing prices on the SITE_NAME platform. Guests may choose and change the Display Currency in order to view the pricing for a Listing in a number of different supported currencies. <br></p><p>\"<b>Booking Currency</b>\" means the currency in which a Guest has to pay for his or her booking. At the time the Guest submits a booking request, the SITE_NAME platform will select the Booking Currency, based on the Guest\'s country of origin and the payment methods available for that country. SITE_NAME supports only a certain number of currencies as Booking Currencies. The Booking Currency for a booking may be different from the relevant Listing Currency. <br></p><p>\"<b>Listing Currency</b>\" means the currency in which a Listing\'s price is set. The Listing Currency is set by the Host. <br></p><p>\"<b>Payout Currency</b>\" means the currency in which a Host\'s payout will be paid to the Host. The Payout Currency is set by the Host. <br></p><p>\"<b>Base Exchange Rate</b>\" means a system-wide rate used by SITE_NAME for foreign currency conversion that is in effect at the time the foreign currency conversion is processed, and does not include any fee or mark-up by SITE_NAME. SITE_NAME establishes the Base Exchange Rate using data from one or more third parties such as OANDA (<a target=\"_blank\" href=\"http://www.oanda.com\">http://www.oanda.com</a>). <br></p><p>\"<b>Adjusted Exchange Rate</b>\" means a rate for foreign currency conversion that is calculated by adding a mark-up to the Base Exchange Rate. This mark-up represents a charge imposed by SITE_NAME for its holding costs and foreign currency risks.</p><p><i>Foreign currency conversions on the SITE_NAME platform</i></p><p>SITE_NAME Payments will process a foreign currency conversion in the following situations:</p><p></p><ul><li>The Display Currency is different from the Listing Currency when a user views a Listing: SITE_NAME will calculate the estimated Total Fees in the Display Currency, by applying either the Base Exchange Rate or the Adjusted Exchange Rate at the time of the view to the estimated Total Fees in the Listing Currency. The Adjusted Exchange Rate will be applied if the Display Currency is a supported Booking Currency, and it is different from the Listing Currency. Otherwise, the Base Exchange Rate will be applied.</li><li>The Booking Currency is different from the Listing Currency when a Guest submits a booking request for a Listing: SITE_NAME will calculate the Total Fees in the Booking Currency, by applying either the Base Exchange Rate or the Adjusted Exchange Rate at the time of the booking request to the Total Fees in the Listing Currency. The Guest will be able to view the actual exchange rate applied. The Guest Fee, which is a percentage of the applicable Accommodation Fees, will be calculated based on the Accommodation Fees in the Booking Currency (i.e. after conversion from the Listing Currency). The Adjusted Exchange Rate will be applied if the Display Currency is the same as the Booking Currency, and it is different from the Listing Currency for the Listing. Otherwise, the Base Exchange Rate will be applied.</li><li>The Payout Currency is different from the Listing Currency when SITE_NAME initiates a payout: generally, SITE_NAME will calculate the payout to the Host, by applying the Base Exchange Rate on the date that SITE_NAME initiates the payout to the Accommodation Fees (less SITE_NAME\'s Host Fees and any Taxes in respect of the Host Fees, such as VAT in Europe) in the Listing Currency. The Host will be able to view the actual exchange rate applied in his or her transaction history in the Site or Application. In some cases where the payout method selected by the Host involves certain third-party payment processors (such as Western Union), (i) SITE_NAME will send the payout amount to the processor in a major currency (e.g. US dollars), by applying the relevant Base Exchange Rate for the Listing Currency to that major currency, (ii) the Host will be able to view the payout amount sent by SITE_NAME in that major currency in his or her transaction history in the Site or Application, and (iii) the processor will calculate the actual payout to the Host by applying its own foreign currency conversion rate for that major currency to the Payout Currency.</li><li>When a confirmed booking is modified or cancelled, and there had been a foreign currency conversion when the booking was submitted: the foreign currency conversion for any additional payments required of the Guest or any refund to the Guest will be processed at the same rate as applied to the earlier payment by the Guest.</li></ul><p></p><p>When you as a Guest submit a booking request for a Listing, you will be able to view the actual exchange rate used to calculate the Total Fees in the Booking Currency. Where the Adjusted Exchange Rate is applied, you will be able to view the mark-up included in the rate. The actual exchange rate (and any mark-up included in the rate) will also be stated in the billing receipt for your booking.</p><p>SITE_NAME updates the Base Exchange Rate on a regular basis, but not on a real-time basis. In particular, SITE_NAME does not always change the Base Exchange Rate immediately when its costs of foreign exchange change. Accordingly, the Base Exchange Rate may not be identical to the applicable market rate in effect at the specific time a foreign currency conversion is processed.</p><p>Please note that your payment company (for example, your credit or bank card issuer) will use a currency conversion rate for and may impose a currency conversion fee on your payment or payout, if your card or bank account is denominated in a currency that is different from the Booking Currency or the Payout Currency respectively. Similarly, third-party payment processors may also use a currency conversion rate for or impose a currency conversion fee on your payment or payout. All of these currency conversion rates and fees are not controlled by or known to SITE_NAME.</p><p><b>User Conduct</b></p><p>You understand and agree that you are solely responsible for compliance with any and all laws, rules, regulations, and Tax obligations that may apply to your use of the Site, Application, Services and Collective Content. In connection with your use of the Site, Application, Services and Collective Content, you may not and you agree that you will not:</p><p></p><ul><li>violate any local, state, provincial, national, or other law or regulation, or any order of a court, including, without limitation, zoning restrictions and Tax regulations;</li><li>use manual or automated software, devices, scripts, robots, backdoors or other means or processes to access, \"scrape,\" \"crawl\" or \"spider\" any web pages or other services contained in the Site, Application, Services or Collective Content;</li><li>access or use our Site, Application, Services or the SITE_NAME API to use, expose, or allow to be used or exposed, any SITE_NAME Content: (i) that is not publicly displayed by SITE_NAME in its search results pages or listing pages before a booking is confirmed; (ii) in any way that is inconsistent with the SITE_NAME Privacy Policy or Terms of Service; or (iii) in any way that otherwise violates the privacy rights or any other rights of SITE_NAME\'s users or any other third party;</li><li>use the Site, Application, Services or Collective Content for any commercial or other purposes that are not expressly permitted by these Terms;</li><li>copy, store or otherwise access or use any information contained on the Site, Application, Services or Collective Content for purposes not expressly permitted by these Terms;</li><li>infringe the rights of any person or entity, including without limitation, their intellectual property, privacy, publicity or contractual rights;</li><li>interfere with or damage our Site, Application or Services, including, without limitation, through the use of viruses, cancel bots, Trojan horses, harmful code, flood pings, denial-of-service attacks, backdoors, packet or IP spoofing, forged routing or electronic mail address information or similar methods or technology;</li><li>use our Site, Application or Services to transmit, distribute, post or submit any information concerning any other person or entity, including without limitation, photographs of others without their permission, personal contact information or credit, debit, calling card or account numbers;</li><li>use our Site, Application, Services or Collective Content in connection with the distribution of unsolicited commercial email (\"spam\") or advertisements unrelated to lodging in a private residence;</li><li>\"stalk\" or harass any other user of our Site, Application, Services or Collective Content, or collect or store any personally identifiable information about any other user other than for purposes of transacting as an SITE_NAME Guest or Host;</li><li>offer, as a Host, any Accommodation that you do not yourself own or have permission to rent as a residential or other property (without limiting the foregoing, you will not list Accommodations as a Host if you are serving in the capacity of a rental agent or listing agent for a third party);</li><li>offer, as a Host, any Accommodation that may not be rented or subleased pursuant to the terms and conditions of an agreement with a third party, including, but not limited to, a property rental agreement;</li><li>register for more than one SITE_NAME Account or register for an SITE_NAME Account on behalf of an individual other than yourself;</li><li>unless SITE_NAME explicitly permits otherwise, request or book a stay at any Accommodation if you will not actually be staying at the Accommodation yourself;</li><li>contact a Host for any purpose other than asking a question related to a booking, such Host\'s Accommodations or Listings;</li><li>contact a Guest for any purpose other than asking a question related to a booking or such Guest\'s use of the Site, Application and Services;</li><li>recruit or otherwise solicit any Host or other Member to join third-party services or websites that are competitive to SITE_NAME, without SITE_NAME\'s prior written approval;</li><li>impersonate any person or entity, or falsify or otherwise misrepresent yourself or your affiliation with any person or entity;</li><li>use automated scripts to collect information from or otherwise interact with the Site, Application, Services or Collective Content;</li><li>use the Site, Application, Services or Collective Content to find a Host or Guest and then complete a booking of an Accommodation independent of the Site, Application or Services, in order to circumvent the obligation to pay any Service Fees related to SITE_NAME\'s provision of the Services or for any other reasons;</li><li>as a Host, submit any Listing with false or misleading price information, or submit any Listing with a price that you do not intend to honor;</li><li>post, upload, publish, submit or transmit any Content that: (i)&nbsp;infringes, misappropriates or violates a third party\'s patent, copyright, trademark, trade secret, moral rights or other intellectual property rights, or rights of publicity or privacy; (ii) violates, or encourages any conduct that would violate, any applicable law or regulation or would give rise to civil liability; (iii) is fraudulent, false, misleading or deceptive; (iv) is defamatory, obscene, pornographic, vulgar or offensive; (v)&nbsp;promotes discrimination, bigotry, racism, hatred, harassment or harm against any individual or group; (vi) is violent or threatening or promotes violence or actions that are threatening to any other person; or (vii) promotes illegal or harmful activities or substances;</li><li>systematically retrieve data or other content from our Site, Application or Services to create or compile, directly or indirectly, in single or multiple downloads, a collection, compilation, database, directory or the like, whether by manual methods, through the use of bots, crawlers, or spiders, or otherwise;</li><li>use, display, mirror or frame the Site, Application, Services or Collective Content, or any individual element within the Site, Application, Services or Collective Content, SITE_NAME\'s name, any SITE_NAME trademark, logo or other proprietary information, or the layout and design of any page or form contained on a page in the Site, Application or Services, without SITE_NAME\'s express written consent;</li><li>access, tamper with, or use non-public areas of the Site, Application or Services, SITE_NAME\'s computer systems, or the technical delivery systems of SITE_NAME\'s providers;</li><li>attempt to probe, scan, or test the vulnerability of any SITE_NAME system or network or breach any security or authentication measures;</li><li>avoid, bypass, remove, deactivate, impair, descramble, or otherwise circumvent any technological measure implemented by SITE_NAME or any of SITE_NAME\'s providers or any other third party (including another user) to protect the Site, Services, Application or Collective Content;</li><li>forge any TCP/IP packet header or any part of the header information in any email or newsgroup posting, or in any way use the Site, Services, Application or Collective Content to send altered, deceptive or false source-identifying information;</li><li>attempt to decipher, decompile, disassemble or reverse engineer any of the software used to provide the Site, Services, Application or Collective Content; or</li><li>advocate, encourage, or assist any third party in doing any of the foregoing.</li><li>accept or make a payment for Accommodation Fees outside SITE_NAME Payments. If you do so, you acknowledge and agree that you: (i) would be in breach of these Terms; (ii) accept all risks and responsibility for such payment, and (iii) hold SITE_NAME harmless from any liability for such payment.</li></ul><p></p><p>SITE_NAME has the right to investigate and prosecute violations of any of the above to the fullest extent of the law.</p><p>SITE_NAME may access, preserve and disclose any of your information if we are required to do so by law, or if we believe in good faith that it is reasonably necessary to (i) respond to claims asserted against SITE_NAME or to comply with legal process (for example, subpoenas or warrants), (ii) enforce or administer our agreements with users, such as these Terms and the <a href=\"https://www.SITE_NAME.com/host_guarantee\">SITE_NAME Host Guarantee</a>, (iii) for fraud prevention, risk assessment, investigation, customer support, product development and de-bugging purposes, or (iv) protect the rights, property or safety of SITE_NAME, its users, or members of the public. You acknowledge that SITE_NAME has no obligation to monitor your access to or use of the Site, Application, Services or Collective Content or to review or edit any Member Content, but has the right to do so for the purpose of operating and improving the Site, Application and Services (including without limitation for fraud prevention, risk assessment, investigation and customer support purposes), to ensure your compliance with these Terms, to comply with applicable law or the order or requirement of a court, administrative agency or other governmental body, to respond to content that it determines is otherwise objectionable or as set forth in these Terms. SITE_NAME reserves the right, at any time and without prior notice, to remove or disable access to any Collective Content that SITE_NAME, at its sole discretion, considers to be objectionable for any reason, in violation of these Terms or otherwise harmful to the Site, Application or Services.</p><p><b>Privacy</b></p><p>You agree that SITE_NAME\'s <a href=\"SITE_URL/privacy_policy\">Privacy Policy</a>&nbsp;(as may be updated from time to time) governs SITE_NAME\'s collection and use of your personal information.</p><p><b>Ownership</b></p><p>The Site, Application, Services, and Collective Content are protected by copyright, trademark, and other laws of the United States and foreign countries. You acknowledge and agree that the Site, Application, Services and Collective Content, including all associated intellectual property rights, are the exclusive property of SITE_NAME and its licensors. You will not remove, alter or obscure any copyright, trademark, service mark or other proprietary rights notices incorporated in or accompanying the Site, Application, Services, or Collective Content.</p><p><b>Additional Terms</b></p><p>Our Services have different products and offerings, so sometimes additional terms or product requirements may apply to your use of those products. For example, additional terms apply i<a href=\"https://www.SITE_NAME.com/referrals/terms_and_conditions\">f you refer new users</a> to SITE_NAME (\"Referral Program\") or participate in our <a href=\"https://www.SITE_NAME.com/home-safety/terms-and-conditions\">Home Safety program</a>. If additional terms are available for the relevant product or Services you use, those additional terms become part of these Terms.</p><p><b>Specific Terms Regarding SITE_NAME Travel Credits</b></p><p>SITE_NAME Travel Credits may only be redeemed for confirmed bookings via the Site, Application and Services and after you accrue SITE_NAME Travel Credits, such SITE_NAME Travel Credits will be automatically applied to your next confirmed booking made via the Site, Application and Services. SITE_NAME Travel Credits are credit only and have no cash value nor can they be refunded or exchanged for cash. You may only redeem SITE_NAME Travel Credits after the SITE_NAME Travel Credits are reflected in your SITE_NAME Account. The scope, variety, and type of services and products that you may obtain by redeeming SITE_NAME Travel Credits can change at any time.</p><p>SITE_NAME Travel Credits expire three (3) years from the date that any SITE_NAME Travel Credits are last accrued in your SITE_NAME Account. SITE_NAME will notify you at the email address you provided during Account registration within thirty (30) days of when the SITE_NAME Travel Credits in your SITE_NAME Account are scheduled to expire. If for some reason you believe that there is a discrepancy regarding your balance of SITE_NAME Travel Credits, please contact us. SITE_NAME may require you to submit additional information in order to make a determination regarding your balance. All decisions regarding your balance will be final and at SITE_NAME\'s sole discretion. You are responsible for any Tax consequences, if any, that may result from your redemption or use of SITE_NAME Travel Credits. Where applicable, SITE_NAME may be required to account for VAT on any services for which the SITE_NAME Travel Credits are redeemed.</p><p>Without limiting any other terms of these Terms and subject to applicable law, all SITE_NAME Travel Credits are forfeited if your SITE_NAME Account is terminated or suspended for any reason, in SITE_NAME\'s sole discretion, or if SITE_NAME discontinues providing the Site, Application, Services or the Referral Program.</p><p><b>Application License</b></p><p>Subject to your compliance with these Terms, SITE_NAME grants you a limited non-exclusive, non-transferable license to download and install a copy of the Application on each mobile device or computer that you own or control and run such copy of the Application solely for your own personal use. Furthermore, with respect to any App Store Sourced Application (defined below), you will only use the App Store Sourced Application (i) on an Apple-branded product that runs the iOS (Apple\'s proprietary operating system) and (ii) as permitted by the \"Usage Rules\" set forth in the Apple App Store Terms of Service. SITE_NAME reserves all rights in the Application not expressly granted to you by these Terms.</p><p><b>SITE_NAME Content and Member Content License</b></p><p>Subject to your compliance with the terms and conditions of these Terms, SITE_NAME grants you a limited, non-exclusive, non-transferable license, to (i) access and view any SITE_NAME Content solely for your personal and non-commercial purposes and (ii) access and view any Member Content to which you are permitted access, solely for your personal and non-commercial purposes. You have no right to sublicense the license rights granted in this section.</p><p>You will not use, copy, adapt, modify, prepare derivative works based upon, distribute, license, sell, transfer, publicly display, publicly perform, transmit, broadcast or otherwise exploit the Site, Application, Services, or Collective Content, except as expressly permitted in these Terms. No licenses or rights are granted to you by implication or otherwise under any intellectual property rights owned or controlled by SITE_NAME or its licensors, except for the licenses and rights expressly granted in these Terms.</p><p><b>Member Content</b></p><p>We may, in our sole discretion, permit you to post, upload, publish, submit or transmit Member Content. By making available any Member Content on or through the Site, Application and Services, you hereby grant to SITE_NAME a worldwide, irrevocable, perpetual (or for the term of the protection), non-exclusive, transferable, royalty-free license, with the right to sublicense, to use, view, copy, adapt, modify, distribute, license, sell, transfer, publicly display, publicly perform, transmit, stream, broadcast, access, view, and otherwise exploit such Member Content on, through, by means of or to promote or market the Site, Application and Services. SITE_NAME does not claim any ownership rights in any such Member Content and nothing in these Terms will be deemed to restrict any rights that you may have to use and exploit any such Member Content.</p><p>You acknowledge and agree that you are solely responsible for all Member Content that you make available through the Site, Application and Services. Accordingly, you represent and warrant that: (i) you either are the sole and exclusive owner of all Member Content that you make available through the Site, Application and Services or you have all rights, licenses, consents and releases that are necessary to grant to SITE_NAME the rights in such Member Content, as contemplated under these Terms; and (ii) neither the Member Content nor your posting, uploading, publication, submission or transmittal of the Member Content or SITE_NAME\'s use of the Member Content (or any portion thereof) on, through or by means of the Site, Application and the Services will infringe, misappropriate or violate a third party\'s patent, copyright, trademark, trade secret, moral rights or other proprietary or intellectual property rights, or rights of publicity or privacy, or result in the violation of any applicable law or regulation.</p><p><b>Links</b></p><p>The Site, Application and Services may contain links to third-party websites or resources. You acknowledge and agree that SITE_NAME is not responsible or liable for: (i) the availability or accuracy of such websites or resources; or (ii) the content, products, or services on or available from such websites or resources. Links to such websites or resources do not imply any endorsement by SITE_NAME of such websites or resources or the content, products, or services available from such websites or resources. You acknowledge sole responsibility for and assume all risk arising from your use of any such websites or resources or the Content, products or services on or available from such websites or resources.</p><p>Some portions of the SITE_NAME platform implement Google Maps/Earth mapping services, including Google Maps API(s). Your use of Google Maps/Earth is subject to <a href=\"http://www.google.com/intl/en_us/help/terms_maps.html\">Google\'s terms of use</a>.</p><p><b>Proprietary Rights Notices</b></p><p>All trademarks, service marks, logos, trade names and any other proprietary designations of SITE_NAME used herein are trademarks or registered trademarks of SITE_NAME. Any other trademarks, service marks, logos, trade names and any other proprietary designations are the trademarks or registered trademarks of their respective parties.</p><p><b>Feedback</b></p><p>We welcome and encourage you to provide feedback, comments and suggestions for improvements to the Site, Application and Services (\"<b>Feedback</b>\"). You may submit Feedback by emailing us, section of the Site and Application, or by other means of communication. You acknowledge and agree that all Feedback you give us will be the sole and exclusive property of SITE_NAME and you hereby irrevocably assign to SITE_NAME and agree to irrevocably assign to SITE_NAME all of your right, title, and interest in and to all Feedback, including without limitation all worldwide patent, copyright, trade secret, moral and other proprietary or intellectual property rights therein, and waive any moral rights you may have in such Feedback. At SITE_NAME\'s request and expense, you will execute documents and take such further acts as SITE_NAME may reasonably request to assist SITE_NAME to acquire, perfect, and maintain its intellectual property rights and other legal protections for the Feedback.</p><p><b>Copyright Policy</b></p><p>SITE_NAME respects copyright law and expects its users to do the same. It is SITE_NAME\'s policy to terminate in appropriate circumstances the SITE_NAME Accounts of Members or other account holders who repeatedly infringe or are believed to be repeatedly infringing the rights of copyright holders. Please see SITE_NAME\'s <a href=\"SITE_URL/copyright_policy\">Copyright Policy</a> for further information.</p><p><b>Suspension, Termination and SITE_NAME Account Cancellation</b></p><p>We may, in our discretion and without liability to you, with or without cause, with or without prior notice and at any time, decide to limit, suspend, deactivate or cancel your SITE_NAME Account. If we exercise our discretion under these Terms to do so, any or all of the following can occur with or without prior notice or explanation to you: (a) your SITE_NAME Account will be deactivated or suspended, your password will be disabled, and you will not be able to access the Site, Application, Services, your SITE_NAME Account, your Member Content, or receive assistance from SITE_NAME Customer Service, (b) any pending or accepted future bookings as either Host or Guest will be immediately terminated, (c) we may communicate to your Guests or Hosts that a potential or confirmed booking has been cancelled, (d) we may refund your Guests in full for any and all confirmed reservations, irrespective of preexisting cancellation policies, (e) we may contact your Guests to inform them about potential alternate Accommodations with other Hosts that may be available on the Site, Application and Services, and (f) you will not be entitled to any compensation for reservations or bookings (even if confirmed) that were cancelled as a result of a suspension, deactivation or termination of your SITE_NAME Account. You may cancel your SITE_NAME Account at any time via the \"Cancel Account\" feature of the Services or by sending us an email. Please note that if your SITE_NAME Account is cancelled, we do not have an obligation to delete or return to you any Content you have posted to the Site, Application and Services, including, but not limited to, any reviews or Feedback.</p><p><b>Disclaimers</b></p><p>IF YOU CHOOSE TO USE THE SITE, APPLICATION, SERVICES OR COLLECTIVE CONTENT OR PARTICIPATE IN THE REFERRAL PROGRAM, YOU DO SO AT YOUR SOLE RISK. YOU ACKNOWLEDGE AND AGREE THAT SITE_NAME DOES NOT&nbsp;HAVE AN OBLIGATION&nbsp;TO CONDUCT BACKGROUND OR REGISTERED SEX OFFENDER CHECKS ON ANY MEMBER, INCLUDING, BUT NOT LIMITED TO, GUESTS AND HOSTS, BUT MAY CONDUCT SUCH BACKGROUND OR REGISTERED SEX OFFENDER CHECKS IN ITS SOLE DISCRETION.&nbsp;THE SITE, APPLICATION, SERVICES, COLLECTIVE CONTENT AND REFERRAL PROGRAM ARE PROVIDED \"AS IS\", WITHOUT WARRANTY OF ANY KIND, EITHER EXPRESS OR IMPLIED. WITHOUT LIMITING THE FOREGOING, SITE_NAME EXPLICITLY DISCLAIMS ANY WARRANTIES OF MERCHANTABILITY, FITNESS FOR A PARTICULAR PURPOSE, QUIET ENJOYMENT OR NON-INFRINGEMENT, AND ANY WARRANTIES ARISING OUT OF COURSE OF DEALING OR USAGE OF TRADE. SITE_NAME MAKES NO WARRANTY THAT THE SITE, APPLICATION, SERVICES, COLLECTIVE CONTENT, INCLUDING, BUT NOT LIMITED TO, THE LISTINGS OR ANY ACCOMMODATIONS, OR THE REFERRAL PROGRAM WILL MEET YOUR REQUIREMENTS OR BE AVAILABLE ON AN UNINTERRUPTED, SECURE, OR ERROR-FREE BASIS. SITE_NAME MAKES NO WARRANTY REGARDING THE QUALITY OF ANY LISTINGS, ACCOMMODATIONS, HOSTS, GUESTS, YOUR ACCRUAL OF SITE_NAME TRAVEL CREDITS, THE SERVICES OR COLLECTIVE CONTENT OR THE ACCURACY, TIMELINESS, TRUTHFULNESS, COMPLETENESS OR RELIABILITY OF ANY COLLECTIVE CONTENT OBTAINED THROUGH THE SITE, APPLICATION, SERVICES OR REFERRAL PROGRAM.</p><p>NO ADVICE OR INFORMATION, WHETHER ORAL OR WRITTEN, OBTAINED FROM SITE_NAME OR THROUGH THE SITE, APPLICATION, SERVICES OR COLLECTIVE CONTENT, WILL CREATE ANY WARRANTY NOT EXPRESSLY MADE HEREIN.</p><p>YOU ARE SOLELY RESPONSIBLE FOR ALL OF YOUR COMMUNICATIONS AND INTERACTIONS WITH OTHER USERS OF THE SITE, APPLICATION OR SERVICES AND WITH OTHER PERSONS WITH WHOM YOU COMMUNICATE OR INTERACT AS A RESULT OF YOUR USE OF THE SITE, APPLICATION OR SERVICES, INCLUDING, BUT NOT LIMITED TO, ANY HOSTS OR GUESTS. YOU UNDERSTAND THAT SITE_NAME DOES NOT MAKE ANY ATTEMPT TO VERIFY THE STATEMENTS OF USERS OF THE SITE, APPLICATION OR SERVICES OR TO REVIEW OR VISIT ANY ACCOMMODATIONS. SITE_NAME MAKES NO REPRESENTATIONS OR WARRANTIES AS TO THE CONDUCT OF USERS OF THE SITE, APPLICATION OR SERVICES OR THEIR COMPATIBILITY WITH ANY CURRENT OR FUTURE USERS OF THE SITE, APPLICATION OR SERVICES. YOU AGREE TO TAKE REASONABLE PRECAUTIONS IN ALL COMMUNICATIONS AND INTERACTIONS WITH OTHER USERS OF THE SITE, APPLICATION OR SERVICES AND WITH OTHER PERSONS WITH WHOM YOU COMMUNICATE OR INTERACT AS A RESULT OF YOUR USE OF THE SITE, APPLICATION OR SERVICES, INCLUDING, BUT NOT LIMITED TO, GUESTS AND HOSTS, PARTICULARLY IF YOU DECIDE TO MEET OFFLINE OR IN PERSON REGARDLESS OF WHETHER SUCH MEETINGS ARE ORGANIZED BY SITE_NAME. NOTWITHSTANDING SITE_NAME\'S APPOINTMENT AS THE LIMITED PAYMENT COLLECTION AGENT OF THE HOSTS FOR THE PURPOSE OF ACCEPTING PAYMENTS FROM GUESTS ON BEHALF OF THE HOSTS, SITE_NAME EXPLICITLY DISCLAIMS ALL LIABILITY FOR ANY ACT OR OMISSION OF ANY GUEST OR OTHER THIRD PARTY.</p><p><b>Limitation of Liability</b></p><p>YOU ACKNOWLEDGE AND AGREE THAT, TO THE MAXIMUM EXTENT PERMITTED BY LAW, THE ENTIRE RISK ARISING OUT OF YOUR ACCESS TO AND USE OF THE SITE, APPLICATION, SERVICES AND COLLECTIVE CONTENT, YOUR LISTING OR BOOKING OF ANY ACCOMMODATIONS VIA THE SITE, APPLICATION AND SERVICES, YOUR PARTICIPATION IN THE REFERRAL PROGRAM, AND ANY CONTACT YOU HAVE WITH OTHER USERS OF SITE_NAME WHETHER IN PERSON OR ONLINE REMAINS WITH YOU. NEITHER SITE_NAME NOR ANY OTHER PARTY INVOLVED IN CREATING, PRODUCING, OR DELIVERING THE SITE, APPLICATION, SERVICES, COLLECTIVE CONTENT OR THE REFERRAL PROGRAM WILL BE LIABLE FOR ANY INCIDENTAL, SPECIAL, EXEMPLARY OR CONSEQUENTIAL DAMAGES, INCLUDING LOST PROFITS, LOSS OF DATA OR LOSS OF GOODWILL, SERVICE INTERRUPTION, COMPUTER DAMAGE OR SYSTEM FAILURE OR THE COST OF SUBSTITUTE PRODUCTS OR SERVICES, OR FOR ANY DAMAGES FOR PERSONAL OR BODILY INJURY OR EMOTIONAL DISTRESS ARISING OUT OF OR IN CONNECTION WITH THESE TERMS, FROM THE USE OF OR INABILITY TO USE THE SITE, APPLICATION, SERVICES OR COLLECTIVE CONTENT, FROM ANY COMMUNICATIONS, INTERACTIONS OR MEETINGS WITH OTHER USERS OF THE SITE, APPLICATION, OR SERVICES OR OTHER PERSONS WITH WHOM YOU COMMUNICATE OR INTERACT AS A RESULT OF YOUR USE OF THE SITE, APPLICATION, SERVICES, OR YOUR PARTICIPATION IN THE REFERRAL PROGRAM OR FROM YOUR LISTING OR BOOKING OF ANY ACCOMMODATION VIA THE SITE, APPLICATION AND SERVICES, WHETHER BASED ON WARRANTY, CONTRACT, TORT (INCLUDING NEGLIGENCE), PRODUCT LIABILITY OR ANY OTHER LEGAL THEORY, AND WHETHER OR NOT SITE_NAME HAS BEEN INFORMED OF THE POSSIBILITY OF SUCH DAMAGE, EVEN IF A LIMITED REMEDY SET FORTH HEREIN IS FOUND TO HAVE FAILED OF ITS ESSENTIAL PURPOSE.</p><p>EXCEPT FOR OUR OBLIGATIONS TO PAY AMOUNTS TO APPLICABLE HOSTS PURSUANT TO THESE TERMS OR AN APPROVED PAYMENT REQUEST UNDER THE SITE_NAME HOST GUARANTEE, IN NO EVENT WILL SITE_NAME\'S AGGREGATE LIABILITY ARISING OUT OF OR IN CONNECTION WITH THESE TERMS AND YOUR USE OF THE SITE, APPLICATION AND SERVICES INCLUDING, BUT NOT LIMITED TO, FROM YOUR LISTING OR BOOKING OF ANY ACCOMMODATION VIA THE SITE, APPLICATION AND SERVICES, OR FROM THE USE OF OR INABILITY TO USE THE SITE, APPLICATION, SERVICES, OR COLLECTIVE CONTENT OR YOUR PARTICIPATION IN THE REFERRAL PROGRAM AND IN CONNECTION WITH ANY ACCOMMODATION OR INTERACTIONS WITH ANY OTHER MEMBERS, EXCEED THE AMOUNTS YOU HAVE PAID OR OWE FOR BOOKINGS VIA THE SITE, APPLICATION AND SERVICES AS A GUEST IN THE TWELVE (12) MONTH PERIOD PRIOR TO THE EVENT GIVING RISE TO THE LIABILITY, OR IF YOU ARE A HOST, THE AMOUNTS PAID BY SITE_NAME TO YOU IN THE TWELVE (12) MONTH PERIOD PRIOR TO THE EVENT GIVING RISE TO THE LIABILITY, OR ONE HUNDRED U.S. DOLLARS (US$100), IF NO SUCH PAYMENTS HAVE BEEN MADE, AS APPLICABLE. THE LIMITATIONS OF DAMAGES SET FORTH ABOVE ARE FUNDAMENTAL ELEMENTS OF THE BASIS OF THE BARGAIN BETWEEN SITE_NAME AND YOU. SOME JURISDICTIONS DO NOT ALLOW THE EXCLUSION OR LIMITATION OF LIABILITY FOR CONSEQUENTIAL OR INCIDENTAL DAMAGES, SO THE ABOVE LIMITATION MAY NOT APPLY TO YOU.</p><p><b>Indemnification</b></p><p>You agree to release, defend, indemnify, and hold SITE_NAME and its affiliates and subsidiaries, and their officers, directors, employees and agents, harmless from and against any claims, liabilities, damages, losses, and expenses, including, without limitation, reasonable legal and accounting fees, arising out of or in any way connected with (a) your access to or use of the Site, Application, Services, or Collective Content or your violation of these Terms; (b) your Member Content; (c) your (i) interaction with any Member, (ii) booking of an Accommodation, or (iii) creation of a Listing; (d) the use, condition or rental of an Accommodation by you, including but not limited to any injuries, losses, or damages (compensatory, direct, incidental, consequential or otherwise) of any kind arising in connection with or as a result of a rental, booking or use of a Accommodation; and (e) your participation in the Referral Program or your accrual of any SITE_NAME Travel Credits.</p><p><b>Export Control and Restricted Countries</b></p><p>You may not use, export, re-export, import, or transfer the Application except as authorized by United States law, the laws of the jurisdiction in which you obtained the Application, and any other applicable laws. In particular, but without limitation, the Application may not be exported or re-exported: (a) into any United States embargoed countries; or (b) to anyone on the U.S. Treasury Department\'s list of Specially Designated Nationals or the U.S. Department of Commerce\'s Denied Persons List or Entity List. By using the Site, Application and Services, you represent and warrant that (i) neither you nor your listed Accommodation is located in a country that is subject to a U.S. Government embargo, or that has been designated by the U.S. Government as a \"terrorist supporting\" country and (ii) you are not listed on any U.S. Government list of prohibited or restricted parties. You also will not use the Site, Application and Services for any purpose prohibited by U.S. law, including the development, design, manufacture or production of missiles, or nuclear, chemical or biological weapons. SITE_NAME does not permit Listings associated with certain countries due to U.S. embargo restrictions.</p><p><b>Accessing and Downloading the Application from iTunes</b></p><p>The following applies to any Application accessed through or downloaded from the Apple App Store (\"<b>App Store Sourced Application</b>\"):</p><p></p><ul><li>You acknowledge and agree that (i) these Terms are concluded between you and SITE_NAME only, and not Apple, and (ii) SITE_NAME, not Apple, is solely responsible for the App Store Sourced Application and content thereof. Your use of the App Store Sourced Application must comply with the App Store Terms of Services.</li><li>You acknowledge that Apple has no obligation whatsoever to furnish any maintenance and support services with respect to the App Store Sourced Application.</li><li>In the event of any failure of the App Store Sourced Application to conform to any applicable warranty, you may notify Apple, and Apple will refund the purchase price for the App Store Sourced Application to you and to the maximum extent permitted by applicable law, Apple will have no other warranty obligation whatsoever with respect to the App Store Sourced Application. As between SITE_NAME and Apple, any other claims, losses, liabilities, damages, costs or expenses attributable to any failure to conform to any warranty will be the sole responsibility of SITE_NAME.</li><li>You and SITE_NAME acknowledge that, as between SITE_NAME and Apple, Apple is not responsible for addressing any claims you have or any claims of any third party relating to the App Store Sourced Application or your possession and use of the App Store Sourced Application, including, but not limited to: (i) product liability claims; (ii) any claim that the App Store Sourced Application fails to conform to any applicable legal or regulatory requirement; and (iii) claims arising under consumer protection or similar legislation.</li><li>You and SITE_NAME acknowledge that, in the event of any third-party claim that the App Store Sourced Application or your possession and use of that App Store Sourced Application infringes that third party\'s intellectual property rights, as between SITE_NAME and Apple, SITE_NAME, not Apple, will be solely responsible for the investigation, defense, settlement and discharge of any such intellectual property infringement claim to the extent required by these Terms.</li><li>You and SITE_NAME acknowledge and agree that Apple, and Apple\'s subsidiaries, are third-party beneficiaries of these Terms as related to your license of the App Store Sourced Application, and that, upon your acceptance of the terms and conditions of these Terms, Apple will have the right (and will be deemed to have accepted the right) to enforce these Terms as related to your license of the App Store Sourced Application against you as a third-party beneficiary thereof.</li><li>Without limiting any other terms of these Terms, you must comply with all applicable third-party terms of agreement when using the App Store Sourced Application.</li></ul><p></p><p><b>Reporting Misconduct</b></p><p>If you stay with or host anyone who you feel is acting or has acted inappropriately, including but not limited to anyone who (i) engages in offensive, violent or sexually inappropriate behavior, (ii) you suspect of stealing from you, or (iii) engages in any other disturbing conduct, you should immediately report such person to the appropriate authorities and then to SITE_NAME by contacting us with your police station and report number; provided that your report will not obligate us to take any action beyond that required by law (if any) or cause us to incur any liability to you.</p><p><b>Entire Agreement</b></p><p>These Terms constitute the entire and exclusive understanding and agreement between SITE_NAME and you regarding the Site, Application, Services, Collective Content, and any bookings or Listings of Accommodations made via the Site, Application and Services, and these Terms supersede and replace any and all prior oral or written understandings or agreements between SITE_NAME and you regarding bookings or listings of Accommodations, the Site, Application, Services, and Collective Content.</p><p><b>Assignment</b></p><p>You may not assign or transfer these Terms, by operation of law or otherwise, without SITE_NAME\'s prior written consent. Any attempt by you to assign or transfer these Terms, without such consent, will be null and of no effect. SITE_NAME may assign or transfer these Terms, at its sole discretion, without restriction. Subject to the foregoing, these Terms will bind and inure to the benefit of the parties, their successors and permitted assigns.</p><p><b>Notices</b></p><p>Any notices or other communications permitted or required hereunder, including those regarding modifications to these Terms, will be in writing and given by SITE_NAME (i) via email (in each case to the address that you provide) or (ii) by posting to the Site or via the Application. For notices made by e-mail, the date of receipt will be deemed the date on which such notice is transmitted.</p><p><b>Controlling Law and Jurisdiction</b></p><p>These Terms and your use of the Services will be interpreted in accordance with the laws of the State of California and the United States of America, without regard to its conflict-of-law provisions. You and we agree to submit to the personal jurisdiction of a state court located in San Francisco County, San Francisco, California or a United States District Court, Northern District of California located in San Francisco, California for any actions for which the parties&nbsp;<b>retain the right to seek</b> injunctive or other equitable relief in a court of competent jurisdiction to prevent the actual or threatened infringement, misappropriation or violation of a party\'s copyrights, trademarks, trade secrets, patents, or other intellectual property rights,&nbsp;<b>as set forth in the Dispute Resolution provision below.</b></p><p><b>Dispute Resolution</b></p><p>You and SITE_NAME agree that any dispute, claim or controversy arising out of or relating to these Terms or the breach, termination, enforcement, interpretation or validity thereof, or to the use of the Services or use of the Site or Application (collectively, \"<b>Disputes</b>\") will be settled by binding arbitration, except that each party retains the right to seek injunctive or other equitable relief in a court of competent jurisdiction to prevent the actual or threatened infringement, misappropriation or violation of a party\'s copyrights, trademarks, trade secrets, patents, or other intellectual property rights. You acknowledge and agree that you and SITE_NAME are each waiving the right to a trial by jury or to participate as a plaintiff or class member in any purported class action or representative proceeding. Further, unless both you and SITE_NAME otherwise agree in writing, the arbitrator may not consolidate more than one person\'s claims, and may not otherwise preside over any form of any class or representative proceeding. If this specific paragraph is held unenforceable, then the entirety of this \"Dispute Resolution\" section will be deemed void. Except as provided in the preceding sentence, this \"Dispute Resolution\" section will survive any termination of these Terms.</p><p><u>Arbitration Rules and Governing Law</u>. The arbitration will be administered by the American Arbitration Association (\"<b>AAA</b>\") in accordance with the Commercial Arbitration Rules and the Supplementary Procedures for Consumer Related Disputes (the \"<b>AAA Rules</b>\") then in effect, except as modified by this \"Dispute Resolution\" section. (The AAA Rules are available at&nbsp;<a target=\"_blank\" href=\"http://www.adr.org/arb_med\">www.adr.org/arb_med</a> or by calling the AAA at 1-800-778-7879.) The Federal Arbitration Act will govern the interpretation and enforcement of this section.</p><p><u>Arbitration Process</u>. A party who desires to initiate arbitration must provide the other party with a written Demand for Arbitration as specified in the AAA Rules. (The AAA provides a <a href=\"http://www.adr.org/aaa/ShowPDF?doc=ADRSTG_004175\">form Demand for Arbitration</a>&nbsp;and a separate <a href=\"http://adr.org/aaa/ShowPDF?doc=ADRSTG_004314\">form for California residents</a>) The arbitrator will be either a retired judge or an attorney licensed to practice law in the state of California and will be selected by the parties from the AAA\'s roster of consumer dispute arbitrators. If the parties are unable to agree upon an arbitrator within seven (7) days of delivery of the Demand for Arbitration, then the AAA will appoint the arbitrator in accordance with the AAA Rules.</p><p><u>Arbitration Location and Procedure</u>. Unless you and SITE_NAME otherwise agree, the arbitration will be conducted in the county where you reside. If your claim does not exceed $10,000, then the arbitration will be conducted solely on the basis of documents you and SITE_NAME submit to the arbitrator, unless you request a hearing or the arbitrator determines that a hearing is necessary. If your claim exceeds $10,000, your right to a hearing will be determined by the AAA Rules. Subject to the AAA Rules, the arbitrator will have the discretion to direct a reasonable exchange of information by the parties, consistent with the expedited nature of the arbitration.</p><p><u>Arbitrator\'s Decision</u>. The arbitrator will render an award within the time frame specified in the AAA Rules. The arbitrator\'s decision will include the essential findings and conclusions upon which the arbitrator based the award. Judgment on the arbitration award may be entered in any court having jurisdiction thereof. The arbitrator\'s award damages must be consistent with the terms of the \"Limitation of Liability\" section above as to the types and the amounts of damages for which a party may be held liable. The arbitrator may award declaratory or injunctive relief only in favor of the claimant and only to the extent necessary to provide relief warranted by the claimant\'s individual claim. If you prevail in arbitration you will be entitled to an award of attorneys\' fees and expenses, to the extent provided under applicable law. SITE_NAME will not seek, and hereby waives all rights it may have under applicable law to recover, attorneys\' fees and expenses if it prevails in arbitration.</p><p><u>Fees</u>. Your responsibility to pay any AAA filing, administrative and arbitrator fees will be solely as set forth in the AAA Rules. However, if your claim for damages does not exceed $75,000, SITE_NAME will pay all such fees unless the arbitrator finds that either the substance of your claim or the relief sought in your Demand for Arbitration was frivolous or was brought for an improper purpose (as measured by the standards set forth in Federal Rule of Civil Procedure 11(b)).</p><p><u>Changes</u>. Notwithstanding the provisions of the \"Modification\" section above, if SITE_NAME changes this \"Dispute Resolution\" section after the date you first accepted these Terms (or accepted any subsequent changes to these Terms), you may reject any such change by sending us written notice (including by email) within 30 days of the date such change became effective, as indicated in the \"Last Updated Date\" above or in the date of SITE_NAME\'s email to you notifying you of such change. By rejecting any change, you are agreeing that you will arbitrate any Dispute between you and SITE_NAME in accordance with the provisions of this \"Dispute Resolution\" section as of the date you first accepted these Terms (or accepted any subsequent changes to these Terms).</p><p><b>General</b></p><p>The failure of SITE_NAME to enforce any right or provision of these Terms will not constitute a waiver of future enforcement of that right or provision. The waiver of any such right or provision will be effective only if in writing and signed by a duly authorized representative of SITE_NAME. Except as expressly set forth in these Terms, the exercise by either party of any of its remedies under these Terms will be without prejudice to its other remedies under these Terms or otherwise. If for any reason an arbitrator or a court of competent jurisdiction finds any provision of these Terms invalid or unenforceable, that provision will be enforced to the maximum extent permissible and the other provisions of these Terms will remain in full force and effect.</p><p><b>Third party beneficiary</b></p><p>These Terms do not and are not intended to confer any rights or remedies upon any person other than the parties. Notwithstanding the foregoing, the parties agree that the payment card networks are third party beneficiaries of these Terms for purposes of enforcing provisions related to payments, but that their consent or agreement is not necessary for any changes or modifications to these Terms.</p><p><b>Additional Clauses for Users Contracting with SITE_NAME Ireland</b></p><p>The following paragraphs will apply if you are contracting with SITE_NAME Ireland.</p><p>The final sentence in the&nbsp;<b>Suspension, Termination and SITE_NAME Account Cancellation</b>&nbsp;clause shall be removed and replaced with the following:&nbsp;<i>\"Please note that if your SITE_NAME Account is cancelled, we do not have an obligation to return to you any Content you have posted to the Site, Application and Services, including, but not limited to, any reviews or Feedback.\"</i></p><p>The&nbsp;<b>Controlling Law and Jurisdiction</b>&nbsp;clause shall be removed and replaced with the following:&nbsp;<i>\"<b>Controlling Law and Jurisdiction</b>&nbsp;These Terms will be interpreted in accordance with Irish law. You and we agree to submit to the non-exclusive jurisdiction of the Irish courts for resolving any dispute between the parties. If SITE_NAME wishes to enforce any of its rights against you, we may elect to do so in the Irish courts or in the courts of the jurisdiction in which you are resident.\"</i></p><p>The&nbsp;<b>Dispute Resolution</b>&nbsp;clause shall be removed and is not applicable.</p><p>The&nbsp;<b>Export Control and Restricted Countries</b>&nbsp;clause shall be amended by the following:&nbsp;<i>\"<b>Export Control and Restricted Countries</b>&nbsp;In addition to complying with the main Export Control and Restricted Countries clause, you must also comply with any relevant export control laws in your local jurisdiction.\"</i></p><p>The <b>Bookings and Financial Terms for Guests</b> clause shall be amended by the following: <i>\"<b>Bookings and Financial Terms for Guests</b> In addition to complying with the main Bookings and Financial Terms for Guests clause, you also acknowledge that if your SITE_NAME account is located in Brazil and you are paying by credit card, you may pay for your booking in multiple installments as long as your credit card supports installments and is issued in Brazil. The number of installments may vary, but will be presented to you before you complete your booking transaction. You also acknowledge that the Total Fees may be increased in case you choose to pay for your booking using credit card installments.\"</i></p><p><b>Contacting SITE_NAME</b></p><p>If you have any questions about these Terms or any App Store Sourced Application, please contact SITE_NAME.</p>','Active','2016-03-26 18:50:11','2016-03-26 21:08:22'),(2,'Privacy Policy','privacy_policy','yes','company','<h1>Privacy Policy</h1>&nbsp;&nbsp;&nbsp;&nbsp;&nbsp; <p>Last Updated: Jan 1, 2016</p><p><b><u>SITE_NAME PRIVACY POLICY</u></b></p><p>SITE_NAME (hereinafter referred to as \"<b>SITE_NAME</b>\", \"<b>we</b>\", \"<b>us</b>\" or \"<b>our</b>\") operates a platform and community marketplace that helps people form offline experiences and relationships directly with one another, where they can create, list, discover and book unique accommodations around the world, whether through our website or our mobile applications (\"<b>Platform</b>\"). SITE_NAME refers to SITE_NAME Inc. if you reside in the USA, and to SITE_NAME Ireland if you reside outside of the USA.</p><p>This Privacy Policy is intended to inform you about how we treat Personal Information that we process about you. If you do not agree to any part of this Privacy Policy, then we cannot provide the Platform or Services to you, and you should stop accessing the Platform and deactivate your SITE_NAME account. You can find out more about how to deactivate your SITE_NAME account.</p><p><b><u>DEFINITIONS</u></b></p><p>Where the definition of a term does not appear in this Privacy Policy (such as \"Listing\", \"Accommodation\", \"Content,\" \"Services\" etc.), it shall be given its definition as outlined in our Terms of Service (<a target=\"_blank\" href=\"SITE_URL/terms_of_service\">SITE_URL/terms_of_service</a>).</p><p>\"<b>Aggregated Information</b>\" means information about all of our users or specific groups or categories of users that we combine together so that it no longer identifies or references an individual user.</p><p>\"<b>Data Controller</b>\" means SITE_NAME, the company responsible for the use and processing of Personal Information.</p><p>\"<b>Personal Information</b>\" means information relating to a living individual who is or can be identified either from that information or from that information in conjunction with other information that is in, or is likely to come into, the possession of the Data Controller.</p><p><b><u>WHAT TYPES OF INFORMATION DOES SITE_NAME GATHER ABOUT ITS USERS?</u></b></p><p><b>1. Information that you give us</b></p><p>We receive, store and process information that you make available to us when accessing or using our Platform and Services. Examples include when you:&nbsp;</p><p></p><ol><br><li>fill in any form on the Platform, such as when you register or update the details of your user account, or when you supply&nbsp;ID&nbsp;verification&nbsp;information;</li><br><li>access or use the Platform, such as to search for or post Accommodations, make or accept bookings, pay for Accommodations, book or pay for any associated services that may be available (such as but not limited to cleaning), post comments or reviews, or communicate with other users;</li><br><li>link your account on a third party site (e.g. Facebook) to your SITE_NAME account, in which case we will obtain the Personal Information that you have provided to the third party site, to the extent allowed by your settings with the third party site and authorized by you; and</li><br><li>communicate with SITE_NAME.</li><br></ol><p></p><p><b>2. Mobile Data</b></p><p>When you use certain features of the Platform, in particular our mobile applications we may receive, store and process different types of information about your location, including general information (e.g., IP address, zip code) and more specific information (e.g., GPS-based functionality on mobile devices used to access the Platform or specific features of the platform). If you access the Platform through a mobile device and you do not want your device to provide us with location-tracking information, you can disable the GPS or other location-tracking functions on your device, provided your device allows you to do this. See your device manufacturer\'s instructions for further details.</p><p><b>3. Log Data</b></p><p>We may also receive, store and process Log Data, which is information that is automatically recorded by our servers whenever you access or use the Platform, regardless of whether you are registered with SITE_NAME or logged in to your SITE_NAME account, such as your IP Address, the date and time you access or use the Platform, the hardware and software you are using, referring and exit pages and URLs, the number of clicks, pages viewed and the order of those pages, and the amount of time spent on particular pages.</p><p><b>4. Cookies and other Tracking Technologies</b></p><p>SITE_NAME uses cookies and other similar technologies, such as mobile application identifiers, on the Platform. We may also allow our business partners to use their cookies and other tracking technologies on the Platform. As a result, when you access or use the Platform, you will provide or make available certain information to us and to our business partners.</p><p>While you may disable the usage of cookies through your browser settings, we do not change our practices in response to a \"Do Not Track\" signal in the HTTP header from your browser or mobile application. We track your activities if you click on advertisements for SITE_NAME services on third party platforms such as search engines and social networks, and may use analytics to track what you do in response to those advertisements.</p><p>We may, either directly or through third party companies and individuals we engage to provide services to us, also continue to track your behavior on our own Platform for purposes of our own customer support, analytics, research, product development, fraud prevention, risk assessment, regulatory compliance, investigation, as well as to enable you to use and access the Platform and pay for your activities on the Platform. We may also, either directly or through third party companies and individuals we engage to provide services to us, track your behavior on our own Platform to market and advertise our services to you on the Platform and third party websites. Third parties that use cookies and other tracking technologies to deliver targeted advertisements on our Platform and/or third party websites may offer you a way to prevent such targeted advertisements by opting-out at the websites of industry groups such as the Network Advertising Initiative (<a target=\"_blank\" href=\"http://www.networkadvertising.org/choices/\">http://www.networkadvertising.org/choices/</a>) and/or the Digital Advertising Alliance (<a target=\"_blank\" href=\"http://www.aboutads.info/choices/\">http://www.aboutads.info/choices/</a>). You may also be able to control advertising cookies provided by publishers, for example Google\'s Ad Preference Manager (<a target=\"_blank\" href=\"https://www.google.com/settings/ads/onweb/\">https://www.google.com/settings/ads/onweb/</a>). Please note that even if you choose to opt-out of receiving targeted advertising, you may still receive advertising on or about the Platform – it just will not be tailored to your interests.</p><p>Third parties may not collect information about users\' online activities on the Platform except as described in this policy and our&nbsp;<a href=\"SITE_URL/privacy_policy#cookie_policy\">Cookie Policy</a>.</p><p><b>5. Third-party social plugins</b></p><p>Our Platform may use social plugins which are provided and operated by third-party companies, such as Facebook\'s Like Button.</p><p>As a result of this, you may send to the third-party company the information that you are viewing on a certain part of our Platform. If you are not logged into your account with the third-party company, then the third party may not know your identity. If you are logged into your account with the third-party company, then the third party may be able to link information about your visit to our Platform to your account with them. Similarly, your interactions with the social plugin may be recorded by the third party.</p><p>Please refer to the third party\'s privacy policy to find out more about its data practices, such as what data is collected about you and how the third party uses such data.</p><p><b><u>HOW SITE_NAME USES AND PROCESSES THE INFORMATION THAT YOU PROVIDE OR MAKE AVAILABLE</u></b></p><p>We use, store and process Information about you for the following general purposes:&nbsp;</p><p></p><ol><br><li>to enable you to access and use the Platform;</li><br><li>to operate, protect, improve and optimize the Platform, SITE_NAME\'s business, and our users\' experience, such as to perform analytics, conduct research, personalize or otherwise customize your experience, and for advertising and marketing;</li><br><li>to help create and maintain a trusted and safer environment on the Platform and Services, such as fraud detection and prevention, conducting investigations and risk assessments, verifying the address of your listings, verifying any identifications provided by you, and conducting checks against databases such as public government databases;</li><br><li>to send you service, support and administrative messages, reminders, technical notices, updates, security alerts, and information requested by you;</li><br><li>where we have your consent, to send you marketing and promotional messages and other information that may be of interest to you, including information about SITE_NAME or general promotions for partner campaigns and services. You can unsubscribe or opt-out from receiving these communications in your settings (in the \"Account\" section) when you login to your SITE_NAME account;</li><br><li>to administer referral programs, rewards, surveys, sweepstakes, contests, or other promotional activities or events sponsored or managed by SITE_NAME or our business partners; and</li><br><li>to comply with our legal obligations, resolve any disputes that we may have with any of our users, and enforce our agreements with third parties.</li><br></ol><p></p><p><b><u>HOW SITE_NAME USES AND PROCESSES USER COMMUNICATIONS</u></b></p><p>We may, either directly or through third party companies and individuals we engage to provide services to us, review, scan, or analyze your communications with other users exchanged via the Platform for fraud prevention, risk assessment, regulatory compliance, investigation, product development, research and customer support purposes. For example, as part of our fraud prevention efforts, the Platform may scan and analyze messages to mask contact information and references to other websites. This helps to prevent fraudulent actors from asking Guests to send them money outside of the Platform, such as by bank transfer or other money transfer methods. We may also scan, review or analyze messages for research and product development purposes to help make search, booking and user communications more efficient and effective, as well as to debug, improve and expand product offerings.&nbsp;We will not review, scan, or analyze your communications for sending third party marketing messages to you. We will also not sell these reviews or analyses of communications to third parties. We will also use automated methods to carry out these reviews or analyses where reasonably possible. However, from time to time we may have to manually review some communications. By using the Platform, you consent that SITE_NAME, in its sole discretion, may, either directly or through third party companies and individuals we engage to provide services to us, review, scan, analyze, and store your communications, whether done manually or through automated means.</p><p><b><u>WHEN SITE_NAME DISCLOSES OR SHARES PERSONAL INFORMATION, AND TO WHOM</u></b></p><p><b>IMPORTANT: When you use the Platform, your data may be sent to the United States and possibly other countries</b></p><p>We may transfer, store, use and process your information, including any Personal Information, to countries outside of the European Economic Area (\"<b>EEA</b>\") including the United States. Please note that laws vary from jurisdiction to jurisdiction, and so the privacy laws applicable to the places where your information is transferred to or stored, used or processed in, may be different from the privacy laws applicable to the place where you are resident.</p><p>If you are located in the EEA or in Switzerland, please also see our Safe Harbor Notice.</p><p>Your Personal Information may be disclosed as follows:&nbsp;</p><p></p><ol><br><li>Parts of your public profile page that contain some Personal Information may be displayed in other parts of the Platform to other users for marketing purposes or to the extent necessary to operate and manage referral and rewards programs.</li><br><li>Your public Listing page will always include some minimum information such as the city and neighborhood where the Accommodation is located, your listing description, your calendar availability, your public profile photo and your responsiveness in replying to Guests\' queries. Your public Listing page may also include aggregated demand information (such as number of page views over a period of time). Parts of your public Listing page may be displayed in other parts of the Platform to other users for marketing purposes. The Platform may also display the Accommodation\'s approximate geographic location on a map, such that a user can see the general area of the Accommodation.</li><br><li>The Platform allows your public profile and public Listing pages to be included in search engines, in which case your public profile and public Listing pages will be indexed by search engines and may be published as search results. This option is enabled by default, and you may opt out of this feature by changing your settings on the Platform. If you change your settings or the information on your public profile or public Listing pages, third-party search engines may not update their databases quickly or at all. We do not control the practices of third-party search engines, and they may use caches containing outdated information, including any information indexed by the search engine before you change your settings or the information on your public profile or public Listing pages.</li><br><li>When you submit a request to book an Accommodation, your full name will become visible to the Host. In addition, if you agree to be contacted by the Host by phone when submitting your request and the Host decides to do so, SITE_NAME will call your phone number first, before connecting you with the Host. We will not share your phone number unless there is a confirmed booking; if there is a confirmed booking, your phone number will become visible to the Host/Guest, who may call you directly.</li><br><li>When your request to book an Accommodation is accepted by the Host or when you accept a Guest\'s request to book your Accommodation, we will disclose some of your Personal Information to the Host or Guest. However, your billing and payout information will never be shared with another user.</li><br><li>When a Guest stays at your Accommodation or when you stay at a Host\'s Accommodation, we will ask you to review the Guest or the Accommodation. If you choose to provide a review, your review may be public on the Platform.</li><br><li>You may link your account on a third party social networking site to your SITE_NAME account. We refer to a person\'s contacts on these third party sites as \"Friends\". When you create this linkage:&nbsp;<br><ul><br><li>some of the information you provide to us from the linking of your accounts may be published on your SITE_NAME account profile;</li><br><li>your activities on the Platform may be displayed to your Friends on the Platform and/or that third party site;</li><br><li>other SITE_NAME users may be able to see any common Friends that you may have with them, or that you are a Friend of their Friend if applicable;</li><br><li>other SITE_NAME users may be able to see any schools, hometowns or other groups you have in common with them as listed on your linked social networking site(s); and</li><br><li>the information you provide to us from the linking of your accounts may be stored, processed and transmitted for fraud prevention and risk assessment purposes.</li><br></ul><br>The publication and display of information that you provide to SITE_NAME through this linkage is subject to your settings and authorizations on the Platform and the third party site.</li><br><li>We may distribute parts of the Platform (including your Listing) for display on sites operated by SITE_NAME\'s business partners and affiliates, using technologies such as HTML widgets. If and when your Listings are displayed on a partner\'s site, information from your public profile page may also be displayed.</li><br><li>We may allow our related entities such as our subsidiaries, and their employees, to use and process your Personal Information in the same way and to the same extent that we are permitted to under this Privacy Policy. These related entities comply with the same obligations that we have to protect your Personal Information under this Privacy Policy.</li><br><li>We may also engage third party companies and individuals, who may be located outside of the EEA, to provide services to us, including but not limited to technology services and services to help verify your identification, to conduct checks against databases such as public government databases (where legally allowed), to otherwise assist us with fraud prevention and risk assessment, to assist us with customer service, and to facilitate the payments or reimbursements you request (such as Concur and American Express). We may provide Personal Information about you to these third parties, or give them access to this Personal Information, for the limited purpose of allowing them to provide these services. We will ensure that such third parties have contractual obligations to protect this Personal Information and to not use it for unrelated purposes.</li><br><li>For any jurisdiction in which we facilitate the Collection and Remittance of Taxes or Opt-in for Host Remittance of Taxes as described in the \"Taxes\" section of the <a href=\"SITE_URL/terms_of_service\">Terms of Service</a>, Hosts and Guests expressly grant us permission, without further notice, to store, transfer and disclose data and other information relating to them or to their Transactions, Bookings, Accommodations and Occupancy Taxes, including, but not limited to, personally identifiable information such as Host or Guest\'s name, listing addresses, transaction dates and amounts, tax identification number(s), the amount of taxes received by Hosts from Guests, or allegedly due, contact information and similar information, to the relevant Tax Authority.</li><br><li>You acknowledge, consent and agree that SITE_NAME may access, preserve and disclose your account information and Collective Content if required to do so by law or in a good faith belief that such access, preservation or disclosure is reasonably necessary to (a) respond to claims asserted against SITE_NAME; (b) to comply with legal process (for example, subpoenas and warrants); (c) to enforce and administer our agreements with users, such as the Terms of Service, (<a target=\"_blank\" href=\"SITE_URL/terms_of_service\">SITE_URL/terms_of_service</a>), this Privacy Policy, and the Host Guarantee Terms and Conditions (<a target=\"_blank\" href=\"SITE_URL/host_guarantee\">SITE_URL/host_guarantee</a>); (d) for fraud prevention, risk assessment, investigation, customer support, product development and de-bugging purposes; or (e) to protect the rights, property or personal safety of SITE_NAME, its users or members of the public. We will use commercially reasonable efforts to notify users about law enforcement requests for their data unless:<br><ul><br><li>providing notice is prohibited by the legal process itself, by court order we receive, or by applicable law; or</li><br><li>based on information supplied by law enforcement, we, in our sole discretion, believe: (a) that providing notice could create a risk of injury or death to an individual or group of individuals, (b) that the case involves potential harm to minors, or (c) that harm or fraud could be directed to SITE_NAME, its Members, the Platform, or Services.</li><br></ul><br></li><br></ol><p></p><p>We may also publish, disclose and use Aggregated Information and non-personal information for industry and market analysis, demographic profiling, marketing and advertising, and other business purposes.</p><p><b><u>BUSINESS TRANSFERS BY SITE_NAME</u></b></p><p>If SITE_NAME undertakes or is involved in any merger, acquisition, reorganization, sale of assets or bankruptcy or insolvency event, then we may sell, transfer or share some or all of our assets, including your Personal Information. In this event, we will notify you before your Personal Information is transferred and becomes subject to a different privacy policy.</p><p><b><u>HOW TO CHANGE OR DELETE YOUR INFORMATION, OR CANCEL YOUR SITE_NAME ACCOUNT</u></b></p><p>You may review, update, correct or delete the Personal Information in your SITE_NAME account. If you would like to correct your information or cancel your SITE_NAME account entirely, you can do so by logging in to your account. Please also note that any reviews, forum postings and similar materials posted by you may continue to be publicly available on the Platform in association with your first name, even after your SITE_NAME account is cancelled.</p><p><b><u>SECURING YOUR PERSONAL INFORMATION</u></b></p><p>We are continuously implementing and updating administrative, technical, and physical security measures to help protect your Personal Information against unauthorized access, destruction or alteration. However, no method of transmission over the Internet, and no method of storing electronic information, can be 100% secure. So, we cannot guarantee the absolute security of your transmissions to us and of your Personal Information that we store.</p><p><b><u>YOUR PRIVACY WHEN YOU ACCESS THIRD-PARTY WEBSITES AND RESOURCES</u></b></p><p>The Platform will contain links to other websites not owned or controlled by SITE_NAME. SITE_NAME does not have any control over third party websites. These other websites may place their own cookies, web beacons or other files on your device, or collect and solicit Personal Information from you. They will have their own rules about the collection, use and disclosure of Personal Information. We encourage you to read the terms of use and privacy policies of the other websites that you visit.</p><p>Some portions of the Platform implement Google Maps/Earth mapping services, including Google Maps API(s). Your use of Google Maps/Earth is subject to Google\'s terms of use (located at&nbsp;<a target=\"_blank\" href=\"http://www.google.com/intl/en_us/help/terms_maps.html\">www.google.com/intl/en_us/help/terms_maps.html</a>) and Google\'s privacy policy (located at <a target=\"_blank\" href=\"http://www.google.com/privacy.html\">http://www.google.com/privacy.html</a>), as may be amended by Google from time to time.</p><p><b><u>SPECIAL FEATURES AND PROGRAMS</u></b></p><p><b>Referral service and requesting references</b></p><p>The Platform provides a referral service that allows you to invite your friends and contacts to use the Platform. The Platform also allows you to ask your friends and contacts to write a reference for you, to be published on your SITE_NAME profile.</p><p>We may integrate the Platform with third party sites such as Facebook, so that you can send invitation messages or requests for references via the third party site itself. These messages will be sent by the third party site, and SITE_NAME does not collect or retain the contact information that is used to send them.</p><p>You may also send invitation/request emails via the Platform itself, in which case we will ask you for the contact information to which to send your invitation/request. You can type in the email addresses or other contact information manually, or you can choose to import the contacts in your address book(s). In both cases, we may use and store this information for the sole purposes of allowing you to send your friends and contacts an invitation or request for a reference, and for fraud detection and prevention. With respect to referrals, we will also store the email addresses of your invitees to track if your friend joins SITE_NAME in response to your referral.</p><p>If you request us to import your contacts, we will collect, but not store, the username and password for the email account you wish to import your contacts from. We will use this information only for the purpose of importing your contacts.</p><p><b>Affiliate Program</b></p><p>If you are allowed to join SITE_NAME\'s Affiliate Program and you sign up for it, you will have to provide us with certain Personal Information to enable us to provide the Affiliate Program to you.</p><p><b>Meetups</b></p><p>The Platform may allow registered account holders to organize, search for or participate in offline events (\"<b>Meetups</b>\") in selected cities.</p><p>If you organize a Meetup or indicate that you will attend one, this information, together with some of your public information (such as your profile picture and public profile page) and any messages that you post about that Meetup, will be visible to users who browse the event. However, SITE_NAME will never disclose where you are staying to another meetup user.</p><p><b>Groups</b></p><p>The Platform may allow registered account holders to participate in online discussion forums (\"<b>Group(s)</b>\") in selected cities.</p><p>If you join a Group, then your membership in the Group as well as some of your public information (such as your profile picture and public profile page) will be visible to users who browse the Group. If you publish postings in a Group, then your postings will be visible to such users as well. The ability to browse the Group will depend on the Group settings, and it may or may not be limited to members of that Group.</p><p><b><u>CHANGES TO THIS PRIVACY POLICY</u></b></p><p>We may change how we collect and then use Personal Information at any time and without prior notice, at our sole discretion.&nbsp;We may change this Privacy Policy at any time. If we make material changes to the Privacy Policy, we will notify you either by posting the changed Privacy Policy on the Platform or by sending an email to you. We will also update the \"Last Updated Date\" at the top of this Privacy Policy. If we let you know of changes through an email communication, then the date on which we send the email will be deemed to be the date of your receipt of that email.</p><p>It\'s important that you review the changed Privacy Policy. If you do not wish to agree to the changed Privacy Policy, then we will not be able to continue providing the Platform and Services to you, and your only option will be to stop accessing the Platform and Services and deactivate your SITE_NAME account.<p><b><u>GOT FEEDBACK?</u></b></p><p>Your opinion matters to us! If you\'d like to provide feedback to us about this Privacy Policy, please email us at&nbsp;<a href=\"mailto:terms@SITE_URL\">terms@SITE_URL</a>.</p> <p><b><u>FOR USERS RESIDING IN THE EU AND JAPAN ONLY: YOUR RIGHTS TO REVIEW AND UPDATE INFORMATION</u></b></p><p>If you reside in the EU or Japan, you may request in writing copies of your Personal Information held by us. We will provide you with a copy of the Personal Information held by us as soon as practicable and in any event not more than 40 days after receiving a valid request in writing. There may be a charge to access your personal data (which will not exceed €6.35 in Ireland and £10 in the United Kingdom). We may also request proof of identification to verify your access request. All requests should be addressed to our Data Protection Compliance Officer, SITE_NAME Ireland, Watermarque Building, South Lotts Road, Ringsend, Dublin 4, Ireland.</p><p>We endeavor to keep your information accurate, complete and up to date. If your Personal Information that we hold is inaccurate, please let us know and we will make the necessary amendments, erase or block the relevant information and notify you within 40 days of your valid request that the relevant action has been taken.</p><p>You may also request the erasure of your personal data if you believe we are otherwise in breach of relevant data protection legislation. All requests should be addressed to our Data Protection Compliance Officer, SITE_NAME Ireland, Watermarque Building, South Lotts Road, Ringsend, Dublin 4, Ireland. There is no charge for making such a request.</p><p><b><u>COOKIE POLICY</u></b></p><p>SITE_NAME uses \"cookies\" in conjunction with the Platform to obtain information. A cookie is a small data file that is transferred to your device (e.g., your phone or your computer) for record-keeping purposes. For example, a cookie could allow the Platform to recognize your browser, while another could store your preferences and other information.</p><p>Your browser may allow you to set how it handles cookies, such as declining all cookies or prompting you to decide whether to accept each cookie. But please note that some parts of the Platform may not work as intended or may not work at all without cookies.</p><p><b>SITE_NAME cookies and third party cookies</b></p><p>SITE_NAME may place our cookies on your device via the Platform. Accordingly, our Privacy Policy will apply to our treatment of the information we obtain via our cookies.</p><p>We may also allow our business partners to place cookies on your device. For example, we use Google Analytics for web analytics, and so Google may also set cookies on your device. As further explained below, third parties may also place cookies on your device for advertising purposes.</p><p>There are two types of cookies used on the Platform, namely \"<b>persistent cookies</b>\" and \"<b>session cookies</b>\".</p><p>Session cookies will normally expire when you close your browser, while persistent cookies will remain on your device after you close your browser, and can be used again the next time you access the Platform.</p><p><b>Other technologies</b></p><p>The Platform may also use other technologies with similar functionality to cookies, such as web beacons and tracking URLs to obtain Log Data about users. We may also use web beacons and tracking URLs in our messages to you to determine whether you have opened a certain message or accessed a certain link.</p><p><b>Uses for SITE_NAME cookies</b></p><p>SITE_NAME uses cookies for a number of purposes, such as the following:&nbsp;</p><p></p><ol><br><li>to enable, facilitate and streamline the functioning of the Platform across different webpages and browser sessions.</li><br><li>to simplify your access to and use of the Platform and make it more seamless.</li><br><li>to monitor and analyze the performance, operation and effectiveness of the Platform, so that we can improve and optimize it.</li><br><li>to show you content (which may include advertisements) that is more relevant to you.</li><br></ol><p></p><p><b>Uses for third party cookies</b></p><p>Our partners\' cookies are intended to obtain information to help them provide services to SITE_NAME. For example, third party companies and individuals we engage to provide services to us may track your behavior on our Platform to market and advertise SITE_NAME listings or services to you on the Platform and third party websites. Third parties that use cookies and other tracking technologies to deliver targeted advertisements on our Platform and/or third party websites may offer you a way to prevent such targeted advertisements by opting-out at the websites of industry groups such as the Network Advertising Initiative (<a target=\"_blank\" href=\"http://www.networkadvertising.org/choices/\">http://www.networkadvertising.org/choices/</a>) and/or the Digital Advertising Alliance (<a target=\"_blank\" href=\"http://www.aboutads.info/choices/\">http://www.aboutads.info/choices/</a>). You may also be able to control advertising cookies provided by publishers, for example Google\'s Ad Preference Manager (<a target=\"_blank\" href=\"https://www.google.com/settings/ads/onweb/\">https://www.google.com/settings/ads/onweb/</a>). Please note that even if you choose to opt-out of receiving targeted advertising, you may still receive advertising on the Platform – it just will not be tailored to your interests.</p><p>In addition, Facebook places a cookie via the Platform that allows Facebook to obtain aggregated, non-Personal Information to optimize their services. For example, if a user clicks on an advertisement for the SITE_NAME mobile app on Facebook and subsequently installs the app, this cookie will inform Facebook that a user (who is not personally identified) has installed the app after clicking on the advertisement. This cookie may also inform Facebook that a user is using the app, without identifying the specific actions taken by the user in the app.</p><p><b>Disabling Cookies</b></p><p>Most browsers automatically accept cookies, but you can modify your browser setting to decline cookies by visiting the Help portion of your browser\'s toolbar. If you choose to decline cookies, please note that you may not be able to sign in, customize, or use some of the interactive features of the Platform. Flash cookies operate differently than browser cookies, and cookie management tools available in a web browser will not remove flash cookies. To learn more about how to manage flash cookies, you can visit the Adobe website (<a target=\"_blank\" href=\"http://www.adobe.com/\">http://www.adobe.com/</a>) and make changes at the Global Privacy Settings Panel (<a target=\"_blank\" href=\"http://www.macromedia.com/support/documentation/en/flashplayer/help/settings_manager02.html\">http://www.macromedia.com/support/documentation/en/flashplayer/help/settings_manager02.html</a>).</p><p><b>Changes to this Cookie Policy</b></p><p>We can change this Cookie Policy at any time. If we make material changes to the Cookie Policy, we will let you know either by posting the changed Cookie Policy on the Platform or by sending you an email.</p><p>It\'s important that you review the changed Cookie Policy. If you do not wish to agree to the changed Cookie Policy, then we cannot continue to provide the Platform to you, and your only option is to stop accessing the Platform and deactivate your SITE_NAME account.</p><p><br></p><p></p><p></p>','Active','2016-03-26 20:26:38','2016-03-26 20:31:17'),(3,'Host Guarantee','host_guarantee','yes','company','&nbsp;&nbsp;&nbsp; <h1>Host Guarantee Terms and Conditions</h1><p>Last updated: Jan 1, 2016</p><p><b>SITE_NAME HOST GUARANTEE TERMS AND CONDITIONS</b></p><p>SITE_NAME (hereafter referred to as “<b>SITE_NAME</b>”, “<b>we</b>”, “<b>us</b>”, or “<b>our</b>”) provides an online platform that connects hosts (hereafter referred to as “<b>Host</b>”, “<b>you</b>”, or “<b>your</b>”) who create listings for accommodations that are made available for booking by <b>Guests</b> (defined below) seeking to book such accommodations (collectively, the “<b>Services</b>”), which Services are accessible and any other platform through which SITE_NAME makes the Services available (collectively, the “<b>Site</b>”) and via applications for mobile devices (collectively, the “<b>Application</b>”).&nbsp; SITE_NAME refers to SITE_NAME Inc. if you reside in the USA, and to SITE_NAME Ireland if you reside outside of the USA. For purposes of these Host Guarantee Terms and Conditions, “<b>SITE_NAME</b>”, “<b>we</b>”, “<b>us</b>” or “<b>our</b>” shall also include, as applicable, SITE_NAME’s insurer under the SITE_NAME Insurance Policy or SITE_NAME’s insurance adjuster. </p><p>Whether, as a Host (defined further below) you have posted a single Listing (defined below) on one SITE_NAME website or several Listings on multiple SITE_NAME websites, you may benefit from the SITE_NAME Host Guarantee program (the “<b>SITE_NAME Host Guarantee</b>”), the terms, limitations and conditions for which are set forth below (the “<b>SITE_NAME Host Guarantee Terms</b>”). Please read these SITE_NAME Host Guarantee Terms carefully.</p><p>YOU ACKNOWLEDGE AND AGREE THAT, BY POSTING A LISTING OR OTHERWISE USING THE SITE, APPLICATION OR SERVICES AS A HOST, YOU ARE INDICATING THAT YOU HAVE READ, AND THAT YOU UNDERSTAND AND AGREE TO BE BOUND BY, THESE SITE_NAME HOST GUARANTEE TERMS. If you accept or agree to these SITE_NAME Host Guarantee Terms on behalf of a company or other legal entity, you represent and warrant that you have the authority to bind that company or other legal entity to these SITE_NAME Host Guarantee Terms and, in such event, “you” and “your” will refer and apply to that company or other legal entity.</p><p>YOU MUST COMPLY WITH ALL OF THE REQUIREMENTS AND CONDITIONS IN THE SITE_NAME HOST GUARANTEE IN ORDER TO BE ELIGIBLE TO RECEIVE ANY PAYMENTS FOR COVERED LOSSES (DEFINED BELOW). YOUR FAILURE TO FULLY COMPLY WILL PREVENT YOUR RECOVERY FOR ANY COVERED LOSSES.</p><p>PLEASE CAREFULLY REVIEW THE DEFINITIONS OF “COVERED ACCOMMODATION,” “COVERED LOSSES,” “COVERED PROPERTY” AND “EXCLUDED PROPERTY” BELOW SO THAT YOU MAY IDENTIFY AND PROTECT PROPERTY NOT COVERED BY THE SITE_NAME HOST GUARANTEE.</p><p>You acknowledge and agree to use your best efforts to communicate with the Responsible Guest (defined below) as soon as possible after you discover any physical loss or damage to your Covered Property.&nbsp; You must notify the Responsible Guest about your complaint and attempt to resolve the loss or damage with the Responsible Guest.&nbsp; If you and the Responsible Guest are unable to come to a resolution within seven (7) days after first contacting the Responsible Guest, you should complete and file an SITE_NAME Host Guarantee Payment Request Form with SITE_NAME as further described in Section V below.</p><p>You acknowledge and agree that any amount of Covered Losses payable to you under the SITE_NAME Host Guarantee will be reduced by the amounts you have already collected for the same Covered Losses from a source other than the SITE_NAME Host Guarantee, including without limitation: (i) amounts received under an insurance policy, guarantee or indemnity; (ii) a security deposit; or (iii) payment directly by the Responsible Guest or an Invitee (defined below), or other party or an insurer or guarantor of such party.</p><p>Except as permitted by law, these SITE_NAME Host Guarantee Terms do not affect your statutory rights.&nbsp; If you would like a written copy of the SITE_NAME Host Guarantee Terms, please contact SITE_NAME at <a target=\"_blank\" href=\"mailto:terms@SITE_URL\">terms@SITE_URL</a>.</p><p><b>I. The SITE_NAME Host Guarantee</b></p><p>SITE_NAME agrees to pay you, as a Host, to repair or replace your Covered Property damaged or destroyed as a result of a Covered Loss, subject to the limitations, exclusions and conditions in the SITE_NAME Host Guarantee.</p><p><b>II. Key Defined Terms</b></p><p>The following capitalized terms shall have the following meanings:</p><p>“<b>Actual Cash Value</b>” means the amount it would cost to repair or replace damaged or destroyed Covered Property as a result of a Covered Loss, measured on the date of occurrence of such Covered Loss, with material of like kind and quality, with proper deduction for obsolescence and physical depreciation.</p><p>“<b>SITE_NAME Host Guarantee Payment Request Form</b>” means SITE_NAME’s standard form as amended from time to time, accessible through the Site, that a Host uses to request payment from SITE_NAME pursuant to these SITE_NAME Host Guarantee Terms.</p><p>“<b>SITE_NAME Insurance Policy</b>” means an insurance policy issued by an insurer to SITE_NAME pursuant to which SITE_NAME is insured against losses arising under the SITE_NAME Host Guarantee. </p><p>“<b>Booking Income Loss</b>” is the loss of booking income from the booked portion of a Covered Accommodation (according to bona fide SITE_NAME confirmed bookings, contracts or agreements in force prior to the established time of loss) by you, as a Host, resulting from a Covered Loss.&nbsp; Booking Income Loss does not include non-continuing charges and expenses or any loss of booking income during any period in which the Covered Accommodation would not have been tenantable for any reason other than a Covered Loss.&nbsp; The Booking Income Loss will be measured by SITE_NAME’s insurer starting from the time of occurrence of the Covered Loss and ending when the Covered Accommodation can be made ready for habitation under the same or equivalent physical and operating conditions that existed prior to the damage.</p><p>“<b>Covered Accommodation</b>” means an accommodation located in the Territory that can be used as a residence and that is (i) owned or legally controlled by you as a Host during the period of the Responsible Guest’s stay at such accommodation and (ii) listed by you on the Site and booked by such Responsible Guest in compliance with the SITE_NAME Terms of Service.&nbsp; A vehicle (including, but not limited to, automobiles, scooters, vespas, and motorcycles) or a watercraft (including, but not limited to, boats, yachts, jet skis and similar craft) booked through the Services constitutes a “Covered Accommodation” only to the extent it is stationary and used solely for lodging purposes.&nbsp;&nbsp;&nbsp; </p><p>“<b>Covered Losses</b>” means and is limited to direct physical loss or physical damage incurred by a Host to Covered Property of such Host located at a Covered Accommodation caused by the Responsible Guest or an Invitee of the Responsible Guest while staying at such Covered Accommodation booked by such Responsible Guest through the Services.&nbsp; Covered Losses do not include any losses or damage described under Excluded Losses below.</p><p>“<b>Covered Property</b>” means and is limited to the following property located at a Covered Accommodation, or within 1,000 feet thereof, to the extent of your interest in such property, unless such property constitutes Excluded Property (as defined below):<br></p><ul><br><li>A.&nbsp;&nbsp; &nbsp;Real property, including new buildings and additions under construction located at the site of such Covered Accommodation, in which you have an insurable interest.</li><p></p><p></p><li>B.&nbsp;&nbsp; &nbsp;Personal property that is:<br><ol><br><li>&nbsp;&nbsp; &nbsp;owned by you, including your interest as a tenant in improvements and betterments.</li><br><li>&nbsp;&nbsp; &nbsp;not owned by you, but is in your custody and for which you are under obligation to keep the personal property insured for physical loss or damage.</li><br><li>&nbsp;&nbsp; &nbsp;not owned by you, but is in your custody and for which you have legal liability for physical loss or damage to the property.</li><br></ol></li></ul><p></p><p>“<b>Excluded Losses</b>” has the meaning set forth in Section III below.</p><p>“<b>Excluded Property</b>” means any of the following:<br></p><ol><br><li>&nbsp;&nbsp; &nbsp;Currency, money, precious metal in bullion form, notes or securities.</li><p></p><p></p><li>&nbsp;&nbsp; &nbsp;Land, water or any other substance in or on land; except this exclusion does not apply to (i) land improvements consisting of landscape gardening, roadways and pavements, but not including any fill or land beneath such property, or (ii) water that is contained within any enclosed tank, piping system or any other processing equipment.</li><p></p><p></p><li>&nbsp;&nbsp; &nbsp;Animals, including, but not limited to, livestock and pets.</li><p></p><p></p><li>&nbsp;&nbsp; &nbsp;Standing timber; growing crops.</li><p></p><p></p><li>&nbsp;&nbsp; &nbsp;Watercraft (including, but not limited to, boats, yachts, jet skis, and similar craft), aircraft, spacecraft, and satellites. This watercraft exclusion does not apply with respect to any watercraft which is a Covered Accommodation. However, this exclusion does apply to vessels that, at the time of the loss, are in transit, or are moving greater than 10 feet from their usual fixed location and moving faster than one mile per hour.</li><p></p><p></p><li>&nbsp;&nbsp; &nbsp;Vehicles (including, but not limited to, automobiles, scooters, vespas, and motorcycles).&nbsp; This exclusion does not apply with respect to any vehicle that is a Covered Accommodation. However, this exclusion does apply to vehicles that, at the time of the loss, are in transit, or are moving greater than 10 feet from their usual fixed location and moving faster than one mile per hour.</li><p></p><p></p><li>&nbsp;&nbsp; &nbsp;Underground mines or mine shafts or any property within such mine or shaft.</li><p></p><p></p><li>&nbsp;&nbsp; &nbsp;Dams, dikes and levees.</li><p></p><p></p><li>&nbsp;&nbsp; &nbsp;Property in transit, except as otherwise provided by these SITE_NAME Host Guarantee Terms.</li><p></p><p></p><li>&nbsp;&nbsp; &nbsp;Transmission and distribution lines beyond 1,000 feet of the Covered Accommodation.</li><p></p><p></p><li>&nbsp;&nbsp; &nbsp;Any damage to any property that is not in, at, or on a Covered Accommodation.</li><p></p><p></p><li>&nbsp;&nbsp; &nbsp;Real property owned by a party other than you and that you do not control.</li><br></ol><p></p><p>“<b>Fine Arts</b>” means paintings; etchings; printed photos; pictures; tapestries; rare or art glass; art glass windows, valuable rugs; statuary; sculptures; antique furniture; antique jewelry; bric-a-brac; porcelains; and similar property of rarity, historical value, or artistic merit. “Fine Arts” does not include automobiles, coins, stamps, other collectibles, collections, furs, jewelry, precious stones, precious metals, watercraft, aircraft, money, or securities.</p><p>“<b>Guest</b>” means a Member who has completed SITE_NAME’s account registration process, has agreed to the SITE_NAME Terms of Service, and who books and stays on, at, or in a Covered Accommodation for the period of the Listing.</p><p>“<b>Host</b>” means a Member who has completed SITE_NAME’s account registration process, has agreed to the SITE_NAME Terms of Service, and who lists his/her Covered Accommodation(s) on the Site or Application.</p><p>“<b>Invitee</b>” means a person invited to be present at a Covered Accommodation by a Responsible Guest.</p><p>“<b>Limit</b>” means one million US dollars (US $1,000,000), or its equivalent in the currency where the Covered Accommodation is located at the exchange rate applicable on the date of payment by SITE_NAME under these SITE_NAME Host Guarantee Terms.</p><p>“<b>Listing</b>” means an Accommodation that is listed by a Host as available for booking via the Site or Application.</p><p>“<b>Member</b>” means a person who completes SITE_NAME’s account registration process, including, but not limited to Hosts and Guests, as described under “Account Registration” in the SITE_NAME Terms of Service.</p><p>“<b>Ordinary Wear and Tear</b>” means the deterioration in condition of property that occurs under normal use and conditions.</p><p>“<b>Responsible Guest</b>” means the Guest who booked your Covered Accommodation for the period during which you incurred the Covered Losses for which you request payment under these SITE_NAME Host Guarantee Terms.</p><p>“<b>Territory</b>” means the countries for which the SITE_NAME Host Guarantee is available, as announced by SITE_NAME from time to time.</p><p><b>III. Limitations and Exclusions</b></p><p>The SITE_NAME Host Guarantee pays Covered Losses only and does not pay for any of the following (“<b>Excluded Losses</b>”):<br></p><ol><br><li>&nbsp;&nbsp; &nbsp;any losses caused by a Guest or Invitee after the expiration of the booking period shown in the applicable Listing.<p></p><p></p></li><li> &nbsp;&nbsp;&nbsp; &nbsp;losses or damages for Covered Property, which arise out of any one booking of a Covered Accommodation by a Responsible Guest, in excess of the Limit.<p></p><p></p></li><li>&nbsp;&nbsp; &nbsp;in the case of Fine Arts, losses or damages if the Fine Arts cannot be replaced with other of like kind and quality and any loss or damage from any repairing, restoration or retouching process.<p></p><p></p></li><li>&nbsp;&nbsp; &nbsp;any losses, damages, cost or expense of whatsoever nature, directly or indirectly, caused by, relating to or resulting from any of the following:<br><ul><br><li>(i)&nbsp;&nbsp; &nbsp;Excluded Property;</li><br><li>(ii)&nbsp;&nbsp; &nbsp;acts of nature, including, but not limited to, earthquakes and weather related events such as hurricanes and tornadoes;</li><br><li>(iii)&nbsp;&nbsp; &nbsp;excessive use of electricity, gas, fuel, water or other utilities provided for the Covered Accommodation;</li><br><li>(iv)&nbsp;&nbsp; &nbsp;indirect or remote causes;</li><br><li>(v)&nbsp;&nbsp; &nbsp;interruption of business, loss of market and/or loss of use, except that the SITE_NAME Host Guarantee does cover Booking Income Loss;</li><br><li>(vi)&nbsp;&nbsp; &nbsp;loss, damage, or deterioration arising from any delay;</li><br><li>(vii)&nbsp;&nbsp; &nbsp;mysterious disappearance, loss, or shortage disclosed on taking inventory, or any unexplained loss of inventory;</li><br><li>(viii)&nbsp;&nbsp; &nbsp;enforcement of any law or ordinance (i) regulating the construction, repair, replacement, use or removal of any property, including removal of debris, or (ii) requiring the demolition of any property, including the cost of removing its debris;</li><br><li>(ix)&nbsp;&nbsp; &nbsp;animals, including injuries to animals, veterinary care, boarding, medications, and all other services associated with animals; or</li><br><li>(x)&nbsp;&nbsp; &nbsp;identity theft or identity fraud.</li><br></ul></li><p></p><p></p><li>&nbsp;&nbsp; &nbsp;any losses, damages, cost or expense of whatsoever nature, directly or indirectly, caused by or resulting from any of the following, regardless of any other cause or event contributing thereto:<br><ul><br><li>(i)&nbsp;&nbsp; &nbsp;any hostile act or act of war, terrorism, insurrection or rebellion;</li><br><li>(ii)&nbsp;&nbsp; &nbsp;actual or threatened malicious use of poisonous biological or chemical materials;</li><br><li>(iii)&nbsp;&nbsp; &nbsp;nuclear reaction or radiation or radioactive contamination;</li><br><li>(iv)&nbsp;&nbsp; &nbsp;seizure or destruction under quarantine or custom regulation, or confiscation by order of any governmental or public authority;</li><br><li>(v)&nbsp;&nbsp; &nbsp;contraband, or illegal transportation or trade;</li><br><li>(vi)&nbsp;&nbsp; &nbsp;any dishonest act, including but not limited to theft, committed by you or any persons or entities retained by you to do anything in connection with Covered Property, unless such persons or entities are a Responsible Guest or Invitee and such act is done without your knowledge; or</li><br><li>(vii)&nbsp;&nbsp; &nbsp;lack of electricity, fuel, water, gas, steam, refrigerant, sewerage, telephone or internet services due to external factors.</li><br></ul></li><p></p><p></p><li>&nbsp;&nbsp; &nbsp;the following conditions:<br><ul><br><li>(i)&nbsp;&nbsp; &nbsp;faulty workmanship, material, construction or design from any cause;</li><br><li>(ii)&nbsp;&nbsp; &nbsp;deterioration, depletion, rust, corrosion or erosion, inherent vice or latent defect;</li><br><li>(iii)&nbsp;&nbsp; &nbsp;Ordinary Wear and Tear;</li><br><li>(iv)&nbsp;&nbsp; &nbsp;settling, cracking, shrinking, bulging, or expansion of foundations, floors, pavements, walls, ceilings or roofs;</li><br><li>(v)&nbsp;&nbsp; &nbsp;changes of temperature or relative humidity; or</li><br><li>(vi)&nbsp;&nbsp; &nbsp;damage caused by insects, animals or vermin (including pets);</li><br></ul><br>provided, that any physical damage resulting from any of the conditions listed above will be covered by the SITE_NAME Host Guarantee if not otherwise excluded under the SITE_NAME Host Guarantee.<br></li><p></p><p></p><li>&nbsp;&nbsp; &nbsp;any losses, damages, claims, costs, expenses or other sums directly or indirectly arising out of or relating to mold, mildew, fungus, spores or other microorganism of any type, nature, or description, including but not limited to any substance whose presence poses an actual or potential threat to human health.&nbsp; This exclusion applies even if there is (i) any physical loss or damage to Covered Property; (ii) any peril or cause covered hereunder, whether or not contributing concurrently or in any sequence; (iii) any loss of use, occupancy, or functionality; or (iv) any action required, including but not limited to, repair, replacement, removal, cleanup, abatement, disposal, relocation, or steps taken to address medical or legal concerns.</li><p></p><p></p><li>&nbsp;&nbsp; &nbsp;any fees that may be charged to a Guest by a Host for additional individuals invited to, or otherwise provided access to, the Covered Accommodation who are not included in the Guest’s booking of such Covered Accommodation.</li><br></ol><p></p><p><b>IV. Conditions to the SITE_NAME Host Guarantee</b></p><p>IN ORDER TO BE ELIGIBLE TO OBTAIN PAYMENT UNDER THESE SITE_NAME HOST GUARANTEE TERMS, YOU MUST FULLY COMPLY WITH EACH OF THE FOLLOWING CONDITIONS. YOUR FAILURE TO FULLY COMPLY WILL PREVENT YOUR RECOVERY OF ANY COVERED LOSSES. IN ALL CASES, THE ONUS WILL BE UPON YOU TO DEMONSTRATE THAT YOU HAVE COMPLIED WITH THE FOLLOWING CONDITIONS.</p><p>You must have incurred Covered Losses.</p><p>The Covered Losses for which you seek payment must be covered under the SITE_NAME Insurance Policy and payment to SITE_NAME under such SITE_NAME Insurance Policy, and SITE_NAME in its sole discretion may make its payment of benefits under this SITE_NAME Host Guarantee contingent upon the determination that any Covered Losses are covered under the SITE_NAME Insurance Policy.</p><p>You must have used reasonable efforts in connection with the stay of the Responsible Guest at such Covered Accommodation to comply with SITE_NAME’s safety guidelines as described at <a target=\"_blank\" href=\"SITE_URL/trust_safety\">SITE_URL/trust_safety</a>.</p><p>You must inspect the applicable Covered Accommodation to determine whether there are any physical losses or damages to any Covered Property and complete and file an SITE_NAME Host Guarantee Payment Request Form with SITE_NAME within the earlier of (i) fourteen (14) days following the date of termination of the Responsible Guest’s booking of the applicable Covered Accommodation or (ii) the date by which the next subsequent booking of the same Covered Accommodation begins.</p><p>For all Covered Property which is damaged or destroyed due to a violation of law or criminal act or misdemeanor and for which you are filing an SITE_NAME Host Guarantee Payment Request Form, you must file a police report listing such Covered Property and provide SITE_NAME with a copy of such report, certified by you as true and correct.</p><p>You must provide SITE_NAME with proof of ownership of, or legal responsibility for, the Covered Property in the form of receipts, photographs, videos, documents or other customary forms of proof (including, but not limited to, appraisal or valuation forms or notices addressed to you) certified by you as true and correct and reasonably acceptable to SITE_NAME.</p><p>You must deliver a signed and sworn proof of loss to us within sixty (60) days after you have incurred the Covered Loss, unless we provide a written extension of such deadline. The proof of loss must state your knowledge and belief as to the following:</p><p></p><ul><br><li>&nbsp;&nbsp; &nbsp;The time, cause and origin of the Covered Loss, and evidence and proof such loss in the form of receipts, photographs, videos, documents and other verifiable forms of proof.</li><p></p><p></p><li>&nbsp;&nbsp; &nbsp;The ownership, leasehold or other interest of you and all other parties in the Covered Property for which Covered Loss is claimed.</li><p></p><p></p><li>&nbsp;&nbsp; &nbsp;The Actual Cash Value and replacement value of each item of the Covered Property, as well as the current appraised value in the case of Fine Arts articles, that is the subject of the Covered Loss and the amount of such loss or damage to each item of such Covered Property.</li><p></p><p></p><li>&nbsp;&nbsp; &nbsp;All liens, encumbrances, mortgages, guarantees and all other contracts of insurance, whether valid or not, covering the Covered Property that is the subject of the Covered Loss.</li><p></p><p></p><li>&nbsp;&nbsp; &nbsp;Any changes in the title, use, occupation, location, possession, or exposures of the Covered Accommodation since the date of the Listing.</li><p></p><p></p><li>&nbsp;&nbsp; &nbsp;The identity of and other information known about the Responsible Guest, any Invitee and any other party present at or using the Covered Accommodation where the Covered Property is located for which the Covered Loss is claimed on the date of the Covered Loss, and the purpose for which such Covered Accommodation was being used by such parties on such date and whether or not it then stood on leased ground.</li><p></p><p></p><li>&nbsp;&nbsp; &nbsp;The date when you contacted the Responsible Guest to request payment for the loss you are claiming, and the date on which the Responsible Guest declined or failed to pay for the loss.</li><br></ul><p></p><p>As part of the signed and sworn proof of loss described above, you must provide SITE_NAME with all information reasonably requested by SITE_NAME to enable SITE_NAME’s insurer to determine the Actual Cash Value with respect to Covered Property, including: the original purchase price of such Covered Property, the date such Covered Property was acquired, the condition of such Covered Property and the estimated cost of repair or replacement of such Covered Property.</p><p>You must (i) protect and preserve damaged Covered Property from further loss or damages and (ii) promptly separate the damaged and undamaged Covered Property, put it in the best possible order, and furnish a complete inventory of the lost, destroyed, damaged and undamaged property showing in detail the quantities, costs, Actual Cash Value, and amount of loss claimed.</p><p>You must, as often as may be reasonably required, at such reasonable times and places that may be designated by SITE_NAME’s insurer or its respective designees, (i) exhibit all that remains of any damaged Covered Property and sign the written records of examination; (ii) produce for examination all books of accounts, business records, bills, invoices, and vouchers (either originals or certified copies if originals are lost) and (iii) permit extracts and machine copies to be made of the above.</p><p>You must permit SITE_NAME’s insurer or its designee(s) to make inspections of Covered Property at all reasonable times. However, the right to make inspections, the making of inspections, and any analysis, advice, or inspection report will not constitute an undertaking by SITE_NAME’s insurer to determine or warrant that damaged Covered Property is safe or healthful. We will have no liability to you or any other person because of any inspection or failure to inspect.</p><p>You must cooperate with SITE_NAME, including signing any documents, and timely responding to any reasonable requests by SITE_NAME for additional information or documentation that SITE_NAME or its insurer may require or request to process the applicable SITE_NAME Host Guarantee Payment Request Form.</p><p>With respect to Covered Property subject to a loan, mortgage or other security interest, you must notify your lender/mortgagee in writing of any loss that exceeds fifty thousand US dollars (US $50,000), and provide SITE_NAME with a copy of such notice. If the lender/mortgagee notifies you that the lender/mortgagee seeks insurance and/or reimbursement proceeds for the loss, you must notify SITE_NAME in writing of the lender/mortgagee’s request and transmit a written copy of said request to SITE_NAME, and provide all other information to enable SITE_NAME to communicate directly with the lender. If such loss is determined to be a Covered Loss, we will pay the loss benefit(s) to the lender up to the value of the mortgage (subject to the exclusions, limitations and conditions herein), and we will not pay you unless and until your monetary obligation to the lender/mortgagee has been satisfied. This condition shall apply to the extent of applicable law in your jurisdiction.</p><p>You will have full rights to the possession and control of damaged Covered Property if proper testing is done to show which property is physically damaged.&nbsp; You, using reasonable judgment, will decide if the physically damaged Covered Property can be reprocessed or sold.&nbsp; If you determine that the Covered Property is unfit for reprocessing or sale, the property will not be sold or disposed of except by you or with your consent.&nbsp; Proceeds from the sale or other disposition of such Covered Property will go to (i) SITE_NAME’s insurer at the time of the Covered Loss settlement, or (ii) you if such sale or disposition proceeds are received prior to Covered Loss settlement and such proceeds will reduce the amount of the Covered Loss payable to you.</p><p><b>V. Disposition of Host Payment Requests</b></p><p><i>SITE_NAME Host Guarantee Payment Request Form</i></p><p>SITE_NAME will complete its processing of any SITE_NAME Host Guarantee Payment Request Form that you file within a reasonable period following the date you have (a) completed and filed an SITE_NAME Host Guarantee Payment Request Form, and (b) provided SITE_NAME with all information and materials that you are required to provide to comply with the conditions set forth in “Conditions to the SITE_NAME Host Guarantee” above.&nbsp; In any event, we will use commercially reasonable efforts to complete processing of your SITE_NAME Host Guarantee Payment Request Form within three (3) months after our receipt of such documents and information.&nbsp; If you receive an Approved Payment Request (as defined below), then as a condition to payment to you under the SITE_NAME Host Guarantee, you will be required to execute and deliver to SITE_NAME the “<b>SITE_NAME Host Guarantee Approved Payment Request Agreement</b>”, which includes your agreement: </p><p></p><ol><br><li>&nbsp;&nbsp; &nbsp;to assign to SITE_NAME or its insurer any rights and remedies you may have to recover amounts paid to you with respect to an Approved Payment Request (defined below) from the Responsible Guest or from an Invitee or from any other party that is financially responsible for the Approved Payment Request; </li><br><li>&nbsp;&nbsp; &nbsp;to reasonably cooperate with us, including, at our request, appearing as a witness in any court, arbitration or like proceeding, if we seek to recover the amount paid to you with respect to an Approved Payment Request from the Responsible Guest or from an Invitee or from any other party; </li><br><li>&nbsp;&nbsp; &nbsp;to release and hold harmless SITE_NAME and its insurer and all officers, directors, employees, contractors and agents of SITE_NAME from any further liability or obligations with respect to the facts and circumstances of the matters and incident set forth in the SITE_NAME Host Guarantee Payment Request Form; </li><br><li>&nbsp;&nbsp; &nbsp;to treat as “confidential information” the contents and existence of such SITE_NAME Host Guarantee Payment Request Form and Approved Payment Request Payment Agreement; and </li><br><li>&nbsp;&nbsp; &nbsp;to refund to us any amounts that are erroneously paid to you with respect to an Approved Payment Request, such determination by us to be based upon factors including, but not limited to, documentation in our possession, your actions, and police reports, if applicable.</li><br></ol><p></p><p>The duration of the processing period of any SITE_NAME Host Guarantee Payment Request Form that you file will depend on factors that include, but are not limited to: (i) the amount of payment that you are requesting for the Covered Loss; (ii) the location of the Covered Accommodation; (iii) the nature of the Covered Property and the nature of the Covered Losses; (iv) the completeness and type of documentation and information that you provide SITE_NAME regarding the Covered Losses; and (v) the number of SITE_NAME Host Guarantee Payment Request Forms that are currently being processed for other Hosts.</p><p><i>Approved Payment Request</i></p><p>If you have filed an SITE_NAME Host Guarantee Payment Request Form and such a payment request is approved in whole or in part for a Covered Loss (any such approved payment request, an “<b>Approved Payment Request</b>”), you will be paid the amount of the Covered Loss as calculated by SITE_NAME’s insurer.&nbsp; The process for such calculation of Covered Losses is described under “Determination of the Amount of the Covered Loss” below. You will be notified by SITE_NAME and, as a condition of payment hereunder, you will be required to deliver to SITE_NAME an executed Approved Payment Request Agreement. SITE_NAME may use third party service providers to assist in the processing of the SITE_NAME Host Guarantee Payment Request Forms and SITE_NAME’s insurer may use third party service providers to assist in the investigation and adjustment of payment requests relating thereto.</p><p>For an Approved Payment Request that involves Covered Losses for Covered Property that is owned by a party other than you, we reserve the right, in our sole discretion, to pay all or a portion of the amount covered in such Approved Payment Request either to you or directly to the owner of such Covered Property. If an SITE_NAME Host Guarantee payment for all or a portion of such amount is made directly to the owner of such Covered Property, then you agree that such payment will be treated for purpose of the Approved Payment Request as being paid to you directly, and that you will be solely responsible for collecting from the owner of such Covered Property any portion of such payment to which you believe you are legally entitled.&nbsp; For clarity, your indemnification obligations set forth below under the paragraph entitled “Indemnification” will apply to claims arising from any payments made pursuant to the SITE_NAME Host Guarantee, including without limitation any payments made directly to the owner of any Covered Property.</p><p><i>Determination of the Amount of the Covered Loss</i></p><p>The amount of Covered Losses will be computed as of the date of loss, at the location of the loss, and for not more than your interest, subject to the following:<br></p><ol><br><li> On exposed films, records, manuscripts, and drawings, the value blank plus the cost of copying information from back-up or from originals of a previous generation. Costs of research, engineering, or restoring or recreating lost information will not be paid.</li><p></p><p></p><li> On Fine Arts articles, the lesser of (i) the reasonable and necessary cost to repair or restore such property to the physical condition that existed on the date of loss; (ii) the cost to replace the article; and (iii) the current appraised value. If the Fine Arts article is part of a pair or set, you will not be paid (1) for the cost of replacing any undamaged or remaining items that form part of such pair or set, (2) more than the proportion that the loss or damaged item bears to the insured value of such pair or set, or (3) the cost of replacing or repairing any undamaged parts of the Fine Arts articles which form part of a pair, set or suite or part of a common design or function when the loss or damage is restricted to a clearly identifiable area or to a specific part.</li><p></p><p></p><li> For all Covered Property (other than that described in paragraphs A and B above), the loss amount will not exceed the lesser of: (i) the cost to repair such damaged Covered Property; (ii) the cost to rebuild or replace such Covered Property on the same site with new materials of like size, kind, and quality; (iii) the cost to rebuild, repair, or replace on the same or another site, but not to exceed the size and operating capacity that existed on the date of the Covered Loss; (iv) the cost to replace unrepairable electrical or mechanical equipment, including computer equipment, with equipment that is the most functionally equivalent to that damaged or destroyed, even if such equipment has technological advantages and/or represents an improvement in function and/or forms part of a program of system enhancement; or (v) the Actual Cash Value if such property is not repaired, replaced, or rebuilt on the same or another site within two years from the date of loss.</li><p></p><p></p><li> Any amount of any Covered Losses payable under the SITE_NAME Host Guarantee will be reduced by the amount already paid to you or for your benefit by a Responsible Guest, Invitee or other source (such as an insurer or other responsible party) for the same Covered Loss.</li><p></p><p></p><li>&nbsp; Covered Losses will be paid in the currency of the United States of America unless, in SITE_NAME’s sole discretion, SITE_NAME elects to pay losses in a different currency. If currency conversions are required, we use a system-wide rate, known as the base exchange rate, for currency conversion using data from one or more third parties, such as OANDA (<a target=\"_blank\" href=\"http://www.oanda.com/\">www.oanda.com</a>).</li><br></ol><p></p><p>YOU ARE NOT AN INSURED OR OTHER THIRD PARTY BENEFICIARY UNDER THE SITE_NAME INSURANCE POLICY.&nbsp; TO THE EXTENT YOU DESIRE ADDITIONAL PROTECTION BEYOND THE COVERAGE AFFORDED BY THE SITE_NAME HOST GUARANTEE, SITE_NAME STRONGLY ENCOURAGES YOU TO PURCHASE SEPARATE INSURANCE THAT WILL COVER YOU AND YOUR PROPERTY FOR LOSSES CAUSED BY GUESTS OR GUESTS’ INVITEES IN THE EVENT SITE_NAME OR ITS INSURER DECLINES COVERAGE FOR CLAIMS UNDER THE SITE_NAME HOST GUARANTEE OR YOUR LOSS IS NOT OTHERWISE COVERED BY THE SITE_NAME HOST GUARANTEE.</p><p><b>VI. Acknowledgments and Agreements by the Host</b></p><p>You acknowledge and agree that:</p><p></p><ul><br><li>The SITE_NAME Host Guarantee is a guarantee of obligations of a Responsible Guest to you and is dependent upon you pursuing any rights and remedies you may have to recover amounts paid by SITE_NAME to you with respect to an Approved Payment Request from the Responsible Guest or from an Invitee or from any other party that is financially responsible for the Approved Payment Request.</li><p></p><p></p><li>SITE_NAME provides Hosts with the SITE_NAME Host Guarantee benefits described herein solely for the purpose of promoting use of the Site, Application and Services by building customer loyalty and strengthening customer confidence as to use of the Site, Application and Services.</li><p></p><p></p><li>These SITE_NAME Host Guarantee Terms are not intended to constitute an offer to insure, do not constitute insurance or an insurance contract, and do not take the place of insurance obtained or obtainable by you. Furthermore, these SITE_NAME Host Guarantee Terms are not an insurance service agreement as defined in a standard ISO renter’s or homeowner’s insurance policy.</li><p></p><p></p><li>The benefits provided under these SITE_NAME Host Guarantee Terms are solely as set forth in the paragraph entitled “SITE_NAME Host Guarantee” above and such benefits are not assignable or transferable by you, including without limitation any transfer or assignment by operation of law or in connection with your divorce or death.</li><p></p><p></p><li>SITE_NAME and/or its insurer reserve the right to independently investigate (or to have independently investigated) at our sole discretion and expense, the facts and circumstances of a payment request set forth in any SITE_NAME Host Guarantee Payment Request Form that you file with SITE_NAME, notwithstanding your delivery of all information and materials that you are required to provide SITE_NAME in order to comply with the conditions set forth in the paragraph entitled “Conditions to the SITE_NAME Host Guarantee.”&nbsp; </li><br></ul><p></p><p>You acknowledge and agree that if you make a claim under this Host Guarantee, you give SITE_NAME consent to review all communications between you and the allegedly Responsible Guest via the Site or Application.</p><p>SITE_NAME reserves the right, at any time, to offset or deduct from the amounts payable or paid by SITE_NAME to you under these SITE_NAME Host Guarantee Terms, any amounts that it may have in its possession, or to subsequently collect, from any other person or entity who is obligated to compensate you for losses or damages.</p><p>Because these SITE_NAME Host Guarantee Terms constitute a guarantee agreement, the theory of exoneration applies. Thus, if the Covered Property in question or the risk associated with that Covered Property changes materially, SITE_NAME will be entitled to exoneration with respect to any potential guaranty obligation under these SITE_NAME Host Guarantee Terms.</p><p><b>VII. Modification or Termination of SITE_NAME Host Guarantee Terms</b></p><p>To the extent permissible by applicable law in your jurisdiction, SITE_NAME reserves the right to modify or terminate these SITE_NAME Host Guarantee Terms, at any time, in its sole discretion, and without prior notice. If SITE_NAME terminates these SITE_NAME Host Guarantee Terms in accordance with the foregoing, SITE_NAME will provide you with notice of such termination and SITE_NAME will continue to process all SITE_NAME Host Guarantee Payment Request Forms that you filed prior to the effective date of termination, but your right to file any new SITE_NAME Host Guarantee Payment Request Forms will immediately terminate. If SITE_NAME modifies these SITE_NAME Host Guarantee Terms, we will post the modification on the Site or via the Application or provide you with notice of the modification and SITE_NAME will continue to process all SITE_NAME Host Guarantee Payment Request Forms that you filed prior to the effective date of the modification. By continuing to access or use the Site, Application or Services as a Host after we have posted a modification on the Site or via the Application or have provided you with notice of a modification, you are indicating that you agree to be bound by the modified SITE_NAME Host Guarantee Terms. If the modified SITE_NAME Host Guarantee Terms are not acceptable to you, your only recourse is to cease using the Site, Application and Services as a Host.</p><p>In addition to and without limiting SITE_NAME’s rights set forth above in the immediately preceding paragraph, SITE_NAME reserves the right to modify or terminate these SITE_NAME Host Guarantee Terms generally or in any jurisdiction, at any time, in its sole discretion, if: (i) these SITE_NAME Host Guarantee Terms are construed to be an offer to insure or constitute insurance or an insurance contract or insurance service agreement by any governmental or regulatory authority in any jurisdiction; (ii) SITE_NAME is required to obtain a license or permit of any kind to continue to provide these SITE_NAME Host Guarantee Terms in any jurisdiction; or (iii) SITE_NAME determines or a court or arbitrator holds that the provisions of these SITE_NAME Host Guarantee Terms violate applicable law. If SITE_NAME modifies or terminates these SITE_NAME Host Guarantee Terms in accordance with the foregoing, SITE_NAME will process all SITE_NAME Host Guarantee Payment Request Forms that you file prior to or as of the effective date of such modification or termination unless such processing is prohibited by law, regulation, ordinance, order, or decree of any governmental or other authority.</p><p>SITE_NAME’s obligations hereunder are contingent upon the availability of insurance proceeds under the SITE_NAME Insurance Policy. The applicable terms and conditions of such policy will be the terms and conditions in effect on the date of the Covered Loss, and not the terms and conditions in effect on the date that the Responsible Guest booked or reserved the applicable Covered Accommodation or the date on which the Host listed the Covered Accommodation. If the policy terms and conditions change in any material respect between the date of the Listing and the first date of the Guest’s stay, SITE_NAME will use its best efforts to notify you of the change(s) pursuant to the procedures set forth above in this section.</p><p><b>VIII. Subrogation</b></p><p>SITE_NAME and/or SITE_NAME’s insurer have the right to subrogate against any person or entity whatsoever who allegedly is responsible for causing the losses or damages in question, even if that person or entity is you. Further, you hereby agree that, with respect to any payments made under the SITE_NAME Host Guarantee by, or on behalf of, SITE_NAME, you will assist in and cooperate fully with SITE_NAME regarding any and all efforts at subrogation.</p><p><b>IX. Disclaimers and Limitations of Liability</b></p><p>IF YOU CHOOSE TO USE THE SITE, APPLICATION, OR SERVICES AS A HOST, YOU DO SO AT YOUR SOLE RISK. THE SITE_NAME HOST GUARANTEE IS PROVIDED “AS IS”, WITHOUT WARRANTY OF ANY KIND, EITHER EXPRESS OR IMPLIED. WITHOUT LIMITING THE FOREGOING, SITE_NAME EXPLICITLY DISCLAIMS ANY WARRANTIES OF MERCHANTABILITY, FITNESS FOR A PARTICULAR PURPOSE, QUIET ENJOYMENT AND ANY WARRANTIES ARISING OUT OF COURSE OF DEALING OR USAGE OF TRADE. SITE_NAME MAKES NO WARRANTY THAT THE SITE_NAME HOST GUARANTEE WILL MEET YOUR REQUIREMENTS. NO ADVICE OR INFORMATION, WHETHER ORAL OR WRITTEN, OBTAINED FROM SITE_NAME OR THROUGH THE SITE, APPLICATION, OR SERVICES WILL CREATE ANY WARRANTY NOT EXPRESSLY MADE HEREIN.</p><p>YOU ACKNOWLEDGE AND AGREE THAT, TO THE MAXIMUM EXTENT PERMITTED BY LAW, THE ENTIRE RISK ARISING OUT OF YOUR ACCESS TO AND USE OF THE SITE, APPLICATION AND SERVICES, AND YOUR LISTING OF ANY ACCOMMODATIONS VIA THE SITE, APPLICATION AND SERVICES REMAINS WITH YOU. NEITHER SITE_NAME NOR ANY OTHER PARTY INVOLVED IN CREATING, PRODUCING, OR DELIVERING THE SITE, APPLICATION AND SERVICES WILL BE LIABLE FOR ANY INCIDENTAL, SPECIAL, EXEMPLARY OR CONSEQUENTIAL DAMAGES, INCLUDING LOST PROFITS, LOSS OF DATA OR LOSS OF GOODWILL, SERVICE INTERRUPTION, COMPUTER DAMAGE OR SYSTEM FAILURE, OR FOR ANY DAMAGES FOR (1) PERSONAL OR BODILY INJURY OR EMOTIONAL DISTRESS ARISING OUT OF OR IN CONNECTION WITH THESE SITE_NAME HOST GUARANTEE TERMS, (2) FROM THE USE OF OR INABILITY TO USE THE SITE, APPLICATION OR SERVICES, (3) FROM ANY COMMUNICATIONS, INTERACTIONS OR MEETINGS WITH OTHER USERS OF THE SITE, APPLICATION, OR SERVICES OR OTHER PERSONS WITH WHOM YOU COMMUNICATE OR INTERACT AS A RESULT OF YOUR USE OF THE SITE, APPLICATION OR SERVICES, OR (4) FROM YOUR LISTING OF ANY ACCOMMODATION VIA THE SITE, APPLICATION AND SERVICES.&nbsp; SITE_NAME WILL NOT BE LIABLE FOR ANY SUCH DAMAGES DESCRIBED ABOVE, WHETHER BASED ON WARRANTY, CONTRACT, TORT (INCLUDING NEGLIGENCE), PRODUCT LIABILITY OR ANY OTHER LEGAL THEORY, AND WHETHER OR NOT SITE_NAME HAS BEEN INFORMED OF THE POSSIBILITY OF SUCH DAMAGE, EVEN IF A LIMITED REMEDY SET FORTH HEREIN IS FOUND TO HAVE FAILED OF ITS ESSENTIAL PURPOSE.</p><p>EXCEPT FOR SITE_NAME’S OBLIGATION TO PAY AMOUNTS TO YOU PURSUANT TO AN APPROVED PAYMENT REQUEST UNDER THESE SITE_NAME HOST GUARANTEE TERMS, IN NO EVENT WILL SITE_NAME’S AGGREGATE LIABILITY ARISING OUT OF OR IN CONNECTION WITH (A) THESE SITE_NAME HOST GUARANTEE TERMS; (B) YOUR USE OF OR INABILITY TO USE THE SITE, APPLICATION AND SERVICES INCLUDING, BUT NOT LIMITED TO, POSTING A LISTING, (C) ANY ACCOMMODATION AND (D) YOUR INTERACTIONS WITH ANY OTHER MEMBERS, EXCEED THE AMOUNTS PAID BY SITE_NAME TO YOU IN THE TWELVE (12) MONTH PERIOD PRIOR TO THE EVENT GIVING RISE TO THE LIABILITY, OR ONE HUNDRED DOLLARS ($100), IF NO SUCH PAYMENTS HAVE BEEN MADE, AS APPLICABLE. THE LIMITATIONS OF DAMAGES SET FORTH ABOVE ARE FUNDAMENTAL ELEMENTS OF THE BASIS OF THE BARGAIN BETWEEN SITE_NAME AND YOU. SOME JURISDICTIONS DO NOT ALLOW THE EXCLUSION FOR CERTAIN LIMITATIONS OF LIABILITY, SO THE ABOVE LIMITATIONS MAY NOT APPLY TO YOU.</p><p><b>X. General Provisions</b></p><p><i>Indemnification</i></p><p>You agree to release, defend, indemnify, and hold SITE_NAME and its affiliates and subsidiaries, and their officers, directors, employees and agents, harmless from and against any claims, liabilities, damages, losses, and expenses, including, without limitation, reasonable legal and accounting fees, arising out of or in any way connected with the SITE_NAME Host Guarantee and these SITE_NAME Host Guarantee Terms.</p><p>If you rent (rather than own) the accommodation that you list as a Covered Accommodation, the immediately preceding paragraph applies specifically to any dispute between you and the owner of the accommodation. You are fully responsible for securing the lessor’s permission to list the accommodation with SITE_NAME and complying with the scope of any permission granted.</p><p><i>Entire Agreement</i></p><p>These SITE_NAME Host Guarantee Terms constitute the entire and exclusive understanding and agreement between SITE_NAME and you regarding the SITE_NAME Host Guarantee and these SITE_NAME Host Guarantee Terms, and supersede and replace any and all prior oral or written understandings or agreements between SITE_NAME and you regarding the SITE_NAME Host Guarantee.</p><p><i>Assignment</i></p><p>You may not assign or transfer these SITE_NAME Host Guarantee Terms, by operation of law or otherwise, without SITE_NAME’s prior written consent. Any attempt by you to assign or transfer these SITE_NAME Host Guarantee Terms, without such consent, will be null and of no effect. SITE_NAME may assign or transfer these SITE_NAME Host Guarantee Terms, at its sole discretion, without restriction. Subject to the foregoing, these SITE_NAME Host Guarantee Terms will bind and inure to the benefit of the parties, their successors and permitted assigns.</p><p><i>Notices</i></p><p>Any notices or other communications permitted or required hereunder, including those regarding modifications to these SITE_NAME Host Guarantee Terms, will be in writing and given by SITE_NAME (i) via e-mail (in each case to the address that you provide) or (ii) by posting to the Site or via the Application. For notices made by e-mail, the date of receipt will be deemed the date on which such notice is transmitted.</p><p><i>Controlling Law</i></p><p>These SITE_NAME Host Guarantee Terms will be interpreted in accordance with the laws of the State of California and the United States of America, without regard to its conflict-of-law provisions.</p><p><i>Dispute Resolution</i></p><p><u>General</u>. You and SITE_NAME agree that any dispute, claim or controversy arising out of or relating to these SITE_NAME Host Guarantee Terms or the breach, termination, enforcement, interpretation or validity thereof, or to the use of the Services or use of the Site or Application (collectively, “<b>Disputes</b>”) will be settled by binding arbitration. You acknowledge and agree that you and SITE_NAME are each waiving the right to a trial by jury or to participate as a plaintiff or class member in any purported class action or representative proceeding. Further, unless both you and SITE_NAME otherwise agree in writing, the arbitrator may not consolidate more than one person’s claims, and may not otherwise preside over any form of any class or representative proceeding. If this specific paragraph is held unenforceable, then the entirety of this “Dispute Resolution” section will be deemed void. Except as provided in the preceding sentence, this “Dispute Resolution” section will survive any termination of these SITE_NAME Host Guarantee Terms.</p><p><u>Arbitration Rules and Governing Law</u>. The arbitration will be administered by the American Arbitration Association (“<b>AAA</b>”) in accordance with the Commercial Arbitration Rules and the Supplementary Procedures for Consumer Related Disputes (the “<b>AAA Rules</b>”) then in effect, except as modified by this “Dispute Resolution” section. (The AAA Rules are available at <a target=\"_blank\" href=\"http://www.adr.org/arb_med\">http://www.adr.org/arb_med</a> or by calling the AAA at 1-800-778-7879.) The Federal Arbitration Act will govern the interpretation and enforcement of this Section.</p><p><u>Arbitration Process</u>. A party who desires to initiate arbitration must provide the other party with a written Demand for Arbitration as specified in the AAA Rules. (The AAA provides a form Demand for Arbitration at <a target=\"_blank\" href=\"http://www.adr.org/si.asp?id=3477\">http://www.adr.org/si.asp?id=3477</a> and a separate form for California residents at <a target=\"_blank\" href=\"http://www.adr.org/si.asp?id=3485\">http://www.adr.org/si.asp?id=3485</a>.) The arbitrator will be either a retired judge or an attorney licensed to practice law in the state of California and will be selected by the parties from the AAA’s roster of consumer dispute arbitrators. If the parties are unable to agree upon an arbitrator within seven (7) days of delivery of the Demand for Arbitration, then the AAA will appoint the arbitrator in accordance with the AAA Rules.</p><p><u>Arbitration Location and Procedure</u>. Unless you and SITE_NAME otherwise agree, the arbitration will be conducted in the county where you reside. If your claim does not exceed $10,000, then the arbitration will be conducted solely on the basis of documents you and SITE_NAME submit to the arbitrator, unless you request a hearing or the arbitrator determines that a hearing is necessary. If your claim exceeds $10,000, your right to a hearing will be determined by the AAA Rules. Subject to the AAA Rules, the arbitrator will have the discretion to direct a reasonable exchange of information by the parties, consistent with the expedited nature of the arbitration.</p><p><u>Arbitrator’s Decision</u>. The arbitrator will render an award within the time frame specified in the AAA Rules. The arbitrator’s decision will include the essential findings and conclusions upon which the arbitrator based the award. Judgment on the arbitration award may be entered in any court having jurisdiction thereof. The arbitrator’s award damages must be consistent with the terms of the “Disclaimers and Limitations of Liability” section above as to the types and the amounts of damages for which a party may be held liable. The arbitrator may award declaratory or injunctive relief only in favor of the claimant and only to the extent necessary to provide relief warranted by the claimant’s individual claim. If you prevail in arbitration you will be entitled to an award of attorneys’ fees and expenses, to the extent provided under applicable law. SITE_NAME will not seek, and hereby waives all rights it may have under applicable law to recover, attorneys’ fees and expenses if it prevails in arbitration.</p><p><u>Arbitration Fees</u>. Your responsibility to pay any AAA filing, administrative and arbitrator fees will be solely as set forth in the AAA Rules. However, if your claim for damages does not exceed $75,000, SITE_NAME will pay all such fees unless the arbitrator finds that either the substance of your claim or the relief sought in your Demand for Arbitration was frivolous or was brought for an improper purpose (as measured by the standards set forth in Federal Rule of Civil Procedure 11(b)).</p><p><u>Changes</u>. Notwithstanding the provisions of the “Modification or Termination of SITE_NAME Host Guarantee Terms” section above, if SITE_NAME changes this “Dispute Resolution” section after the date you first accepted these SITE_NAME Host Guarantee Terms (or accepted any subsequent changes to these SITE_NAME Host Guarantee Terms), you may reject any such change by sending us written notice (including by email to <a target=\"_blank\" href=\"mailto:terms@SITE_URL\">terms@SITE_URL</a>) within 30 days of the date such change became effective, as indicated in the “Last Updated Date” above or in the date of SITE_NAME’s email to you notifying you of such change. By rejecting any change, you are agreeing that you will arbitrate any Dispute between you and SITE_NAME in accordance with the provisions of this “Dispute Resolution” section as of the date you first accepted these SITE_NAME Host Guarantee Terms (or accepted any subsequent changes to these SITE_NAME Host Guarantee Terms).</p><p><i>Waiver and Severability</i></p><p>The failure of SITE_NAME to enforce any right or provision of these SITE_NAME Host Guarantee Terms will not constitute a waiver of future enforcement of that right or provision. The waiver of any such right or provision will be effective only if in writing and signed by a duly authorized representative of SITE_NAME. Except as expressly set forth in these SITE_NAME Host Guarantee Terms, the exercise by either party of any of its remedies under these SITE_NAME Host Guarantee Terms will be without prejudice to its other remedies under these SITE_NAME Host Guarantee Terms or otherwise. If for any reason an arbitrator or a court of competent jurisdiction finds any provision of these SITE_NAME Host Guarantee Terms invalid or unenforceable, that provision will be enforced to the maximum extent permissible and the other provisions of these SITE_NAME Host Guarantee Terms will remain in full force and effect.</p><p><b>XI. Contacting SITE_NAME</b><br>If you have any questions about these SITE_NAME Host Guarantee Terms, please contact SITE_NAME at <a target=\"_blank\" href=\"mailto:terms@SITE_URL\">terms@SITE_URL</a>. </p><p><b>XII. Additional Clauses for Users Contracting with SITE_NAME Ireland</b></p><p>The following paragraphs will apply if you are contracting with SITE_NAME Ireland.</p><p>The <b>Controlling Law</b> clause shall be removed and replaced with the following:<br><i>\"<b>Controlling Law and Jurisdiction</b><br>These SITE_NAME Host Guarantee Terms will be interpreted in accordance with Irish law. You and we agree to submit to the non-exclusive jurisdiction of the Irish courts for resolving any dispute between the parties. If SITE_NAME wishes to enforce any of its rights against you, we may elect to do so in the Irish courts or in the courts of the jurisdiction in which you are resident.\" </i></p><p>The <b>Dispute Resolution</b> clause shall be removed and is not applicable.</p>','Active','2016-03-26 21:33:02','2016-03-26 21:33:09'),(4,'Guest Refund','guest_refund','yes','company','&nbsp;&nbsp;&nbsp; <h1>Guest Refund Policy Terms</h1>&nbsp;&nbsp;&nbsp;&nbsp;&nbsp; <p>These terms and conditions govern the SITE_NAME Guest Refund Policy (the “Guest Refund Policy ”) available to Guests who book and pay for an Accommodation listed by a Host through the SITE_NAME platform (the \"Site\") and suffer a Travel Issue and the obligations of the Host associated with the Guest Refund Policy.</p><p><b>1. &nbsp;&nbsp; &nbsp; Travel Issue.</b>&nbsp; A “Travel Issue” means any one of the following:<br>(a) the Host of the Accommodation (i) cancels a reservation shortly before the scheduled start of the reservation, or (ii) fails to provide the Guest with the reasonable ability to access the Accommodation (e.g., by providing the keys and/or a security code).<br>(b) the description of the Accommodation in the listing on the Site is materially inaccurate with respect to:<br>(i) the size of the Accommodation (e.g., number and size of the bedroom, bathroom and/or kitchen or other rooms),<br>(ii) whether the reservation for the Accommodation is for a private room or shared room, and whether another party, including the Host, is staying at the Accommodation during the reservation,<br>(iii) special amenities or features represented in the listing description are not provided or do not function, such as decks, pools, hot tubs, bathrooms (toilet/shower/bathtub), kitchen (sink/stove/refrigerator or major other appliances), and electrical, heating or air condition systems, or<br>(iv) the physical location of the Accommodation (proximity).<br>(c) at the start of the Guest’s reservation, the Accommodation: (i) is not generally clean and sanitary (ii) contains safety or health hazards that would be reasonably expected to adversely affect the Guest’s stay at the Accommodation in SITE_NAME’s judgment, (iii) does not contain clean bedding and bathroom towels available for the Guest’s use, or (iv) has vermin or contains pets not disclosed on the listing.</p><p><b>2. &nbsp;&nbsp;&nbsp; &nbsp;The Guest Refund Policy.</b>&nbsp; If you are a Guest and suffer a Travel Issue, we agree, at our discretion, to either (i) reimburse you up to the amount paid by you through the Site, as determined by SITE_NAME in our discretion, depending on the nature of the Travel Issue suffered or (ii) use our reasonable efforts to find and book you another Accommodation for any unused nights left in your reservation which in our determination is reasonably comparable to the Accommodation described in your original reservation in terms of size, rooms, features and quality.&nbsp; All determinations of SITE_NAME with respect to the Guest Refund Policy, including without limitation the size of any refund, shall be final and binding on the Guests and Hosts.</p><p><b>3. &nbsp;&nbsp;&nbsp; &nbsp;Conditions to Claim a Travel Issue.</b>&nbsp; Only a Guest may submit a claim for a Travel Issue.&nbsp; If you are a Guest, in order to submit a valid claim for a Travel Issue and receive the benefits with respect to your reservation, you are required to meet each of the following conditions:<br>(a) you must bring the Travel Issue to our attention in writing or via telephone and provide us with information (including photographs or other evidence) about the Accommodation and the circumstances of the Travel Issue within 24 hours after the start of your reservation, and must respond to any requests by us for additional information or cooperation on the Travel Issue.<br>(b) you must not have directly or indirectly caused the Travel Issue (through your action, omission or negligence).<br>(c) you must have used reasonable efforts to try to remedy the circumstances of the Travel Issue with the Host prior to making a claim for a Travel Issue.</p><p><b>4.&nbsp;&nbsp; &nbsp;Minimum Quality Standards, Host Responsibilities and Reimbursement to Guest.</b>&nbsp;&nbsp; If you are a Host, you are responsible for ensuring that the Accommodations you list on the Site meet minimum quality standards regarding access, adequacy of the description on the Site, safety, cleanliness, and do not present a Guest with Travel Issues. During the 24-hour period following the Guest’s check-in, Hosts should be available, or make a third-party available, in order to try, in good faith, to resolve Guest issues.<br>If you are a Host, and if (i) SITE_NAME determines that a Guest has suffered a Travel Issue related to an Accommodation listed by you and (ii) SITE_NAME either reimburses that Guest any amount up to the amount paid by the Guest through the Site for the Accommodation or provides an alternative Accommodation to the Guest, you agree to reimburse SITE_NAME up to the amount paid by SITE_NAME within 30 days of SITE_NAME’s request.&nbsp; All determinations of SITE_NAME with respect to the Guest Refund Policy, including without limitation the size of any refund to the Guest, shall be final and binding on the Guests and Hosts.&nbsp; You also agree that in order for you to reimburse SITE_NAME up to the amount paid by SITE_NAME, SITE_NAME may off-set or reduce any amounts owed by SITE_NAME to you by this amount. If the Guest remains for part or all of the stay despite the Travel Issue, the Guest will receive a refund that will reduce the amount of the Accommodation Fees ultimately paid to you. If the Guest is relocated to an alternative Accommodation, you may lose part or all of the Accommodation Fee payment for the booking and you may be responsible for reasonable additional costs incurred to relocate the Guest to the alternative Accommodation.<br>The rights of the Guests under the Guest Refund Policy supersede the cancellation policy established by a Host.&nbsp; If you dispute the Travel Issue you may notify us in writing or via telephone and provide us with information (including photographs or other evidence) disputing the claims regarding the Travel Issue, provided you must have used reasonable and good faith efforts to try to remedy the Travel Issue with the Guest prior to disputing the Travel Issue claim. You agree that all determinations of SITE_NAME with respect to the Travel Issue shall be final and binding on the Guests and Hosts regardless of your submission of a dispute against such Travel Issue.&nbsp; In the event of one or more Travel Issues, SITE_NAME, in its discretion, may elect to take additional actions. These actions include, but are not limited to, negatively affecting your listing ranking, automated reviews indicating Travel Issues, cancelling future bookings, suspending or removing the listing of the Accommodation or imposing penalties or fees for the administrative burden associated with the Travel Issues.</p><p><b>5. &nbsp;&nbsp; &nbsp;General Provisions.</b><br>(a)&nbsp;&nbsp; &nbsp;No Assignment/No Insurance.&nbsp; This Guest Refund Policy is not intended to constitute an offer to insure, does not constitute insurance or an insurance contract, does not take the place of insurance obtained or obtainable by the Guest, and the Guest has not paid any premium in respect of the Guest Refund Policy.&nbsp;&nbsp; The benefits provided under this Guest Refund Policy are not assignable or transferable by you.<br>(b) &nbsp;&nbsp; &nbsp;Modification or Termination.&nbsp; SITE_NAME reserves the right to modify or terminate this Guest Refund Policy, at any time, in its sole discretion, and without prior notice.&nbsp; If SITE_NAME modifies this Guest Refund Policy, we will post the modification on the Site or provide you with notice of the modification and SITE_NAME will continue to process all claims for Travel Issues made prior to the effective date of the modification.<br>(c)&nbsp;&nbsp; &nbsp;Entire Agreement and Definitions.&nbsp; This Guest Refund Policy constitutes the entire and exclusive understanding and agreement between SITE_NAME and you regarding the Guest Refund Policy and supersedes and replaces any and all prior oral or written understandings or agreements between SITE_NAME and you regarding the Guest Refund Policy.&nbsp; Capitalized terms not otherwise defined herein shall have the meaning set forth in the SITE_NAME Terms of Service.<br>(d)&nbsp;&nbsp; &nbsp;Controlling Law.&nbsp; This Guest Refund Policy will be interpreted in accordance with the laws of the State of California and the United States of America, without regard to its conflict-of-law provisions.<br>(e)&nbsp;&nbsp; &nbsp;Limitation of Liability.&nbsp; IN NO EVENT WILL SITE_NAME’S AGGREGATE LIABILITY ARISING OUT OF OR IN CONNECTION WITH THIS SITE_NAME POLICY TERMS, EXCEED THE AMOUNT OF THE ACCOMMODATION FEES COLLECTED BY SITE_NAME FROM THE GUEST.&nbsp; SOME JURISDICTIONS DO NOT ALLOW THE EXCLUSION OR LIMITATION OF LIABILITY FOR CONSEQUENTIAL OR INCIDENTAL DAMAGES, SO THE ABOVE LIMITATION MAY NOT APPLY TO YOU.<br>YOU ACKNOWLEDGE AND AGREE THAT, BY POSTING A LISTING OR BOOKING AN ACCOMMODATION OR OTHERWISE USING THE SITE, SERVICES AS A HOST OR GUEST, YOU ARE INDICATING THAT YOU HAVE READ, AND THAT YOU UNDERSTAND AND AGREE TO BE BOUND BY THESE POLICY TERMS.</p><p><b>6.&nbsp;&nbsp; &nbsp;Contacting SITE_NAME.</b>&nbsp; If you have any questions about the Guest Refund Policy, please contact SITE_NAME.</p>','Active','2016-03-26 21:41:48','2016-03-26 21:42:03'),(5,'Copyright Policy','copyright_policy','yes','company','&nbsp;&nbsp;&nbsp; <h1>IP Policy</h1>&nbsp;&nbsp;&nbsp;&nbsp;&nbsp; <p>Policy on notification of alleged intellectual property (“<b>IP</b>”) infringements</p><p>SITE_NAME Ireland (\"<b>SITE_NAME</b>\") respects the intellectual property rights of others and expects its users to do the same.</p><p>It is SITE_NAME’s policy, in appropriate circumstances and at its discretion, to disable and/or terminate the account or access of users who repeatedly infringe or are repeatedly charged with infringing the copyrights or other intellectual property rights of others.</p><p>SITE_NAME will respond to claims of IP infringement committed using the SITE_NAME website and mobile application (the \"<b>Site and Application</b>\") that are reported to SITE_NAME Ireland following this IP Policy.</p><p>If you are an IP owner, or are authorized to act on behalf of one, please report alleged IP infringements taking place on or through the Site and Application by completing the following Notice of Alleged Infringement and delivering it to SITE_NAME Ireland as described below.</p><p>Upon receipt of the Notice as described below, SITE_NAME will take whatever action, in its sole discretion, it deems appropriate, including removal of the challenged material from the Site and Application.</p><p><b>Notice of Alleged Infringement (\"Notice\")</b></p><p></p><ol><br><li>Identify the specific protected work that you claim has been infringed, or - if multiple works are covered by this Notice - you may provide a representative list of the works that you claim have been infringed.</li><p></p><p></p><li>Identify the material that you claim is infringing (or to be the subject of infringing activity) and that you believe should be removed or access to which should to be disabled, and information reasonably sufficient to permit us to locate the material, including at a minimum, if applicable, the URL of the link shown on the Site and Application where such material may be found.</li><p></p><p></p><li>Provide your mailing address, telephone number, and, if available, email address.</li><p></p><p></p><li>Include both of the following statements in the body of the Notice: <p></p><ul><li>\"I hereby state that I have a good faith belief that the disputed use of the identified material is not authorized by the IP owner, its agent, or the law (e.g., as a fair use).</li>&nbsp;&nbsp;&nbsp; <br><li>\"I hereby state that the information in this Notice is accurate and, under penalty of perjury, that I am the owner, or authorized to act on behalf of the owner, of the IP rights that are allegedly infringed.\"</li></ul></li><p></p><p></p><li>Provide your full legal name and your electronic or physical signature.</li></ol><p></p>','Active','2016-03-26 21:58:51','2016-03-26 22:00:45'),(6,'Consent Disagree','consent_disagree','yes','company','&nbsp;&nbsp;&nbsp; <h1>Consent Disagree</h1><p>You chose to disagree with the updates to our Terms of Service and Privacy Policy (collectively, “Terms”). Unfortunately, you won’t be able to use SITE_NAME’s website, mobile and tablet apps, accept new reservations as a host, or book any new trips until you agree to these new Terms.<br></p><h3>Ready to come back?</h3><p></p><p>If you decide you want to accept the updated Terms, just visit SITE_URL on web, tablet or mobile and log in to your account. You’ll see the new Terms again with the option to agree to them.</p><p></p><h3>Have an upcoming reservation?</h3><p></p><p>Any reservations confirmed before August 6th, 2015 are still valid and governed by the previous version of our Terms. So you’re good to go!</p><p>Be sure to check your email history for confirmation messages with important reservation details. If you can’t find the information you need, use the email address associated with your SITE_NAME account to send us a note at <a target=\"_blank\" href=\"mailto:reservationdetails@SITE_URL\">reservationdetails@SITE_URL</a>. Our team will only be able to respond with information about your upcoming reservations and will not respond to other questions received at this email address.</p><p></p><h3>Need to deactivate your listing?</h3><p></p><p>As a host, you won’t be able to accept any new reservations until you agree to the updated Terms. But people may still be sending you requests, which is especially important if you turned on Instant Book for your listing! To deactivate your listing, please use the email address associated with your SITE_NAME account to email our team at <a target=\"_blank\" href=\"mailto:deactivatelisting@SITE_URL\">deactivatelisting@SITE_URL</a>.&nbsp; Include the phrase “Deactivate my listing” in the subject line.</p><p></p><h3>Want to cancel your account?</h3><p></p><p>If you’d like us to cancel your account altogether, send an email to <a target=\"_blank\" href=\"mailto:cancel@SITE_URL\">cancel@SITE_URL</a> with the subject line “Cancel my account.” Be sure to use the email address associated with your SITE_NAME account, otherwise we won’t know which account to cancel.</p>&nbsp;&nbsp;&nbsp; <br><br><br>','Active','2016-03-26 22:03:22','2016-03-26 22:03:30'),(7,'About Us','about_us','yes','company','<div class=\"text-copy\"><h1 class=\"h2 row-space-4\">About Us</h1><p>&nbsp; Founded in July of 2016 and based in Melbourne, Australia, SITE_NAME is a trusted community marketplace for people to list, discover, and book unique office spaces or shared desks around the world.</p><p><br></p><p class=\"row-space-4\">&nbsp; Whether a shared desk for a day, a team office for a week, or an office space for a month, SITE_NAME connects people to cool and awesome work locations, at any price point, in more than 30,000 cities and 190 countries. And with world-class customer service and a growing community of users, SITE_NAME is the easiest way for people to monetize their extra space and showcase it to an audience of millions.</p></div>','Active','2016-03-26 22:22:05','2016-08-17 06:51:34'),(8,'Why Host','why_host','yes','hosting','<h1 class=\"header-card__title\" data-reactid=\".23q6c1m1se8.1.1.0.0.0.0\"><strong data-reactid=\".23q6c1m1se8.1.1.0.0.0.0.0\"><span data-reactid=\".23q6c1m1se8.1.1.0.0.0.0.0.0\">Earn money as an SITE_NAME host</span></strong></h1><p><span data-reactid=\".23q6c1m1se8.1.1.0.0.0.1.0\">From saving for home repairs to taking a dream trip, hosts use extra income to fund their passions.</span></p><div class=\"info-item__title space-2 space-top-2\" data-reactid=\".23q6c1m1se8.3.0.1:$0.3:$0.$0.0.1\"><span style=\"font-weight: bold;\">What’s in a listing?</span></div><div class=\"info-item__body\" data-reactid=\".23q6c1m1se8.3.0.1:$0.3:$0.$0.0.2\">You’ll fill out a description, take and upload photos, and pick a price. Your listing helps guests get a sense of what your place is like.<br><br><div class=\"info-item__title space-2 space-top-2\" data-reactid=\".23q6c1m1se8.3.0.1:$0.3:$0.$1.0.1\"><span style=\"font-weight: bold;\">Who can book</span></div><div class=\"info-item__body\" data-reactid=\".23q6c1m1se8.3.0.1:$0.3:$0.$1.0.2\">You set the rules for who stays and when. Booking and guest preferences help hosting fit into your lifestyle.<br><br><div class=\"info-item__title space-2 space-top-2\" data-reactid=\".23q6c1m1se8.3.0.1:$0.3:$0.$2.0.1\"><span style=\"font-weight: bold;\">We’re here to help</span></div><div class=\"info-item__body\" data-reactid=\".23q6c1m1se8.3.0.1:$0.3:$0.$2.0.2\">SITE_NAME provides tips and help along the way. From getting your home ready to choosing a price—we’ve got tools for you.</div><br></div><br></div><p><br><span data-reactid=\".23q6c1m1se8.1.1.0.0.0.1.0\"></span></p><p><br></p>','Active','2016-03-26 22:41:29','2016-03-26 22:43:12'),(9,'Trust & Safety','trust_safety','yes','discover','<h2 class=\"row-space-1\">We make it easy to get to know good hosts. </h2><span style=\"font-family: &quot;Source Sans Pro&quot;,sans-serif;\"></span><br><span style=\"font-weight: bold;\">Verified ID</span><br><br>Guests and hosts verify their IDs by connecting to their social networks and scanning their official ID or confirming personal details. <br><br><span style=\"font-weight: bold;\">Profile &amp; Reviews</span><br><br>Get to know your guest or host through detailed profiles and confirmed reviews. <br><br><span style=\"font-weight: bold;\">Messaging</span><br><br>Use our messaging system to learn more about a host or ask a guest about their trip. <br><br>','Active','2016-03-26 22:47:52','2016-03-26 22:47:52'),(10,'Hospitality','hospitality','yes','hosting','<h1>Hospitality Is Both Who We Are and What We Do </h1><p><br></p><p><span style=\"font-weight: bold;\">Accuracy</span><br><br>Ensure that your listing\'s photos, property type, number of bedrooms, and general description accurately reflect the listing guests will experience.&nbsp;</p><p><span style=\"font-weight: bold;\">Communication</span><br><br>Respond to all inquiries and reservation requests within 24 hours. <br></p><p><span style=\"font-weight: bold;\">Availability</span><br><br>Update each listing\'s calendar to accurately reflect dates when it\'s available for bookings. <br></p><p><span style=\"font-weight: bold;\">Commitment</span><br><br>Ensure that you can commit to your guest before accepting a reservation. If a cancellation is unavoidable, make every effort to help guests find somewhere else to stay. <br></p><p><span style=\"font-weight: bold;\">Cleanliness</span><br><br>Ensure that your listing\'s bedrooms and common areas are cleaned before each guest\'s arrival. This includes changing linens and cleaning surfaces in the bathroom and kitchen. <br></p><p><span style=\"font-weight: bold;\">Amenities</span><br><br>Any amenities, appliances, and features promised at the time of booking should be available and operational during the stay. Provide fresh bedding and towels, soap, and toilet paper upon your guest\'s arrival. <br></p>','Active','2016-03-26 22:51:32','2016-03-26 22:53:14');
/*!40000 ALTER TABLE `pages` ENABLE KEYS */;
UNLOCK TABLES;

--
-- Table structure for table `password_resets`
--

DROP TABLE IF EXISTS `password_resets`;
/*!40101 SET @saved_cs_client     = @@character_set_client */;
/*!40101 SET character_set_client = utf8 */;
CREATE TABLE `password_resets` (
  `email` varchar(255) COLLATE utf8_unicode_ci NOT NULL,
  `token` varchar(255) COLLATE utf8_unicode_ci NOT NULL,
  `created_at` timestamp NOT NULL DEFAULT '0000-00-00 00:00:00',
  KEY `password_resets_email_index` (`email`),
  KEY `password_resets_token_index` (`token`)
) ENGINE=MyISAM DEFAULT CHARSET=utf8 COLLATE=utf8_unicode_ci;
/*!40101 SET character_set_client = @saved_cs_client */;

--
-- Dumping data for table `password_resets`
--

LOCK TABLES `password_resets` WRITE;
/*!40000 ALTER TABLE `password_resets` DISABLE KEYS */;
INSERT INTO `password_resets` VALUES ('bryangiray@gmail.com','6GRQ9uWudB4wAypYQm7IrjzjiexZIKpwTeivT7k1lKCJ6WOEfnKpLjJX4ocNmHRVDcbeAyM1dgbQwKWGGLZPKEKPAhDs0odFN7fd','2016-08-13 03:47:26'),('labs@rocksalt.com.au','UJ0Yy7VTWlaWfZPrqONPI4gEJKqNKIcmUTCuvzBEX2ZdsG7LvDfKyDZdh1eguf4FWlnB0gY3lg5S10YWLAlnUribiK3bt3EnLBbj','2016-08-13 09:16:17'),('debbie.s@vpcart.com','OerSTJk4uj7Ohp6ofX3jRfzd8OnEcw5Uy46o3QHWZqaorQCvO2sjYS1WN05oa8aeQj6DNpinpJJp5y44SIXYiWgfIowSmok3XfCj','2016-08-15 02:22:18'),('debbie.s@vpcart.com','AkIRSvBTBCyeNYPJ9vbHDQlBo4wBTPjbr2eSxaK91GyT5CeWAINlzOTCgFhzLF5LeIZKIRv07vkidQZuIGiZ47W9bKNLw0fhCkyY','2016-08-15 05:22:14'),('nujestepre@throwam.com','XCJRUaEnJY9kLRJ0GcXWOTpVwQKy6jmaYv2x5ktNyjsB1ZcCR4LeADZoIU6m8SWxSzil1NKp8dDpsAR13ATUrj4d3c8eW0pnCpOa','2016-08-16 02:20:25'),('nujestepre@throwam.com','hUgunLuW63DvHdY9nYrEmp85ecGYUGuaExeyd7pxp47hD1W8zWnKl18BxBEgrollcMan6jsMQFJGbG9wED5x0OWvU4rEQhF5X6pb','2016-08-16 02:25:43'),('proslasach@throwam.com','pxZABOTurBsLJ005Mu0ht5y0SE0abyCbMqDO8J1AiXRx4BkhBHVX7DhJc95nxgmYDcoe2DrGJeGcCLNN9SdNe71aqunyxI81qLWc','2016-08-16 03:17:48'),('dcunillera@hotmail.com','i8TXUjh6kxa8RLzVkYtZIw45nrS5vhpBWl2JsXE5c5Nk0ZToenH31qDemdtIXyTdFkdqhwppuarFC6kDZ3Gr4EvRVFYRUtvtPgVB','2016-08-27 13:06:21');
/*!40000 ALTER TABLE `password_resets` ENABLE KEYS */;
UNLOCK TABLES;

--
-- Table structure for table `payment_gateway`
--

DROP TABLE IF EXISTS `payment_gateway`;
/*!40101 SET @saved_cs_client     = @@character_set_client */;
/*!40101 SET character_set_client = utf8 */;
CREATE TABLE `payment_gateway` (
  `id` int(10) unsigned NOT NULL AUTO_INCREMENT,
  `name` varchar(25) COLLATE utf8_unicode_ci NOT NULL,
  `value` varchar(255) COLLATE utf8_unicode_ci NOT NULL,
  `site` varchar(25) COLLATE utf8_unicode_ci NOT NULL,
  PRIMARY KEY (`id`)
) ENGINE=MyISAM AUTO_INCREMENT=5 DEFAULT CHARSET=utf8 COLLATE=utf8_unicode_ci;
/*!40101 SET character_set_client = @saved_cs_client */;

--
-- Dumping data for table `payment_gateway`
--

LOCK TABLES `payment_gateway` WRITE;
/*!40000 ALTER TABLE `payment_gateway` DISABLE KEYS */;
INSERT INTO `payment_gateway` VALUES (1,'username','pvignesh90-facilitator_api1.gmail.com','PayPal'),(2,'password','1381798304','PayPal'),(3,'signature','AiPC9BjkCyDFQXbSkoZcgqH3hpacALfsdnEmmarK-6V7JsbXFL2.hoZ8','PayPal'),(4,'mode','sandbox','PayPal');
/*!40000 ALTER TABLE `payment_gateway` ENABLE KEYS */;
UNLOCK TABLES;

--
-- Table structure for table `payout_preferences`
--

DROP TABLE IF EXISTS `payout_preferences`;
/*!40101 SET @saved_cs_client     = @@character_set_client */;
/*!40101 SET character_set_client = utf8 */;
CREATE TABLE `payout_preferences` (
  `id` int(10) unsigned NOT NULL AUTO_INCREMENT,
  `user_id` int(10) unsigned NOT NULL,
  `address1` varchar(255) COLLATE utf8_unicode_ci NOT NULL,
  `address2` varchar(255) COLLATE utf8_unicode_ci NOT NULL,
  `city` varchar(100) COLLATE utf8_unicode_ci NOT NULL,
  `state` varchar(100) COLLATE utf8_unicode_ci NOT NULL,
  `postal_code` varchar(25) COLLATE utf8_unicode_ci NOT NULL,
  `country` varchar(5) COLLATE utf8_unicode_ci NOT NULL,
  `payout_method` varchar(20) COLLATE utf8_unicode_ci NOT NULL,
  `paypal_email` varchar(255) COLLATE utf8_unicode_ci NOT NULL,
  `currency_code` varchar(10) COLLATE utf8_unicode_ci NOT NULL,
  `default` enum('no','yes') COLLATE utf8_unicode_ci NOT NULL,
  `created_at` timestamp NOT NULL DEFAULT '0000-00-00 00:00:00',
  `updated_at` timestamp NOT NULL DEFAULT '0000-00-00 00:00:00',
  PRIMARY KEY (`id`),
  KEY `payout_preferences_user_id_foreign` (`user_id`),
  KEY `payout_preferences_country_foreign` (`country`),
  KEY `payout_preferences_currency_code_foreign` (`currency_code`)
) ENGINE=MyISAM DEFAULT CHARSET=utf8 COLLATE=utf8_unicode_ci;
/*!40101 SET character_set_client = @saved_cs_client */;

--
-- Dumping data for table `payout_preferences`
--

LOCK TABLES `payout_preferences` WRITE;
/*!40000 ALTER TABLE `payout_preferences` DISABLE KEYS */;
/*!40000 ALTER TABLE `payout_preferences` ENABLE KEYS */;
UNLOCK TABLES;

--
-- Table structure for table `payouts`
--

DROP TABLE IF EXISTS `payouts`;
/*!40101 SET @saved_cs_client     = @@character_set_client */;
/*!40101 SET character_set_client = utf8 */;
CREATE TABLE `payouts` (
  `id` int(10) unsigned NOT NULL AUTO_INCREMENT,
  `reservation_id` int(10) unsigned NOT NULL,
  `room_id` int(10) unsigned NOT NULL,
  `correlation_id` varchar(255) COLLATE utf8_unicode_ci NOT NULL,
  `user_id` int(10) unsigned NOT NULL,
  `user_type` enum('host','guest') COLLATE utf8_unicode_ci NOT NULL,
  `account` varchar(255) COLLATE utf8_unicode_ci NOT NULL,
  `amount` int(11) NOT NULL,
  `currency_code` varchar(10) COLLATE utf8_unicode_ci NOT NULL,
  `status` enum('Completed','Future') COLLATE utf8_unicode_ci NOT NULL,
  `penalty_id` varchar(50) COLLATE utf8_unicode_ci NOT NULL DEFAULT '0',
  `penalty_amount` varchar(50) COLLATE utf8_unicode_ci NOT NULL DEFAULT '0',
  `created_at` timestamp NOT NULL DEFAULT '0000-00-00 00:00:00',
  `updated_at` timestamp NOT NULL DEFAULT '0000-00-00 00:00:00',
  PRIMARY KEY (`id`),
  KEY `payouts_reservation_id_foreign` (`reservation_id`),
  KEY `payouts_room_id_foreign` (`room_id`),
  KEY `payouts_user_id_foreign` (`user_id`),
  KEY `payouts_currency_code_foreign` (`currency_code`)
) ENGINE=MyISAM DEFAULT CHARSET=utf8 COLLATE=utf8_unicode_ci;
/*!40101 SET character_set_client = @saved_cs_client */;

--
-- Dumping data for table `payouts`
--

LOCK TABLES `payouts` WRITE;
/*!40000 ALTER TABLE `payouts` DISABLE KEYS */;
/*!40000 ALTER TABLE `payouts` ENABLE KEYS */;
UNLOCK TABLES;

--
-- Table structure for table `permission_role`
--

DROP TABLE IF EXISTS `permission_role`;
/*!40101 SET @saved_cs_client     = @@character_set_client */;
/*!40101 SET character_set_client = utf8 */;
CREATE TABLE `permission_role` (
  `permission_id` int(10) unsigned NOT NULL,
  `role_id` int(10) unsigned NOT NULL,
  PRIMARY KEY (`permission_id`,`role_id`),
  KEY `permission_role_role_id_foreign` (`role_id`)
) ENGINE=MyISAM DEFAULT CHARSET=utf8 COLLATE=utf8_unicode_ci;
/*!40101 SET character_set_client = @saved_cs_client */;

--
-- Dumping data for table `permission_role`
--

LOCK TABLES `permission_role` WRITE;
/*!40000 ALTER TABLE `permission_role` DISABLE KEYS */;
INSERT INTO `permission_role` VALUES (1,1),(2,1),(3,1),(4,1),(5,1),(6,1),(7,1),(8,1),(9,1),(10,1),(11,1),(12,1),(13,1),(14,1),(15,1),(16,1),(17,1),(18,1),(19,1),(20,1),(21,1),(22,1),(23,1),(24,1),(25,1),(26,1),(27,1),(28,1),(29,1),(30,1),(31,1),(32,1),(33,1);
/*!40000 ALTER TABLE `permission_role` ENABLE KEYS */;
UNLOCK TABLES;

--
-- Table structure for table `permissions`
--

DROP TABLE IF EXISTS `permissions`;
/*!40101 SET @saved_cs_client     = @@character_set_client */;
/*!40101 SET character_set_client = utf8 */;
CREATE TABLE `permissions` (
  `id` int(10) unsigned NOT NULL AUTO_INCREMENT,
  `name` varchar(255) COLLATE utf8_unicode_ci NOT NULL,
  `display_name` varchar(255) COLLATE utf8_unicode_ci DEFAULT NULL,
  `description` varchar(255) COLLATE utf8_unicode_ci DEFAULT NULL,
  `created_at` timestamp NOT NULL DEFAULT '0000-00-00 00:00:00',
  `updated_at` timestamp NOT NULL DEFAULT '0000-00-00 00:00:00',
  PRIMARY KEY (`id`),
  UNIQUE KEY `permissions_name_unique` (`name`)
) ENGINE=MyISAM AUTO_INCREMENT=34 DEFAULT CHARSET=utf8 COLLATE=utf8_unicode_ci;
/*!40101 SET character_set_client = @saved_cs_client */;

--
-- Dumping data for table `permissions`
--

LOCK TABLES `permissions` WRITE;
/*!40000 ALTER TABLE `permissions` DISABLE KEYS */;
INSERT INTO `permissions` VALUES (1,'manage_admin','Manage Admin','Manage Admin Users','0000-00-00 00:00:00','0000-00-00 00:00:00'),(2,'users','View Users','View Users','0000-00-00 00:00:00','0000-00-00 00:00:00'),(3,'add_user','Add User','Add User','0000-00-00 00:00:00','0000-00-00 00:00:00'),(4,'edit_user','Edit User','Edit User','0000-00-00 00:00:00','0000-00-00 00:00:00'),(5,'delete_user','Delete User','Delete User','0000-00-00 00:00:00','0000-00-00 00:00:00'),(6,'manage_amenities','Manage Amenities','Manage Amenities','0000-00-00 00:00:00','0000-00-00 00:00:00'),(7,'manage_property_type','Manage Property Type','Manage Property Type','0000-00-00 00:00:00','0000-00-00 00:00:00'),(8,'manage_room_type','Manage Room Type','Manage Room Type','0000-00-00 00:00:00','0000-00-00 00:00:00'),(9,'manage_bed_type','Manage Bed Type','Manage Bed Type','0000-00-00 00:00:00','0000-00-00 00:00:00'),(10,'manage_currency','Manage Currency','Manage Currency','0000-00-00 00:00:00','0000-00-00 00:00:00'),(11,'manage_language','Manage Language','Manage Language','0000-00-00 00:00:00','0000-00-00 00:00:00'),(12,'manage_country','Manage Country','Manage Country','0000-00-00 00:00:00','0000-00-00 00:00:00'),(13,'api_credentials','Api Credentials','Api Credentials','0000-00-00 00:00:00','0000-00-00 00:00:00'),(14,'payment_gateway','Payment Gateway','Payment Gateway','0000-00-00 00:00:00','0000-00-00 00:00:00'),(15,'email_settings','Email Settings','Email Settings','0000-00-00 00:00:00','0000-00-00 00:00:00'),(16,'site_settings','Site Settings','Site Settings','0000-00-00 00:00:00','0000-00-00 00:00:00'),(17,'reservations','Reservations','Reservations','0000-00-00 00:00:00','0000-00-00 00:00:00'),(18,'rooms','View Rooms','View Rooms','0000-00-00 00:00:00','0000-00-00 00:00:00'),(19,'add_room','Add Room','Add Room','0000-00-00 00:00:00','0000-00-00 00:00:00'),(20,'edit_room','Edit Room','Edit Room','0000-00-00 00:00:00','0000-00-00 00:00:00'),(21,'delete_room','Delete Room','Delete Room','0000-00-00 00:00:00','0000-00-00 00:00:00'),(22,'manage_pages','Manage Pages','Manage Pages','0000-00-00 00:00:00','0000-00-00 00:00:00'),(23,'manage_fees','Manage Fees','Manage Fees','0000-00-00 00:00:00','0000-00-00 00:00:00'),(24,'join_us','Join Us','Join Us','0000-00-00 00:00:00','0000-00-00 00:00:00'),(25,'manage_metas','Manage Metas','Manage Metas','0000-00-00 00:00:00','0000-00-00 00:00:00'),(26,'reports','Reports','Reports','0000-00-00 00:00:00','0000-00-00 00:00:00'),(27,'manage_home_cities','Manage Home Page Cities','Manage Home Page Cities','0000-00-00 00:00:00','0000-00-00 00:00:00'),(28,'manage_reviews','Manage Reviews','Manage Reviews','0000-00-00 00:00:00','0000-00-00 00:00:00'),(29,'send_email','Send Email','Send Email','0000-00-00 00:00:00','0000-00-00 00:00:00'),(30,'manage_help','Manage Help','Manage Help','0000-00-00 00:00:00','0000-00-00 00:00:00'),(31,'manage_coupon_code','Manage Coupon Code','Manage Coupon Code','0000-00-00 00:00:00','0000-00-00 00:00:00'),(32,'manage_referral_settings','Manage Referral Settings','Manage Referral Settings','0000-00-00 00:00:00','0000-00-00 00:00:00'),(33,'manage_wishlists','Manage Wish Lists','Manage Wish Lists','0000-00-00 00:00:00','0000-00-00 00:00:00');
/*!40000 ALTER TABLE `permissions` ENABLE KEYS */;
UNLOCK TABLES;

--
-- Table structure for table `profile_picture`
--

DROP TABLE IF EXISTS `profile_picture`;
/*!40101 SET @saved_cs_client     = @@character_set_client */;
/*!40101 SET character_set_client = utf8 */;
CREATE TABLE `profile_picture` (
  `user_id` int(10) unsigned NOT NULL,
  `src` text COLLATE utf8_unicode_ci NOT NULL,
  `photo_source` enum('Facebook','Google','Local') COLLATE utf8_unicode_ci DEFAULT NULL,
  UNIQUE KEY `profile_picture_user_id_unique` (`user_id`)
) ENGINE=MyISAM DEFAULT CHARSET=utf8 COLLATE=utf8_unicode_ci;
/*!40101 SET character_set_client = @saved_cs_client */;

--
-- Dumping data for table `profile_picture`
--

LOCK TABLES `profile_picture` WRITE;
/*!40000 ALTER TABLE `profile_picture` DISABLE KEYS */;
INSERT INTO `profile_picture` VALUES (10001,'profile_pic_1471045768.jpg','Local'),(10002,'','Local'),(10003,'','Local'),(10004,'','Local'),(10005,'','Local'),(10006,'','Local');
/*!40000 ALTER TABLE `profile_picture` ENABLE KEYS */;
UNLOCK TABLES;

--
-- Table structure for table `property_type`
--

DROP TABLE IF EXISTS `property_type`;
/*!40101 SET @saved_cs_client     = @@character_set_client */;
/*!40101 SET character_set_client = utf8 */;
CREATE TABLE `property_type` (
  `id` int(10) unsigned NOT NULL AUTO_INCREMENT,
  `name` varchar(25) COLLATE utf8_unicode_ci NOT NULL,
  `description` text COLLATE utf8_unicode_ci NOT NULL,
  `status` enum('Active','Inactive') COLLATE utf8_unicode_ci NOT NULL DEFAULT 'Active',
  PRIMARY KEY (`id`)
) ENGINE=MyISAM AUTO_INCREMENT=29 DEFAULT CHARSET=utf8 COLLATE=utf8_unicode_ci;
/*!40101 SET character_set_client = @saved_cs_client */;

--
-- Dumping data for table `property_type`
--

LOCK TABLES `property_type` WRITE;
/*!40000 ALTER TABLE `property_type` DISABLE KEYS */;
INSERT INTO `property_type` VALUES (1,'Dedicated Desk','Dedicated Desk','Active'),(2,'Office Suite','Office Suite','Active'),(3,'Open Desk','Open Desk','Active'),(4,'Private Office','Private Office','Active'),(5,'Team Office','Team Office','Active'),(6,'Coworking','Coworking','Active'),(7,'Event Space','Event Space','Active'),(8,'Private Meeting Room','Private Meeting Room','Active'),(9,'Semi Private Meeting Spac','Semi Private Meeting Space','Active'),(10,'Training Room','Training Room','Active'),(11,'Dorm','Dorm','Inactive'),(12,'Treehouse','Treehouse','Inactive'),(13,'Boat','Boat','Inactive'),(14,'Plane','Plane','Inactive'),(15,'Camper/RV','Camper/RV','Inactive'),(16,'Lgloo','Lgloo','Inactive'),(17,'Lighthouse','Lighthouse','Inactive'),(18,'Yurt','Yurt','Inactive'),(19,'Tipi','Tipi','Inactive'),(20,'Cave','Cave','Inactive'),(21,'Island','Island','Inactive'),(22,'Chalet','Chalet','Inactive'),(23,'Earth House','Earth House','Inactive'),(24,'Hut','Hut','Inactive'),(25,'Train','Train','Inactive'),(26,'Tent','Tent','Inactive'),(27,'Other','Other','Inactive');
/*!40000 ALTER TABLE `property_type` ENABLE KEYS */;
UNLOCK TABLES;

--
-- Table structure for table `referral_settings`
--

DROP TABLE IF EXISTS `referral_settings`;
/*!40101 SET @saved_cs_client     = @@character_set_client */;
/*!40101 SET character_set_client = utf8 */;
CREATE TABLE `referral_settings` (
  `id` int(10) unsigned NOT NULL AUTO_INCREMENT,
  `name` varchar(50) COLLATE utf8_unicode_ci NOT NULL,
  `value` text COLLATE utf8_unicode_ci NOT NULL,
  PRIMARY KEY (`id`)
) ENGINE=MyISAM AUTO_INCREMENT=6 DEFAULT CHARSET=utf8 COLLATE=utf8_unicode_ci;
/*!40101 SET character_set_client = @saved_cs_client */;

--
-- Dumping data for table `referral_settings`
--

LOCK TABLES `referral_settings` WRITE;
/*!40000 ALTER TABLE `referral_settings` DISABLE KEYS */;
INSERT INTO `referral_settings` VALUES (1,'per_user_limit','5000'),(2,'if_friend_guest_credit','20'),(3,'if_friend_host_credit','80'),(4,'new_referral_user_credit','20'),(5,'currency_code','USD');
/*!40000 ALTER TABLE `referral_settings` ENABLE KEYS */;
UNLOCK TABLES;

--
-- Table structure for table `referrals`
--

DROP TABLE IF EXISTS `referrals`;
/*!40101 SET @saved_cs_client     = @@character_set_client */;
/*!40101 SET character_set_client = utf8 */;
CREATE TABLE `referrals` (
  `id` int(10) unsigned NOT NULL AUTO_INCREMENT,
  `user_id` int(10) unsigned NOT NULL,
  `friend_id` int(10) unsigned NOT NULL,
  `credited_amount` int(11) NOT NULL,
  `friend_credited_amount` int(11) NOT NULL,
  `if_friend_guest_amount` int(11) NOT NULL,
  `if_friend_host_amount` int(11) NOT NULL,
  `creditable_amount` int(11) NOT NULL,
  `currency_code` varchar(10) COLLATE utf8_unicode_ci NOT NULL,
  `status` enum('Pending','Completed') COLLATE utf8_unicode_ci NOT NULL DEFAULT 'Pending',
  `created_at` timestamp NOT NULL DEFAULT '0000-00-00 00:00:00',
  `updated_at` timestamp NOT NULL DEFAULT '0000-00-00 00:00:00',
  PRIMARY KEY (`id`),
  KEY `referrals_user_id_foreign` (`user_id`),
  KEY `referrals_friend_id_foreign` (`friend_id`),
  KEY `referrals_currency_code_foreign` (`currency_code`)
) ENGINE=MyISAM DEFAULT CHARSET=utf8 COLLATE=utf8_unicode_ci;
/*!40101 SET character_set_client = @saved_cs_client */;

--
-- Dumping data for table `referrals`
--

LOCK TABLES `referrals` WRITE;
/*!40000 ALTER TABLE `referrals` DISABLE KEYS */;
/*!40000 ALTER TABLE `referrals` ENABLE KEYS */;
UNLOCK TABLES;

--
-- Table structure for table `rental_types`
--

DROP TABLE IF EXISTS `rental_types`;
/*!40101 SET @saved_cs_client     = @@character_set_client */;
/*!40101 SET character_set_client = utf8 */;
CREATE TABLE `rental_types` (
  `id` int(10) unsigned NOT NULL AUTO_INCREMENT,
  `name` varchar(255) COLLATE utf8_unicode_ci NOT NULL,
  `per` varchar(20) COLLATE utf8_unicode_ci NOT NULL,
  `status` enum('Active','Inactive') COLLATE utf8_unicode_ci NOT NULL DEFAULT 'Active',
  PRIMARY KEY (`id`)
) ENGINE=InnoDB AUTO_INCREMENT=4 DEFAULT CHARSET=utf8 COLLATE=utf8_unicode_ci;
/*!40101 SET character_set_client = @saved_cs_client */;

--
-- Dumping data for table `rental_types`
--

LOCK TABLES `rental_types` WRITE;
/*!40000 ALTER TABLE `rental_types` DISABLE KEYS */;
INSERT INTO `rental_types` VALUES (1,'Hourly','Hour','Active'),(2,'Daypass','Day','Active'),(3,'Monthly','Month','Active');
/*!40000 ALTER TABLE `rental_types` ENABLE KEYS */;
UNLOCK TABLES;

--
-- Table structure for table `reservation`
--

DROP TABLE IF EXISTS `reservation`;
/*!40101 SET @saved_cs_client     = @@character_set_client */;
/*!40101 SET character_set_client = utf8 */;
CREATE TABLE `reservation` (
  `id` int(10) unsigned NOT NULL AUTO_INCREMENT,
  `code` varchar(10) COLLATE utf8_unicode_ci NOT NULL,
  `room_id` int(10) unsigned NOT NULL,
  `host_id` int(10) unsigned NOT NULL,
  `user_id` int(10) unsigned NOT NULL,
  `checkin` date NOT NULL,
  `checkout` date NOT NULL,
  `number_of_guests` int(11) NOT NULL,
  `nights` int(11) NOT NULL,
  `per_night` int(11) NOT NULL,
  `subtotal` int(11) NOT NULL,
  `cleaning` int(11) NOT NULL,
  `additional_guest` int(11) NOT NULL,
  `security` int(11) NOT NULL,
  `service` int(11) NOT NULL,
  `host_fee` int(11) NOT NULL,
  `total` int(11) NOT NULL,
  `coupon_code` varchar(50) COLLATE utf8_unicode_ci NOT NULL,
  `coupon_amount` int(11) NOT NULL,
  `currency_code` varchar(10) COLLATE utf8_unicode_ci NOT NULL,
  `transaction_id` varchar(50) COLLATE utf8_unicode_ci NOT NULL,
  `paymode` enum('PayPal','Credit Card') COLLATE utf8_unicode_ci DEFAULT NULL,
  `cancellation` enum('Flexible','Moderate','Strict') COLLATE utf8_unicode_ci NOT NULL DEFAULT 'Flexible',
  `first_name` varchar(255) COLLATE utf8_unicode_ci NOT NULL,
  `last_name` varchar(255) COLLATE utf8_unicode_ci NOT NULL,
  `postal_code` varchar(20) COLLATE utf8_unicode_ci NOT NULL,
  `country` varchar(5) COLLATE utf8_unicode_ci NOT NULL,
  `status` enum('Pending','Accepted','Declined','Expired','Checkin','Checkout','Completed','Cancelled') COLLATE utf8_unicode_ci DEFAULT NULL,
  `type` enum('contact','reservation') COLLATE utf8_unicode_ci DEFAULT NULL,
  `friends_email` text COLLATE utf8_unicode_ci NOT NULL,
  `cancelled_by` enum('Guest','Host') COLLATE utf8_unicode_ci DEFAULT NULL,
  `cancelled_reason` varchar(500) COLLATE utf8_unicode_ci NOT NULL,
  `decline_reason` text COLLATE utf8_unicode_ci NOT NULL,
  `accepted_at` timestamp NOT NULL DEFAULT '0000-00-00 00:00:00',
  `expired_at` timestamp NOT NULL DEFAULT '0000-00-00 00:00:00',
  `declined_at` timestamp NOT NULL DEFAULT '0000-00-00 00:00:00',
  `cancelled_at` timestamp NOT NULL DEFAULT '0000-00-00 00:00:00',
  `created_at` timestamp NOT NULL DEFAULT '0000-00-00 00:00:00',
  `updated_at` timestamp NOT NULL DEFAULT '0000-00-00 00:00:00',
  PRIMARY KEY (`id`),
  KEY `reservation_room_id_foreign` (`room_id`),
  KEY `reservation_host_id_foreign` (`host_id`),
  KEY `reservation_user_id_foreign` (`user_id`),
  KEY `reservation_currency_code_foreign` (`currency_code`),
  KEY `reservation_country_foreign` (`country`)
) ENGINE=MyISAM AUTO_INCREMENT=10001 DEFAULT CHARSET=utf8 COLLATE=utf8_unicode_ci;
/*!40101 SET character_set_client = @saved_cs_client */;

--
-- Dumping data for table `reservation`
--

LOCK TABLES `reservation` WRITE;
/*!40000 ALTER TABLE `reservation` DISABLE KEYS */;
/*!40000 ALTER TABLE `reservation` ENABLE KEYS */;
UNLOCK TABLES;

--
-- Table structure for table `reviews`
--

DROP TABLE IF EXISTS `reviews`;
/*!40101 SET @saved_cs_client     = @@character_set_client */;
/*!40101 SET character_set_client = utf8 */;
CREATE TABLE `reviews` (
  `id` int(10) unsigned NOT NULL AUTO_INCREMENT,
  `reservation_id` int(10) unsigned NOT NULL,
  `room_id` int(10) unsigned NOT NULL,
  `user_from` int(10) unsigned NOT NULL,
  `user_to` int(10) unsigned NOT NULL,
  `review_by` enum('guest','host') COLLATE utf8_unicode_ci NOT NULL,
  `comments` text COLLATE utf8_unicode_ci NOT NULL,
  `private_feedback` text COLLATE utf8_unicode_ci NOT NULL,
  `love_comments` text COLLATE utf8_unicode_ci NOT NULL,
  `improve_comments` text COLLATE utf8_unicode_ci NOT NULL,
  `rating` int(11) NOT NULL,
  `accuracy` int(11) NOT NULL,
  `accuracy_comments` text COLLATE utf8_unicode_ci NOT NULL,
  `cleanliness` int(11) NOT NULL,
  `cleanliness_comments` text COLLATE utf8_unicode_ci NOT NULL,
  `checkin` int(11) NOT NULL,
  `checkin_comments` text COLLATE utf8_unicode_ci NOT NULL,
  `amenities` int(11) NOT NULL,
  `amenities_comments` text COLLATE utf8_unicode_ci NOT NULL,
  `communication` int(11) NOT NULL,
  `communication_comments` text COLLATE utf8_unicode_ci NOT NULL,
  `location` int(11) NOT NULL,
  `location_comments` text COLLATE utf8_unicode_ci NOT NULL,
  `value` int(11) NOT NULL,
  `value_comments` text COLLATE utf8_unicode_ci NOT NULL,
  `respect_house_rules` int(11) NOT NULL,
  `recommend` int(11) NOT NULL,
  `created_at` timestamp NOT NULL DEFAULT '0000-00-00 00:00:00',
  `updated_at` timestamp NOT NULL DEFAULT '0000-00-00 00:00:00',
  PRIMARY KEY (`id`),
  KEY `reviews_reservation_id_foreign` (`reservation_id`),
  KEY `reviews_room_id_foreign` (`room_id`),
  KEY `reviews_user_from_foreign` (`user_from`),
  KEY `reviews_user_to_foreign` (`user_to`)
) ENGINE=MyISAM DEFAULT CHARSET=utf8 COLLATE=utf8_unicode_ci;
/*!40101 SET character_set_client = @saved_cs_client */;

--
-- Dumping data for table `reviews`
--

LOCK TABLES `reviews` WRITE;
/*!40000 ALTER TABLE `reviews` DISABLE KEYS */;
/*!40000 ALTER TABLE `reviews` ENABLE KEYS */;
UNLOCK TABLES;

--
-- Table structure for table `role_user`
--

DROP TABLE IF EXISTS `role_user`;
/*!40101 SET @saved_cs_client     = @@character_set_client */;
/*!40101 SET character_set_client = utf8 */;
CREATE TABLE `role_user` (
  `user_id` int(10) unsigned NOT NULL,
  `role_id` int(10) unsigned NOT NULL,
  PRIMARY KEY (`user_id`,`role_id`),
  KEY `role_user_role_id_foreign` (`role_id`)
) ENGINE=MyISAM DEFAULT CHARSET=utf8 COLLATE=utf8_unicode_ci;
/*!40101 SET character_set_client = @saved_cs_client */;

--
-- Dumping data for table `role_user`
--

LOCK TABLES `role_user` WRITE;
/*!40000 ALTER TABLE `role_user` DISABLE KEYS */;
INSERT INTO `role_user` VALUES (1,1);
/*!40000 ALTER TABLE `role_user` ENABLE KEYS */;
UNLOCK TABLES;

--
-- Table structure for table `roles`
--

DROP TABLE IF EXISTS `roles`;
/*!40101 SET @saved_cs_client     = @@character_set_client */;
/*!40101 SET character_set_client = utf8 */;
CREATE TABLE `roles` (
  `id` int(10) unsigned NOT NULL AUTO_INCREMENT,
  `name` varchar(255) COLLATE utf8_unicode_ci NOT NULL,
  `display_name` varchar(255) COLLATE utf8_unicode_ci DEFAULT NULL,
  `description` varchar(255) COLLATE utf8_unicode_ci DEFAULT NULL,
  `created_at` timestamp NOT NULL DEFAULT '0000-00-00 00:00:00',
  `updated_at` timestamp NOT NULL DEFAULT '0000-00-00 00:00:00',
  PRIMARY KEY (`id`),
  UNIQUE KEY `roles_name_unique` (`name`)
) ENGINE=MyISAM AUTO_INCREMENT=2 DEFAULT CHARSET=utf8 COLLATE=utf8_unicode_ci;
/*!40101 SET character_set_client = @saved_cs_client */;

--
-- Dumping data for table `roles`
--

LOCK TABLES `roles` WRITE;
/*!40000 ALTER TABLE `roles` DISABLE KEYS */;
INSERT INTO `roles` VALUES (1,'admin','Admin','Admin User','0000-00-00 00:00:00','0000-00-00 00:00:00');
/*!40000 ALTER TABLE `roles` ENABLE KEYS */;
UNLOCK TABLES;

--
-- Table structure for table `room_type`
--

DROP TABLE IF EXISTS `room_type`;
/*!40101 SET @saved_cs_client     = @@character_set_client */;
/*!40101 SET character_set_client = utf8 */;
CREATE TABLE `room_type` (
  `id` int(10) unsigned NOT NULL AUTO_INCREMENT,
  `name` varchar(25) COLLATE utf8_unicode_ci NOT NULL,
  `description` text COLLATE utf8_unicode_ci NOT NULL,
  `status` enum('Active','Inactive') COLLATE utf8_unicode_ci NOT NULL DEFAULT 'Active',
  PRIMARY KEY (`id`)
) ENGINE=MyISAM AUTO_INCREMENT=4 DEFAULT CHARSET=utf8 COLLATE=utf8_unicode_ci;
/*!40101 SET character_set_client = @saved_cs_client */;

--
-- Dumping data for table `room_type`
--

LOCK TABLES `room_type` WRITE;
/*!40000 ALTER TABLE `room_type` DISABLE KEYS */;
INSERT INTO `room_type` VALUES (1,'Entire Office','Entire Office','Active'),(2,'Private Office','Private Office','Active'),(3,'Shared Office','Shared Office','Active');
/*!40000 ALTER TABLE `room_type` ENABLE KEYS */;
UNLOCK TABLES;

--
-- Table structure for table `rooms`
--

DROP TABLE IF EXISTS `rooms`;
/*!40101 SET @saved_cs_client     = @@character_set_client */;
/*!40101 SET character_set_client = utf8 */;
CREATE TABLE `rooms` (
  `id` int(10) unsigned NOT NULL AUTO_INCREMENT,
  `user_id` int(10) unsigned NOT NULL,
  `name` varchar(35) COLLATE utf8_unicode_ci NOT NULL,
  `sub_name` varchar(255) COLLATE utf8_unicode_ci NOT NULL,
  `summary` varchar(500) COLLATE utf8_unicode_ci NOT NULL,
  `property_type` int(10) unsigned NOT NULL,
  `room_type` int(10) unsigned NOT NULL,
  `accommodates` tinyint(4) DEFAULT NULL,
  `rental_type` int(11) DEFAULT '3',
  `bedrooms` tinyint(4) DEFAULT NULL,
  `beds` tinyint(4) DEFAULT NULL,
  `bed_type` int(10) unsigned DEFAULT NULL,
  `bathrooms` text COLLATE utf8_unicode_ci,
  `amenities` varchar(255) COLLATE utf8_unicode_ci DEFAULT NULL,
  `calendar_type` enum('Always','Sometimes','Onetime') COLLATE utf8_unicode_ci DEFAULT NULL,
  `booking_type` enum('request_to_book','instant_book') COLLATE utf8_unicode_ci DEFAULT NULL,
  `cancel_policy` enum('Flexible','Moderate','Strict') COLLATE utf8_unicode_ci NOT NULL DEFAULT 'Flexible',
  `popular` enum('Yes','No') COLLATE utf8_unicode_ci NOT NULL DEFAULT 'No',
  `started` enum('Yes','No') COLLATE utf8_unicode_ci NOT NULL DEFAULT 'No',
  `status` enum('Listed','Unlisted') COLLATE utf8_unicode_ci DEFAULT NULL,
  `created_at` timestamp NOT NULL DEFAULT '0000-00-00 00:00:00',
  `updated_at` timestamp NOT NULL DEFAULT '0000-00-00 00:00:00',
  `deleted_at` timestamp NULL DEFAULT NULL,
  PRIMARY KEY (`id`),
  KEY `rooms_user_id_foreign` (`user_id`),
  KEY `rooms_property_type_foreign` (`property_type`),
  KEY `rooms_room_type_foreign` (`room_type`),
  KEY `rooms_bed_type_foreign` (`bed_type`)
) ENGINE=MyISAM AUTO_INCREMENT=10021 DEFAULT CHARSET=utf8 COLLATE=utf8_unicode_ci;
/*!40101 SET character_set_client = @saved_cs_client */;

--
-- Dumping data for table `rooms`
--

LOCK TABLES `rooms` WRITE;
/*!40000 ALTER TABLE `rooms` DISABLE KEYS */;
INSERT INTO `rooms` VALUES (10001,10001,'test','Private room in Quezon City','test',6,2,3,3,NULL,NULL,NULL,'Shared Bathroom','4,7,14,22,23,27,28','Sometimes',NULL,'Flexible','No','Yes',NULL,'2016-08-13 03:59:20','2016-08-18 15:46:50',NULL),(10002,10002,'Funky office','Private room in Wantirna','Awesome office space available for short or long term leases.\n\nWe are close to some great cafes, the train station is a 5 minute walk away and the beach is 5 minutes the other direction!\n\nIncludes all out goings and wireless internet provided.\n\nAvailable for you to immediately move in!',1,2,1,1,1,1,5,'2','4,7,8,32,14,18,26,27,28,29,31','Always',NULL,'Flexible','No','Yes','Listed','2016-08-13 09:17:21','2016-09-06 15:11:45',NULL),(10003,10003,'','Shared Office in Seremban','',1,3,1,1,NULL,NULL,NULL,NULL,NULL,NULL,NULL,'Flexible','No','Yes',NULL,'2016-08-15 07:10:46','2016-08-15 07:11:01',NULL),(10004,10003,'Test','Entire Office in ','Test test',1,1,1,3,0,1,1,'2.0','4,7,32',NULL,NULL,'Flexible','No','Yes',NULL,'2016-08-15 07:22:53','2016-08-15 08:50:09',NULL),(10005,10004,'Affordable office space in Brighton','Entire Office in Brighton','• 9m² office available for short or long term lease\n• Stylish, bright and modern office space\n• Fully furnished\n• Premium location\n• From $155 per week*\nPricing includes;\n• Office furniture\n• Unlimited business grade internet\n• Local dedicated land line number and telephone handset\n• 2 hours per day included meeting room usage\n• Fully stocked kitchen facilities\n• Reception team at your service\n• Unlimited access to Business Lounges worldwide\n\nNo hidden costs or set up fess.',3,1,16,3,0,1,1,'0.5','4,7,32,33','Always',NULL,'Flexible','No','Yes','Listed','2016-08-16 02:27:06','2016-08-17 10:44:52',NULL),(10006,10004,'Beautiful five person office space','Entire Office in Brighton','This Bay Street office space is located in the bay side suburb of Brighton.\n \nIncluded\n- Rent\n- IT & Telecom\n- Receptionist\n- Outgoings\n- Private office\nAnd lots more!\n\nBenefits\n- 3000 locations, 900 cities, 120 countries\n- Building has Modern Lifts, Tenant Showers and is 24⁄7 Secured\n- Nearby North Brighton Train Station\n- Fully Furnished\n- Parking is available at additional cost\n-Flexible Lease Terms\n-BoardroomsBusiness Lounge Access at 3000 Locations',2,1,5,3,1,1,1,'1.0','4,7,32,33','Always',NULL,'Flexible','No','Yes','Listed','2016-08-16 02:41:42','2016-08-16 02:52:11',NULL),(10007,10004,'Brighton Office Great For 4 Persons','Entire Office in Brighton','The advertised office is a large office perfect for up to 4 people. If you need more or less space we have furnished and unfurnished offices ready to go from 10sqm - 200sqm all over Australia.\n\n- Price incl. building outgoings, all utility bills, Internet, rent, electricity \n- Flexi terms \n- Modern fit out \n- Regular cleaning \n- 24/7 access \n- Dedicated receptionist \n- Great Brighton location \n- Modern building \n- Avail NOW for short or long term rent',4,1,4,3,1,1,1,'1.0',NULL,NULL,NULL,'Flexible','No','Yes',NULL,'2016-08-16 02:53:45','2016-08-16 02:59:55',NULL),(10008,10005,'Private Furnished Office For 4','Private Office in Brighton','The advertised office is a large office perfect for up to 4 people. If you need more or less space we have furnished and unfurnished offices ready to go from 10sqm - 200sqm all over Australia.\n\nWhat you get for your weekly rent:\n> Ability to bring your existing phone number over\n> 24 x 7 access to your office\n> 24 x 7 security\n> Unlimited commercial grade internet service\n> Electricity usage included\n> Regular cleaning\n> Furnished office',2,2,4,3,1,1,1,'1.0','4,7,32,33','Always',NULL,'Flexible','No','Yes','Listed','2016-08-16 03:18:57','2016-08-16 04:10:30',NULL),(10009,10005,'Bright 2 Person Office','Private Office in Brighton','What you get for your weekly rent\n> 24 x 7 security\n> Furnished office with desks, chairs and lock up storage units\n> Complimentary receptionist to meet and greet your clients\n> Unlimited commercial grade internet service\n> Electricity usage included\n> Regular cleaning\n> Telephone number & handset**\n> Unlimited kitchen supplies, incl. tea, coffee & filtered water\n> Prestigious business address to put on your cards\n> Flexible terms from 1 month - 2 years',4,2,2,3,1,1,1,'1.0','4,7,32,33','Always',NULL,'Flexible','No','Yes','Listed','2016-08-16 03:57:33','2016-08-16 04:07:42',NULL),(10010,10005,'Fantastic Brighton Office for 2','Private Office in Brighton','The advertised office is a large office perfect for up to 3 people.\n\nWhat you get for your weekly rent :\n> Furnished office with desks, chairs and lock up storage units\n> Complimentary receptionist to meet and greet your clients\n> Telephone number & handset**\n> Unlimited kitchen supplies, incl. tea, coffee & filtered water\n> Prestigious business address to put on your cards\n> Flexible terms from 1 month - 2 years',4,2,2,3,1,1,1,'1.0','4,7,32,33','Always',NULL,'Flexible','No','Yes','Listed','2016-08-16 04:13:56','2016-08-16 04:32:08',NULL),(10011,10005,'Light filled private office for 5','Private Office in Brighton','What you get for your weekly rent :\n> Unlimited kitchen supplies, incl. tea, coffee & filtered water\n> Prestigious business address to put on your cards\n> Flexible terms from 1 month - 2 years\n> Ability to bring your existing phone number over\n> 24 x 7 access to your office\n> 24 x 7 security\n> Furnished office with desks, chairs and lock up storage units\n> Complimentary receptionist to meet and greet your clients\n> Unlimited commercial grade internet service',5,2,5,1,1,1,1,'1.0','4,7,32,33','Always',NULL,'Flexible','No','Yes','Listed','2016-08-16 04:38:19','2016-08-16 05:10:24',NULL),(10012,10005,'Light filled private office for 5','Private Office in Brighton','What you get for your weekly rent\n> Furnished office with desks, chairs and lock up storage units\n> Complimentary receptionist to meet and greet your clients\n> Unlimited commercial grade internet service\n> Electricity usage included\n> Regular cleaning\n> Telephone number & handset**\n> Unlimited kitchen supplies, incl. tea, coffee & filtered water\n> Prestigious business address to put on your cards\n> Flexible terms from 1 month - 2 years\n> Ability to bring your existing phone number',5,2,5,1,1,1,1,'1.0','4','Always',NULL,'Flexible','No','Yes','Listed','2016-08-16 06:09:15','2016-08-16 06:34:07',NULL),(10013,10005,'Private Office Near Beach For 3  ','Private Office in Brighton','What you get for your weekly rent\n> Furnished office with desks, chairs and lock up storage units\n> Complimentary receptionist to meet and greet your clients\n> Unlimited commercial grade internet service\n> Electricity usage included\n> Regular cleaning\n> Telephone number & handset**\n> Unlimited kitchen supplies, incl. tea, coffee & filtered water\n> Prestigious business address to put on your cards\n> Flexible terms from 1 month - 2 years\n> Ability to bring your existing phone number',4,2,3,3,1,1,1,'1.0','4,7,32,33','Always',NULL,'Flexible','No','Yes','Listed','2016-08-16 06:36:19','2016-08-16 06:45:26',NULL),(10014,10001,'test','Private Office in Pasay','test',2,2,7,3,1,1,1,'Shared Bathroom','4,7,14,15,27','Sometimes',NULL,'Flexible','No','Yes','Listed','2016-08-18 15:47:47','2016-08-18 15:49:02',NULL),(10015,10006,'','Private Office in Lyon','',1,2,1,1,1,1,1,NULL,NULL,NULL,NULL,'Flexible','No','Yes',NULL,'2016-08-27 13:15:22','2016-08-27 13:15:28',NULL),(10016,10006,'ddd','Entire Office in Londres','dddd',1,1,1,1,1,1,1,NULL,NULL,'Sometimes',NULL,'Flexible','No','Yes',NULL,'2016-08-27 13:20:13','2016-08-27 13:23:03',NULL),(10017,10006,'dd','Entire Office in Londres','dd',4,1,9,2,1,1,1,'No Washroom','32','Sometimes',NULL,'Flexible','No','Yes','Listed','2016-08-27 20:38:03','2016-08-27 20:39:52',NULL),(10018,10002,'','Shared Office in Brighton East','',3,3,1,1,NULL,1,1,NULL,NULL,NULL,NULL,'Flexible','No','No',NULL,'2016-09-04 15:58:13','2016-09-04 15:58:13',NULL),(10019,10001,'','Private Office in Bolwarra','',2,2,6,1,5,1,1,'2',NULL,NULL,NULL,'Flexible','No','Yes',NULL,'2016-09-05 12:47:53','2016-09-06 15:12:35',NULL),(10020,10001,'','Entire Office in Yambuk','',5,1,5,3,NULL,1,1,NULL,NULL,NULL,NULL,'Flexible','No','Yes',NULL,'2016-09-05 13:44:31','2016-09-05 13:52:03',NULL);
/*!40000 ALTER TABLE `rooms` ENABLE KEYS */;
UNLOCK TABLES;

--
-- Table structure for table `rooms_address`
--

DROP TABLE IF EXISTS `rooms_address`;
/*!40101 SET @saved_cs_client     = @@character_set_client */;
/*!40101 SET character_set_client = utf8 */;
CREATE TABLE `rooms_address` (
  `room_id` int(10) unsigned NOT NULL,
  `address_line_1` varchar(255) COLLATE utf8_unicode_ci NOT NULL,
  `address_line_2` varchar(255) COLLATE utf8_unicode_ci NOT NULL,
  `city` varchar(100) COLLATE utf8_unicode_ci NOT NULL,
  `state` varchar(100) COLLATE utf8_unicode_ci NOT NULL,
  `country` varchar(5) COLLATE utf8_unicode_ci NOT NULL,
  `postal_code` varchar(25) COLLATE utf8_unicode_ci NOT NULL,
  `latitude` varchar(50) COLLATE utf8_unicode_ci NOT NULL,
  `longitude` varchar(50) COLLATE utf8_unicode_ci NOT NULL,
  UNIQUE KEY `rooms_address_room_id_unique` (`room_id`),
  KEY `rooms_address_country_foreign` (`country`)
) ENGINE=MyISAM DEFAULT CHARSET=utf8 COLLATE=utf8_unicode_ci;
/*!40101 SET character_set_client = @saved_cs_client */;

--
-- Dumping data for table `rooms_address`
--

LOCK TABLES `rooms_address` WRITE;
/*!40000 ALTER TABLE `rooms_address` DISABLE KEYS */;
INSERT INTO `rooms_address` VALUES (10001,'Examiner Corner Times St.','','Quezon City','Metro Manila','PH','1104','14.6423169','121.03250989999992'),(10002,'73 Bay Street','','Brighton','Victoria','AU','3186','-37.9042693','144.9939533'),(10003,'','','Seremban','Negeri Sembilan','MY','','2.725889','101.93782390000001'),(10004,'','','','','NZ','','-40.90055699999999','174.88597100000004'),(10005,'L1 181 Bay Street','','Brighton','Victoria','AU','3186','-37.905','144.99599999999998'),(10006,'L1 181 Bay Street','','Brighton','Victoria','AU','3186','-37.905','144.99599999999998'),(10007,'','','Brighton','Victoria','AU','3186','-37.905','144.99599999999998'),(10008,'181 Bay Street','','Brighton','Victoria','AU','3186','-37.904736','144.9983032'),(10009,'181 Bay Street','','Brighton','Victoria','AU','3186','-37.904736','144.9983032'),(10010,'214 Bay Street','','Brighton','Victoria','AU','3186','-37.9053915','144.9995184'),(10011,'281 Bay Street','','Brighton','Victoria','AU','3186','-37.9052577','145.0017287'),(10012,'281 Bay Street','','Brighton','Victoria','AU','3186','-37.9052577','145.0017287'),(10013,'281 Bay Street','','Brighton','Victoria','AU','3186','-37.9052577','145.0017287'),(10014,'Epifanio de los Santos Avenue','','Pasay','Metro Manila','PH','1300','14.537344','121.00172399999997'),(10015,'','','Lyon','Auvergne-Rhône-Alpes','FR','','45.764043','4.835658999999964'),(10016,'45 Brierly Gardens','','Londres','England','GB','E2 0NN','51.5299599','-0.050402'),(10017,'7 Crossrail Place','','Londres','England','GB','E14','51.5059031','-0.0172137'),(10018,'','','Brighton East','Victoria','AU','3187','-37.916','145.015'),(10019,'Princes Highway','','Bolwarra','Victoria','AU','3305','-38.296211','141.6046884'),(10020,'Princes Highway','','Yambuk','Victoria','AU','3285','-38.3098006','142.0535334');
/*!40000 ALTER TABLE `rooms_address` ENABLE KEYS */;
UNLOCK TABLES;

--
-- Table structure for table `rooms_description`
--

DROP TABLE IF EXISTS `rooms_description`;
/*!40101 SET @saved_cs_client     = @@character_set_client */;
/*!40101 SET character_set_client = utf8 */;
CREATE TABLE `rooms_description` (
  `room_id` int(10) unsigned NOT NULL,
  `space` text COLLATE utf8_unicode_ci NOT NULL,
  `access` text COLLATE utf8_unicode_ci NOT NULL,
  `interaction` text COLLATE utf8_unicode_ci NOT NULL,
  `notes` text COLLATE utf8_unicode_ci NOT NULL,
  `house_rules` text COLLATE utf8_unicode_ci NOT NULL,
  `neighborhood_overview` text COLLATE utf8_unicode_ci NOT NULL,
  `transit` text COLLATE utf8_unicode_ci NOT NULL,
  UNIQUE KEY `rooms_description_room_id_unique` (`room_id`)
) ENGINE=MyISAM DEFAULT CHARSET=utf8 COLLATE=utf8_unicode_ci;
/*!40101 SET character_set_client = @saved_cs_client */;

--
-- Dumping data for table `rooms_description`
--

LOCK TABLES `rooms_description` WRITE;
/*!40000 ALTER TABLE `rooms_description` DISABLE KEYS */;
INSERT INTO `rooms_description` VALUES (10001,'','','','','','',''),(10002,'blah','blah','blah','blah','blah','blah','blah'),(10003,'','','','','','',''),(10004,'','','','','','',''),(10005,'','','','','','',''),(10006,'This centre has fully-equipped offices and meeting room facilities with comprehensive services at a reasonable price, suitable for individuals and companies looking for a flexible, fully-equipped office with comprehensive services and a reasonable price.','','','','','This Bay Street office space is located in the bay side suburb of Brighton, 11km south east of the Melbourne CBD. This is a perfect Office Space for 4-5 work stations.','Bay Street is the primary commercial artery for this area with buses, taxis and trains access to Melbourne\'s CBD.'),(10007,'','','','','','',''),(10008,'You also get :\n> Complimentary receptionist to meet and greet your clients\n> Telephone number & handset**\n> Unlimited kitchen supplies, incl. tea, coffee & filtered water\n> Prestigious business address to put on your cards\n\nBuilding features\n* Car parking - in building and surrounding areas\n* Dedicated on-site management team\n* Modern, low level building\n* High speed lifts\n\nOffice features\n* Air conditioning in all offices\n* Meeting and Board rooms available\n* Signage board in foyer to highlight your business name**\n* Quality finishes and amenities throughout\n* Server / Comms rooms available for server storage\n* Modern facilities throughout\n* Full mail management and postage**','','','','','Location features\n* 750m to Beach Road bike paths\n* 1km to the beach\n* 300m to bus stops\n* 550m to North Brighton Train Station\n* Close to cafes, restaurants, pubs, shops - in fact everything!',''),(10009,'Office features\n* Signage board in foyer to highlight your business name**\n* Quality finishes and amenities throughout\n* Server / Comms rooms available for server storage\n* Full mail management and postage**\n* Meeting and boardrooms available\n\nBuilding features\n* Car parking - in building and surrounding areas\n* Dedicated on-site management team\n* Modern, low level building\n* Bike racks & cafe on-site\n* Shower facilities on the floor\n* High speed lifts','','','','','Located in Brighton, these modern, bright offices are the perfect option for any small business looking for a workspace close to employees homes. With a variety of amenities nearby including supermarkets, cafes, restaurants and pubs this workspace is an amazing opportunity.','Location features\n* 300m to bus stops\n* 550m to North Brighton Train Station\n* 750m to Beach Road bike paths\n* Close to cafes, restaurants, pubs, shops - in fact everything!'),(10010,'Building features\n* Car parking - in building and surrounding areas\n* Dedicated on-site management team\n* Modern, low level building\n* High speed lifts\n\nOffice features\n* Quality finishes and amenities throughout\n* Server / Comms rooms available for server storage\n* Modern facilities throughout\n* Full mail management and postage**\n* Air conditioning in all offices\n* Meeting and Board rooms available\n* Signage board in foyer to highlight your business name**\n\nLocation features \n* 750m to Beach Road bike paths\n* 1km to the beach\n* 300m to bus stops\n* 550m to North Brighton Train Station\n* Close to cafes, restaurants, pubs, shops - in fact everything!','','','','','Located in the sunny suburb of Brighton, these professional private offices are an amazing opportunity for any small business. With a variety of railway stations nearby, you\'ll find it easy to get to Melbourne\'s CBD. You\'ll also find a fantastic range of amenities available in the area including cafes, bank, gyms, anything you need really.',''),(10011,'Building features\n* Car parking - in building and surrounding areas\n* Dedicated on-site management team\n* Modern, low level building\n* Bike racks & cafe on-site\n* Shower facilities on the floor\n* High speed lifts\n\nOffice features\n* Full mail management and postage**\n* Meeting and boardrooms available\n* Signage board in foyer to highlight your business name**\n* Quality finishes and amenities throughout\n* Server / Comms rooms available for server storage\n\nLocation features\n* 300m to bus stops\n* 550m to North Brighton Train Station\n* 750m to Beach Road bike paths\n* Close to cafes, restaurants, pubs, shops - in fact everything!','','','','','Located in Brighton, these modern, bright offices are the perfect option for any small business looking for a workspace close to employees homes. With a variety of amenities nearby including supermarkets, cafes, restaurants and pubs this workspace is an amazing opportunity.\n\n\nThe advertised office is a large office perfect for up to 5 people.',''),(10012,'Building features\n* Modern, low level building\n* Bike racks & cafe on-site\n* Shower facilities on the floor\n* High speed lifts\n* Car parking - in building and surrounding areas\n* Dedicated on-site management team\n\nOffice features\n* Full mail management and postage**\n* Meeting and boardrooms available\n* Signage board in foyer to highlight your business name**\n* Quality finishes and amenities throughout\n* Server / Comms rooms available for server storage','','','','','Located in Brighton, these modern, bright offices are the perfect option for any small business looking for a workspace close to employees homes. With a variety of amenities nearby including supermarkets, cafes, restaurants and pubs this workspace is an amazing opportunity.','Location features\n* 300m to bus stops\n* 550m to North Brighton Train Station\n* 750m to Beach Road bike paths\n* Close to cafes, restaurants, pubs, shops - in fact everything!'),(10013,'Located in the sunny suburb of Brighton, these professional private offices are an amazing opportunity for any small business. With a variety of railway stations nearby, you\'ll find it easy to get to Melbourne\'s CBD. You\'ll also find a fantastic range of amenities available in the area including cafes, bank, gyms, anything you need really.\n\nThe advertised office is a large office perfect for up to 3 people. If you need more or less space we have furnished and unfurnished offices ready to go from 10sqm - 200sqm all over Australia.\n\n\n> 1-2 Person office\n\n> 2-3 Person office\n\n> 3-4 Person office\n\n> 4-5 Person office\n\n> Have 5+ people don\'t worry as we have some great options for your business as well. Please enquire off this ad to see the options.\n\nBuilding features\n* Modern, low level building\n* High speed lifts\n* Car parking - in building and surrounding areas\n* Dedicated on-site management team\n\nOffice features\n* Air conditioning in all offices\n* Modern facilities throughout\n* Full mail management and postage**\n* Meeting and Board rooms available\n* Signage board in foyer to highlight your business name**\n* Quality finishes and amenities throughout\n* Server / Comms rooms available for server storage','','','','','Located in the sunny suburb of Brighton, these professional private offices are an amazing opportunity for any small business. With a variety of railway stations nearby, you\'ll find it easy to get to Melbourne\'s CBD. You\'ll also find a fantastic range of amenities available in the area including cafes, bank, gyms, anything you need really.\n\n','Location features\n* 300m to bus stops\n* 550m to North Brighton Train Station\n* 750m to Beach Road bike paths\n* 1km to the beach\n* Close to cafes, restaurants, pubs, shops - in fact everything!'),(10014,'','','','','','',''),(10015,'','','','','','',''),(10016,'','','','','','',''),(10017,'','','','','','',''),(10018,'','','','','','',''),(10019,'','','','','','',''),(10020,'','','','','','','');
/*!40000 ALTER TABLE `rooms_description` ENABLE KEYS */;
UNLOCK TABLES;

--
-- Table structure for table `rooms_photos`
--

DROP TABLE IF EXISTS `rooms_photos`;
/*!40101 SET @saved_cs_client     = @@character_set_client */;
/*!40101 SET character_set_client = utf8 */;
CREATE TABLE `rooms_photos` (
  `id` int(10) unsigned NOT NULL AUTO_INCREMENT,
  `room_id` int(10) unsigned NOT NULL,
  `name` varchar(255) COLLATE utf8_unicode_ci NOT NULL,
  `highlights` text COLLATE utf8_unicode_ci NOT NULL,
  `featured` enum('Yes','No') COLLATE utf8_unicode_ci DEFAULT NULL,
  PRIMARY KEY (`id`),
  KEY `rooms_photos_room_id_foreign` (`room_id`)
) ENGINE=MyISAM AUTO_INCREMENT=49 DEFAULT CHARSET=utf8 COLLATE=utf8_unicode_ci;
/*!40101 SET character_set_client = @saved_cs_client */;

--
-- Dumping data for table `rooms_photos`
--

LOCK TABLES `rooms_photos` WRITE;
/*!40000 ALTER TABLE `rooms_photos` DISABLE KEYS */;
INSERT INTO `rooms_photos` VALUES (1,10002,'1471224344_$_21.jpg','','Yes'),(2,10004,'1471237169_VPCart_Logo.jpg','','Yes'),(3,10005,'1471300395_AAD1-a.JPG','Fully stocked kitchen facilities','Yes'),(4,10005,'1471300434_AAD1-b.JPG','Fully furnished',NULL),(5,10005,'1471300482_AAD1-c.JPG','Premium location',NULL),(6,10005,'1471300502_AAD1-d.JPG','Stylish, bright and modern office space',NULL),(7,10006,'1471301286_AAD2-a.JPG','','Yes'),(8,10006,'1471301305_AAD1-d.JPG','',NULL),(10,10006,'1471301331_AAD1-b.JPG','',NULL),(11,10006,'1471301339_AAD1-a.JPG','',NULL),(13,10008,'1471305027_AAD3-a.JPG','','Yes'),(14,10008,'1471305052_AAD3-b.JPG','',NULL),(15,10008,'1471305067_AAD3-c.JPG','',NULL),(16,10008,'1471305084_AAD3-d.JPG','',NULL),(17,10008,'1471305115_AAD3-e.JPG','',NULL),(18,10009,'1471305979_AAD3-e.JPG','','Yes'),(19,10009,'1471305986_AAD3-d.JPG','',NULL),(20,10009,'1471305993_AAD3-c.JPG','',NULL),(21,10009,'1471305999_AAD3-b.JPG','',NULL),(22,10009,'1471306005_AAD3-a.JPG','',NULL),(23,10010,'1471307329_AAD3-d.JPG','','Yes'),(24,10010,'1471307337_AAD3-e.JPG','',NULL),(25,10010,'1471307344_AAD3-c.JPG','',NULL),(26,10010,'1471307352_AAD3-b.JPG','',NULL),(29,10011,'1471309634_AAD4-a.JPG','','Yes'),(28,10010,'1471307465_AAD3-a.JPG','',NULL),(30,10011,'1471309659_AAD4-b.JPG','',NULL),(31,10011,'1471309681_AAD4-c.JPG','',NULL),(32,10011,'1471309701_AAD4-d.JPG','',NULL),(33,10011,'1471309719_AAD4-e.JPG','',NULL),(34,10011,'1471309741_AAD-f.JPG','',NULL),(35,10011,'1471309763_AAD4-g.JPG','',NULL),(36,10012,'1471314744_AAD4-b.JPG','','Yes'),(37,10012,'1471314753_AAD4-g.JPG','',NULL),(38,10012,'1471314759_AAD-f.JPG','',NULL),(39,10012,'1471314772_AAD4-e.JPG','',NULL),(40,10012,'1471314789_AAD4-d.JPG','',NULL),(41,10013,'1471315410_AAD5a.JPG','','Yes'),(42,10013,'1471315426_AAD5b.JPG','',NULL),(43,10013,'1471315442_AAD5c.JPG','',NULL),(44,10013,'1471315463_AAD5d.JPG','',NULL),(45,10001,'1471520534_officedesk.jpeg','','Yes'),(46,10014,'1471520919_officedesk.jpeg','','Yes'),(47,10016,'1472289730_WP_20140817_008.jpg','','Yes'),(48,10017,'1472315979_père_noel.jpg','','Yes');
/*!40000 ALTER TABLE `rooms_photos` ENABLE KEYS */;
UNLOCK TABLES;

--
-- Table structure for table `rooms_price`
--

DROP TABLE IF EXISTS `rooms_price`;
/*!40101 SET @saved_cs_client     = @@character_set_client */;
/*!40101 SET character_set_client = utf8 */;
CREATE TABLE `rooms_price` (
  `room_id` int(10) unsigned NOT NULL,
  `night` int(11) NOT NULL,
  `week` int(11) NOT NULL,
  `month` int(11) NOT NULL,
  `cleaning` int(11) NOT NULL,
  `additional_guest` int(11) NOT NULL,
  `guests` tinyint(4) NOT NULL,
  `security` int(11) NOT NULL,
  `weekend` int(11) NOT NULL,
  `currency_code` varchar(10) COLLATE utf8_unicode_ci NOT NULL,
  UNIQUE KEY `rooms_price_room_id_unique` (`room_id`),
  KEY `rooms_price_currency_code_foreign` (`currency_code`)
) ENGINE=MyISAM DEFAULT CHARSET=utf8 COLLATE=utf8_unicode_ci;
/*!40101 SET character_set_client = @saved_cs_client */;

--
-- Dumping data for table `rooms_price`
--

LOCK TABLES `rooms_price` WRITE;
/*!40000 ALTER TABLE `rooms_price` DISABLE KEYS */;
INSERT INTO `rooms_price` VALUES (10001,600,0,0,0,0,0,0,0,'PHP'),(10002,10,0,0,0,0,0,0,0,'AUD'),(10003,0,0,0,0,0,0,0,0,'GBP'),(10004,100,90,0,0,0,0,0,0,'USD'),(10005,155,0,0,0,0,0,0,0,'USD'),(10006,1300,0,0,0,0,0,0,0,'USD'),(10007,0,0,0,0,0,0,0,0,'MYR'),(10008,45,292,0,0,0,0,0,0,'USD'),(10009,35,228,0,0,0,0,0,0,'USD'),(10010,35,225,0,0,0,0,0,0,'USD'),(10011,135,913,0,0,0,0,0,0,'USD'),(10012,65,413,0,0,0,0,0,0,'USD'),(10013,35,205,0,0,0,0,0,0,'USD'),(10014,5000,0,0,0,0,0,0,0,'PHP'),(10015,0,0,0,0,0,0,0,0,'EUR'),(10016,100,300,800,0,0,0,0,0,'EUR'),(10017,100,0,0,0,0,0,0,0,'EUR'),(10018,0,0,0,0,0,0,0,0,'AUD'),(10019,0,0,0,0,0,0,0,0,'PHP'),(10020,0,0,0,0,0,0,0,0,'PHP');
/*!40000 ALTER TABLE `rooms_price` ENABLE KEYS */;
UNLOCK TABLES;

--
-- Table structure for table `rooms_steps_status`
--

DROP TABLE IF EXISTS `rooms_steps_status`;
/*!40101 SET @saved_cs_client     = @@character_set_client */;
/*!40101 SET character_set_client = utf8 */;
CREATE TABLE `rooms_steps_status` (
  `room_id` int(10) unsigned NOT NULL,
  `basics` enum('0','1') COLLATE utf8_unicode_ci NOT NULL DEFAULT '0',
  `description` enum('0','1') COLLATE utf8_unicode_ci NOT NULL DEFAULT '0',
  `location` enum('0','1') COLLATE utf8_unicode_ci NOT NULL DEFAULT '0',
  `photos` enum('0','1') COLLATE utf8_unicode_ci NOT NULL DEFAULT '0',
  `pricing` enum('0','1') COLLATE utf8_unicode_ci NOT NULL DEFAULT '0',
  `calendar` enum('0','1') COLLATE utf8_unicode_ci NOT NULL DEFAULT '0',
  UNIQUE KEY `rooms_steps_status_room_id_unique` (`room_id`)
) ENGINE=MyISAM DEFAULT CHARSET=utf8 COLLATE=utf8_unicode_ci;
/*!40101 SET character_set_client = @saved_cs_client */;

--
-- Dumping data for table `rooms_steps_status`
--

LOCK TABLES `rooms_steps_status` WRITE;
/*!40000 ALTER TABLE `rooms_steps_status` DISABLE KEYS */;
INSERT INTO `rooms_steps_status` VALUES (10001,'0','1','1','1','1','1'),(10002,'1','1','1','1','1','1'),(10003,'0','0','0','0','0','0'),(10004,'1','1','0','1','1','0'),(10005,'1','1','1','1','1','1'),(10006,'1','1','1','1','1','1'),(10007,'1','1','0','0','0','0'),(10008,'1','1','1','1','1','1'),(10009,'1','1','1','1','1','1'),(10010,'1','1','1','1','1','1'),(10011,'1','1','1','1','1','1'),(10012,'1','1','1','1','1','1'),(10013,'1','1','1','1','1','1'),(10014,'1','1','1','1','1','1'),(10015,'0','0','0','0','0','0'),(10016,'0','1','1','1','1','1'),(10017,'1','1','1','1','1','1'),(10018,'0','0','0','0','0','0'),(10019,'1','0','0','0','0','0'),(10020,'0','0','0','0','0','0');
/*!40000 ALTER TABLE `rooms_steps_status` ENABLE KEYS */;
UNLOCK TABLES;

--
-- Table structure for table `saved_wishlists`
--

DROP TABLE IF EXISTS `saved_wishlists`;
/*!40101 SET @saved_cs_client     = @@character_set_client */;
/*!40101 SET character_set_client = utf8 */;
CREATE TABLE `saved_wishlists` (
  `id` int(10) unsigned NOT NULL AUTO_INCREMENT,
  `user_id` int(10) unsigned NOT NULL,
  `room_id` int(10) unsigned NOT NULL,
  `wishlist_id` int(10) unsigned NOT NULL,
  `note` text COLLATE utf8_unicode_ci NOT NULL,
  PRIMARY KEY (`id`),
  KEY `saved_wishlists_user_id_foreign` (`user_id`),
  KEY `saved_wishlists_room_id_foreign` (`room_id`),
  KEY `saved_wishlists_wishlist_id_foreign` (`wishlist_id`)
) ENGINE=MyISAM DEFAULT CHARSET=utf8 COLLATE=utf8_unicode_ci;
/*!40101 SET character_set_client = @saved_cs_client */;

--
-- Dumping data for table `saved_wishlists`
--

LOCK TABLES `saved_wishlists` WRITE;
/*!40000 ALTER TABLE `saved_wishlists` DISABLE KEYS */;
/*!40000 ALTER TABLE `saved_wishlists` ENABLE KEYS */;
UNLOCK TABLES;

--
-- Table structure for table `sessions`
--

DROP TABLE IF EXISTS `sessions`;
/*!40101 SET @saved_cs_client     = @@character_set_client */;
/*!40101 SET character_set_client = utf8 */;
CREATE TABLE `sessions` (
  `id` varchar(255) COLLATE utf8_unicode_ci NOT NULL,
  `payload` text COLLATE utf8_unicode_ci NOT NULL,
  `last_activity` int(11) NOT NULL,
  UNIQUE KEY `sessions_id_unique` (`id`)
) ENGINE=MyISAM DEFAULT CHARSET=utf8 COLLATE=utf8_unicode_ci;
/*!40101 SET character_set_client = @saved_cs_client */;

--
-- Dumping data for table `sessions`
--

LOCK TABLES `sessions` WRITE;
/*!40000 ALTER TABLE `sessions` DISABLE KEYS */;
INSERT INTO `sessions` VALUES ('89bb75ebd96f2c97d607a07197334a708a3c1f1c','YTo3OntzOjg6ImN1cnJlbmN5IjtzOjM6IlVTRCI7czo2OiJzeW1ib2wiO3M6NToiJiMzNjsiO3M6ODoibGFuZ3VhZ2UiO3M6MjoiZW4iO3M6NjoiX3Rva2VuIjtzOjQwOiJvU0d3dVlFMTdVNnpEc0VjZzhHYWtIWFhEUDljVFpwa2lRaTUzS2FSIjtzOjk6Il9wcmV2aW91cyI7YToxOntzOjM6InVybCI7czozMDoiaHR0cDovL3d3dy5hZGRhZGVzay5jb20vaW52aXRlIjt9czo5OiJfc2YyX21ldGEiO2E6Mzp7czoxOiJ1IjtpOjE0NzMyNDcxNTI7czoxOiJjIjtpOjE0NzMyNDcxNTI7czoxOiJsIjtzOjE6IjAiO31zOjU6ImZsYXNoIjthOjI6e3M6Mzoib2xkIjthOjA6e31zOjM6Im5ldyI7YTowOnt9fX0=',1473247152),('26f31c19e1ef2afaef6689275cb4b0445431982e','YTo3OntzOjg6ImN1cnJlbmN5IjtzOjM6IlVTRCI7czo2OiJzeW1ib2wiO3M6NToiJiMzNjsiO3M6ODoibGFuZ3VhZ2UiO3M6MjoiZW4iO3M6NjoiX3Rva2VuIjtzOjQwOiJtQ1Zta2dEdUpCMUd6NHhON0tpaFdjQTVxWG1rVUNncjJVRWQ4dlhOIjtzOjk6Il9wcmV2aW91cyI7YToxOntzOjM6InVybCI7czoyODoiaHR0cDovL3d3dy5hZGRhZGVzay5jb20vaGVscCI7fXM6OToiX3NmMl9tZXRhIjthOjM6e3M6MToidSI7aToxNDczMjQ3MTUwO3M6MToiYyI7aToxNDczMjQ3MTUwO3M6MToibCI7czoxOiIwIjt9czo1OiJmbGFzaCI7YToyOntzOjM6Im9sZCI7YTowOnt9czozOiJuZXciO2E6MDp7fX19',1473247150),('cdd048bfa9207d2249e4b59b319de306fd641901','YTo4OntzOjg6ImN1cnJlbmN5IjtzOjM6IlVTRCI7czo2OiJzeW1ib2wiO3M6NToiJiMzNjsiO3M6ODoibGFuZ3VhZ2UiO3M6MjoiZW4iO3M6NjoiX3Rva2VuIjtzOjQwOiJRVFZQUlZMa2tGb2gyYWREY0h5TGx0U1JzQkZuQXVhWmowSlp5dHg1IjtzOjM6InVybCI7YToxOntzOjg6ImludGVuZGVkIjtzOjM3OiJodHRwOi8vd3d3LmFkZGFkZXNrLmNvbS90cmlwcy9jdXJyZW50Ijt9czo5OiJfcHJldmlvdXMiO2E6MTp7czozOiJ1cmwiO3M6Mzc6Imh0dHA6Ly93d3cuYWRkYWRlc2suY29tL3RyaXBzL2N1cnJlbnQiO31zOjk6Il9zZjJfbWV0YSI7YTozOntzOjE6InUiO2k6MTQ3MzI0NzE0NTtzOjE6ImMiO2k6MTQ3MzI0NzE0NTtzOjE6ImwiO3M6MToiMCI7fXM6NToiZmxhc2giO2E6Mjp7czozOiJvbGQiO2E6MDp7fXM6MzoibmV3IjthOjA6e319fQ==',1473247145),('f49cea6d0a31c8434fe2839855a57653eb6fffd5','YTo3OntzOjg6ImN1cnJlbmN5IjtzOjM6IlVTRCI7czo2OiJzeW1ib2wiO3M6NToiJiMzNjsiO3M6ODoibGFuZ3VhZ2UiO3M6MjoiZW4iO3M6NjoiX3Rva2VuIjtzOjQwOiJiZ05ZTExpc2dsRkRBREhWSmV2UzFrZzR1cXdLcFVnQ2ZxQjBsSENJIjtzOjk6Il9wcmV2aW91cyI7YToxOntzOjM6InVybCI7czoyNToiaHR0cDovL3d3dy5hZGRhZGVzay5jb20vcyI7fXM6OToiX3NmMl9tZXRhIjthOjM6e3M6MToidSI7aToxNDczMjQ3MTQ3O3M6MToiYyI7aToxNDczMjQ3MTQ3O3M6MToibCI7czoxOiIwIjt9czo1OiJmbGFzaCI7YToyOntzOjM6Im9sZCI7YTowOnt9czozOiJuZXciO2E6MDp7fX19',1473247148),('94dc36f15d95496100e318b9a82ff72535000360','YTo4OntzOjg6ImN1cnJlbmN5IjtzOjM6IlVTRCI7czo2OiJzeW1ib2wiO3M6NToiJiMzNjsiO3M6ODoibGFuZ3VhZ2UiO3M6MjoiZW4iO3M6NjoiX3Rva2VuIjtzOjQwOiJveFk3RU9NSjNQRzIwOEdNRnFwOWVIbzJ6VjlWWjRRNUpMb25LQnNSIjtzOjM6InVybCI7YToxOntzOjg6ImludGVuZGVkIjtzOjI5OiJodHRwOi8vd3d3LmFkZGFkZXNrLmNvbS9yb29tcyI7fXM6OToiX3ByZXZpb3VzIjthOjE6e3M6MzoidXJsIjtzOjI5OiJodHRwOi8vd3d3LmFkZGFkZXNrLmNvbS9yb29tcyI7fXM6OToiX3NmMl9tZXRhIjthOjM6e3M6MToidSI7aToxNDczMjQ3MTQzO3M6MToiYyI7aToxNDczMjQ3MTQzO3M6MToibCI7czoxOiIwIjt9czo1OiJmbGFzaCI7YToyOntzOjM6Im9sZCI7YTowOnt9czozOiJuZXciO2E6MDp7fX19',1473247143),('91171bc1d0949cbda39f2e0e4050ec328f2efd5b','YTo3OntzOjg6ImN1cnJlbmN5IjtzOjM6IlVTRCI7czo2OiJzeW1ib2wiO3M6NToiJiMzNjsiO3M6ODoibGFuZ3VhZ2UiO3M6MjoiZW4iO3M6NjoiX3Rva2VuIjtzOjQwOiJnbGI5UzlrU1ZkSzFyVW5VVDNYTENhNGFUaUFHMk1qUEVUQWhrbEhoIjtzOjk6Il9wcmV2aW91cyI7YToxOntzOjM6InVybCI7czoyOToiaHR0cDovL3d3dy5hZGRhZGVzay5jb20vbG9naW4iO31zOjk6Il9zZjJfbWV0YSI7YTozOntzOjE6InUiO2k6MTQ3MzI0NzEzODtzOjE6ImMiO2k6MTQ3MzI0NzEzODtzOjE6ImwiO3M6MToiMCI7fXM6NToiZmxhc2giO2E6Mjp7czozOiJvbGQiO2E6MDp7fXM6MzoibmV3IjthOjA6e319fQ==',1473247138),('944181c0dce68124f897638c70a603425a29216e','YTo4OntzOjg6ImN1cnJlbmN5IjtzOjM6IlVTRCI7czo2OiJzeW1ib2wiO3M6NToiJiMzNjsiO3M6ODoibGFuZ3VhZ2UiO3M6MjoiZW4iO3M6NjoiX3Rva2VuIjtzOjQwOiJrWGRXV1VuVnl1Q2k3YjFZaklzUEJpMWhwZE1pYzRXdGxpdzc5ZkhJIjtzOjM6InVybCI7YToxOntzOjg6ImludGVuZGVkIjtzOjMzOiJodHRwOi8vd3d3LmFkZGFkZXNrLmNvbS9yb29tcy9uZXciO31zOjk6Il9wcmV2aW91cyI7YToxOntzOjM6InVybCI7czozMzoiaHR0cDovL3d3dy5hZGRhZGVzay5jb20vcm9vbXMvbmV3Ijt9czo5OiJfc2YyX21ldGEiO2E6Mzp7czoxOiJ1IjtpOjE0NzMyNDcxNDA7czoxOiJjIjtpOjE0NzMyNDcxNDA7czoxOiJsIjtzOjE6IjAiO31zOjU6ImZsYXNoIjthOjI6e3M6Mzoib2xkIjthOjA6e31zOjM6Im5ldyI7YTowOnt9fX0=',1473247140),('8200f148659131fa1088cee24459b027bd04bf52','YTo4OntzOjg6ImN1cnJlbmN5IjtzOjM6IlVTRCI7czo2OiJzeW1ib2wiO3M6NToiJiMzNjsiO3M6ODoibGFuZ3VhZ2UiO3M6MjoiZW4iO3M6NjoiX3Rva2VuIjtzOjQwOiI3bXJwbnRFN1FtaERTdkhiMHBZSGtsNmhUWWFRSGhZN3d2QnJtRk9zIjtzOjM6InVybCI7YToxOntzOjg6ImludGVuZGVkIjtzOjI5OiJodHRwOi8vd3d3LmFkZGFkZXNrLmNvbS9pbmJveCI7fXM6OToiX3ByZXZpb3VzIjthOjE6e3M6MzoidXJsIjtzOjI5OiJodHRwOi8vd3d3LmFkZGFkZXNrLmNvbS9pbmJveCI7fXM6OToiX3NmMl9tZXRhIjthOjM6e3M6MToidSI7aToxNDczMjQ3MTQxO3M6MToiYyI7aToxNDczMjQ3MTQxO3M6MToibCI7czoxOiIwIjt9czo1OiJmbGFzaCI7YToyOntzOjM6Im9sZCI7YTowOnt9czozOiJuZXciO2E6MDp7fX19',1473247141),('17bd479d0e9a90107cfa93330b4e5b1d1d3d6f93','YTo4OntzOjg6ImN1cnJlbmN5IjtzOjM6IlVTRCI7czo2OiJzeW1ib2wiO3M6NToiJiMzNjsiO3M6ODoibGFuZ3VhZ2UiO3M6MjoiZW4iO3M6NjoiX3Rva2VuIjtzOjQwOiJseGVOQUJSZVNxalB4ekwybnB3TEdhZTJoOVdwazk2VlVCTkZiUkFOIjtzOjg6InJlZmVycmFsIjtOO3M6OToiX3ByZXZpb3VzIjthOjE6e3M6MzoidXJsIjtzOjM2OiJodHRwOi8vd3d3LmFkZGFkZXNrLmNvbS9zaWdudXBfbG9naW4iO31zOjk6Il9zZjJfbWV0YSI7YTozOntzOjE6InUiO2k6MTQ3MzI0NzEzNjtzOjE6ImMiO2k6MTQ3MzI0NzEzNjtzOjE6ImwiO3M6MToiMCI7fXM6NToiZmxhc2giO2E6Mjp7czozOiJvbGQiO2E6MDp7fXM6MzoibmV3IjthOjA6e319fQ==',1473247136),('e851d766e163fab9e266f94844a20397f21d1b50','YTo3OntzOjg6ImN1cnJlbmN5IjtzOjM6IlVTRCI7czo2OiJzeW1ib2wiO3M6NToiJiMzNjsiO3M6ODoibGFuZ3VhZ2UiO3M6MjoiZW4iO3M6NjoiX3Rva2VuIjtzOjQwOiJXbDFoZzEwSE94WG55UWcxSmF6QlhTZEtETlpXNWpGalU4b3FhQ2FaIjtzOjk6Il9wcmV2aW91cyI7YToxOntzOjM6InVybCI7czozODoiaHR0cDovL3d3dy5hZGRhZGVzay5jb20vcHJpdmFjeV9wb2xpY3kiO31zOjk6Il9zZjJfbWV0YSI7YTozOntzOjE6InUiO2k6MTQ3MzI0NzEyODtzOjE6ImMiO2k6MTQ3MzI0NzEyODtzOjE6ImwiO3M6MToiMCI7fXM6NToiZmxhc2giO2E6Mjp7czozOiJvbGQiO2E6MDp7fXM6MzoibmV3IjthOjA6e319fQ==',1473247128),('fbb434c4699d4396f48db776d170f3f52ff5c33b','YTo3OntzOjg6ImN1cnJlbmN5IjtzOjM6IlVTRCI7czo2OiJzeW1ib2wiO3M6NToiJiMzNjsiO3M6ODoibGFuZ3VhZ2UiO3M6MjoiZW4iO3M6NjoiX3Rva2VuIjtzOjQwOiJkckFSeDk1dzJtZ2dUMTQ1aE1HYUlPM2tIODdqU24yaU9uNG5PSmpyIjtzOjk6Il9wcmV2aW91cyI7YToxOntzOjM6InVybCI7czozMjoiaHR0cDovL3d3dy5hZGRhZGVzay5jb20vYWJvdXRfdXMiO31zOjk6Il9zZjJfbWV0YSI7YTozOntzOjE6InUiO2k6MTQ3MzI0NzEzMTtzOjE6ImMiO2k6MTQ3MzI0NzEzMTtzOjE6ImwiO3M6MToiMCI7fXM6NToiZmxhc2giO2E6Mjp7czozOiJvbGQiO2E6MDp7fXM6MzoibmV3IjthOjA6e319fQ==',1473247131),('5686574619f77f70593d85858590d15b734861bc','YTo2OntzOjg6ImN1cnJlbmN5IjtzOjM6IlVTRCI7czo2OiJzeW1ib2wiO3M6NToiJiMzNjsiO3M6ODoibGFuZ3VhZ2UiO3M6MjoiZW4iO3M6NjoiX3Rva2VuIjtzOjQwOiIwbG9BUXZMQVJ0aFFrVmRFRGZLM0xGUUVaRzV3OHY5bHBXaEtzS3ZIIjtzOjk6Il9zZjJfbWV0YSI7YTozOntzOjE6InUiO2k6MTQ3MzI0NzEzMztzOjE6ImMiO2k6MTQ3MzI0NzEzMztzOjE6ImwiO3M6MToiMCI7fXM6NToiZmxhc2giO2E6Mjp7czozOiJvbGQiO2E6MDp7fXM6MzoibmV3IjthOjA6e319fQ==',1473247134),('dc6f348dd6a268b2cb881fcc8f46479ea12c634e','YTo3OntzOjg6ImN1cnJlbmN5IjtzOjM6IlVTRCI7czo2OiJzeW1ib2wiO3M6NToiJiMzNjsiO3M6ODoibGFuZ3VhZ2UiO3M6MjoiZW4iO3M6NjoiX3Rva2VuIjtzOjQwOiJTZVNtSnNmTjNKN0ZtdUlXRk8yUHNFTTlJTHl2MVRtSmlwY3RLZVc0IjtzOjk6Il9wcmV2aW91cyI7YToxOntzOjM6InVybCI7czoyMzoiaHR0cDovL3d3dy5hZGRhZGVzay5jb20iO31zOjk6Il9zZjJfbWV0YSI7YTozOntzOjE6InUiO2k6MTQ3MzI0NzEyNDtzOjE6ImMiO2k6MTQ3MzI0NzEyNDtzOjE6ImwiO3M6MToiMCI7fXM6NToiZmxhc2giO2E6Mjp7czozOiJvbGQiO2E6MDp7fXM6MzoibmV3IjthOjA6e319fQ==',1473247124),('ceecd8112a6290468c80343237d4f630f70cb0fb','YTo3OntzOjg6ImN1cnJlbmN5IjtzOjM6IlVTRCI7czo2OiJzeW1ib2wiO3M6NToiJiMzNjsiO3M6ODoibGFuZ3VhZ2UiO3M6MjoiZW4iO3M6NjoiX3Rva2VuIjtzOjQwOiJpbnF3WEd5eGF4Q0tEVWduVk90Z1RHaFlwV3FIY01zVGs4OVg0UGhaIjtzOjk6Il9wcmV2aW91cyI7YToxOntzOjM6InVybCI7czoyMzoiaHR0cDovL3d3dy5hZGRhZGVzay5jb20iO31zOjk6Il9zZjJfbWV0YSI7YTozOntzOjE6InUiO2k6MTQ3MzI0NzExNjtzOjE6ImMiO2k6MTQ3MzI0NzExNjtzOjE6ImwiO3M6MToiMCI7fXM6NToiZmxhc2giO2E6Mjp7czozOiJvbGQiO2E6MDp7fXM6MzoibmV3IjthOjA6e319fQ==',1473247116),('2ae301c4d645ad71d1974b2eb259dd6e77a9dfeb','YTo3OntzOjg6ImN1cnJlbmN5IjtzOjM6IlVTRCI7czo2OiJzeW1ib2wiO3M6NToiJiMzNjsiO3M6ODoibGFuZ3VhZ2UiO3M6MjoiZW4iO3M6NjoiX3Rva2VuIjtzOjQwOiJYSjhIWjloYklEMkY1U2J0ZHBLWE1obktURHFBTDIyZUJrRTRPUkY0IjtzOjk6Il9wcmV2aW91cyI7YToxOntzOjM6InVybCI7czoxOToiaHR0cDovL2FkZGFkZXNrLmNvbSI7fXM6OToiX3NmMl9tZXRhIjthOjM6e3M6MToidSI7aToxNDczMjQ2NTI0O3M6MToiYyI7aToxNDczMjQ2NTI0O3M6MToibCI7czoxOiIwIjt9czo1OiJmbGFzaCI7YToyOntzOjM6Im9sZCI7YTowOnt9czozOiJuZXciO2E6MDp7fX19',1473246526),('498d87091ed55313e240e8e8577aee8152c71f2e','YTo3OntzOjg6ImN1cnJlbmN5IjtzOjM6IklOUiI7czo2OiJzeW1ib2wiO3M6ODoiJiN4MjBCOTsiO3M6ODoibGFuZ3VhZ2UiO3M6MjoiZW4iO3M6NjoiX3Rva2VuIjtzOjQwOiJObjkzNm02U3I3blVNZTd3anZOYzdaRXNITkZybzdmY2MyOGNYUWZMIjtzOjk6Il9wcmV2aW91cyI7YToxOntzOjM6InVybCI7czoxOToiaHR0cDovL2FkZGFkZXNrLmNvbSI7fXM6NToiZmxhc2giO2E6Mjp7czozOiJvbGQiO2E6MDp7fXM6MzoibmV3IjthOjA6e319czo5OiJfc2YyX21ldGEiO2E6Mzp7czoxOiJ1IjtpOjE0NzMyNDA2ODA7czoxOiJjIjtpOjE0NzMyNDA2NzY7czoxOiJsIjtzOjE6IjAiO319',1473240680),('36e50aacc9320e8808b0ab23c7a7223502cadedd','YTo3OntzOjg6ImN1cnJlbmN5IjtzOjM6IlNHRCI7czo2OiJzeW1ib2wiO3M6NToiJiMzNjsiO3M6ODoibGFuZ3VhZ2UiO3M6MjoiZW4iO3M6NjoiX3Rva2VuIjtzOjQwOiJuODhHZXRWd2Q3alczaFE0S0xsUmI3TkswZU1INzNBZjlZZng5Q1kzIjtzOjk6Il9wcmV2aW91cyI7YToxOntzOjM6InVybCI7czoxOToiaHR0cDovL2FkZGFkZXNrLmNvbSI7fXM6OToiX3NmMl9tZXRhIjthOjM6e3M6MToidSI7aToxNDczMjkxNjk4O3M6MToiYyI7aToxNDczMjkxNjk4O3M6MToibCI7czoxOiIwIjt9czo1OiJmbGFzaCI7YToyOntzOjM6Im9sZCI7YTowOnt9czozOiJuZXciO2E6MDp7fX19',1473291698),('ee39338a89357a6e31afc70429646049794dcdbc','YTo3OntzOjg6ImN1cnJlbmN5IjtzOjM6IkNOWSI7czo2OiJzeW1ib2wiO3M6NjoiJiMxNjU7IjtzOjg6Imxhbmd1YWdlIjtzOjI6ImVuIjtzOjY6Il90b2tlbiI7czo0MDoiSUR4RUdRZnNHbDV1TlpkVjZYUGNlR2pvVlRCSU1xc1o2SmxBNkx6WSI7czo5OiJfcHJldmlvdXMiO2E6MTp7czozOiJ1cmwiO3M6MTk6Imh0dHA6Ly9hZGRhZGVzay5jb20iO31zOjk6Il9zZjJfbWV0YSI7YTozOntzOjE6InUiO2k6MTQ3MzI5Mjc3NjtzOjE6ImMiO2k6MTQ3MzI5Mjc3NjtzOjE6ImwiO3M6MToiMCI7fXM6NToiZmxhc2giO2E6Mjp7czozOiJvbGQiO2E6MDp7fXM6MzoibmV3IjthOjA6e319fQ==',1473292776),('7fa51e0f17f9f5ce41d956c25e5a47541d69b945','YTo3OntzOjg6ImN1cnJlbmN5IjtzOjM6IlVTRCI7czo2OiJzeW1ib2wiO3M6NToiJiMzNjsiO3M6ODoibGFuZ3VhZ2UiO3M6MjoiZW4iO3M6NjoiX3Rva2VuIjtzOjQwOiJ6dDZNeHM2TlZXOWZTWlBMYTYzTUZzemJBWTFUcXVjMFNkZjZUelZmIjtzOjk6Il9wcmV2aW91cyI7YToxOntzOjM6InVybCI7czoyMzoiaHR0cDovL3d3dy5hZGRhZGVzay5jb20iO31zOjk6Il9zZjJfbWV0YSI7YTozOntzOjE6InUiO2k6MTQ3MzI5NTQ3MztzOjE6ImMiO2k6MTQ3MzI5NTQ3MztzOjE6ImwiO3M6MToiMCI7fXM6NToiZmxhc2giO2E6Mjp7czozOiJvbGQiO2E6MDp7fXM6MzoibmV3IjthOjA6e319fQ==',1473295473),('3aaf96a0d887255228ff3fb8cf05737bf0cf8722','YTo3OntzOjg6ImN1cnJlbmN5IjtzOjM6IlVTRCI7czo2OiJzeW1ib2wiO3M6NToiJiMzNjsiO3M6ODoibGFuZ3VhZ2UiO3M6MjoiZW4iO3M6NjoiX3Rva2VuIjtzOjQwOiJpY1JVN21veGpCRzVuZ0laTUdlZzZpYktxQU90OVZFMUlQR29YOTBEIjtzOjk6Il9wcmV2aW91cyI7YToxOntzOjM6InVybCI7czoxOToiaHR0cDovL2FkZGFkZXNrLmNvbSI7fXM6OToiX3NmMl9tZXRhIjthOjM6e3M6MToidSI7aToxNDczMjk1NzQwO3M6MToiYyI7aToxNDczMjk1NzQwO3M6MToibCI7czoxOiIwIjt9czo1OiJmbGFzaCI7YToyOntzOjM6Im9sZCI7YTowOnt9czozOiJuZXciO2E6MDp7fX19',1473295740),('4d7a8ce044fb49d450d304e3204576a119ec6003','YToxNjp7czo4OiJjdXJyZW5jeSI7czozOiJQSFAiO3M6Njoic3ltYm9sIjtzOjE6IlAiO3M6ODoibGFuZ3VhZ2UiO3M6MjoiZW4iO3M6NjoiX3Rva2VuIjtzOjQwOiJRM0laSkhJTnRzdzUxUFk5NmlDS1V6Wk5MTVhUMjdwSXRZY2xhSzNXIjtzOjk6Il9wcmV2aW91cyI7YToxOntzOjM6InVybCI7czo1MDoiaHR0cDovL2Rldi5hZGRhZGVzay5jb20vcGNzcz9jc3M9Y3NzJTJGZHluYW1pYy5jc3MiO31zOjU6ImZsYXNoIjthOjI6e3M6Mzoib2xkIjthOjA6e31zOjM6Im5ldyI7YTowOnt9fXM6MTI6InJlbnRhbHR5cGVpZCI7YToxOntpOjA7aTozO31zOjM6InVybCI7YTowOnt9czo0MzoibG9naW5fdXNlcl81YWIxODM3ZTkxMjQ1YmY1MTM0NDJjNzA4YjUwMjU0ZCI7aToxMDAwMTtzOjE1OiJwYXltZW50X3Jvb21faWQiO3M6NToiMTAwMTIiO3M6MTU6InBheW1lbnRfY2hlY2tpbiI7czoxMDoiMTYtMDktMjAxNiI7czoxNjoicGF5bWVudF9jaGVja291dCI7czoxMDoiMTctMDktMjAxNiI7czoyNDoicGF5bWVudF9udW1iZXJfb2ZfZ3Vlc3RzIjtzOjE6IjEiO3M6MjA6InBheW1lbnRfYm9va2luZ190eXBlIjtzOjA6IiI7czoxODoicGF5bWVudF9wcmljZV9saXN0IjtPOjg6InN0ZENsYXNzIjoxMzp7czoxNjoiYWRkaXRpb25hbF9ndWVzdCI7aTowO3M6MTI6InNlY3VyaXR5X2ZlZSI7aTowO3M6MTI6ImNsZWFuaW5nX2ZlZSI7aTowO3M6MTM6ImNvdXBvbl9hbW91bnQiO2k6MDtzOjE3OiJ0b3RhbF9uaWdodF9wcmljZSI7aTozMDM3O3M6MTE6InJvb21zX3ByaWNlIjtpOjMwMzc7czoxMjoidG90YWxfbmlnaHRzIjtzOjE6IjEiO3M6MTE6InNlcnZpY2VfZmVlIjtzOjM6IjE1MiI7czo4OiJob3N0X2ZlZSI7czoxOiIwIjtzOjU6InRvdGFsIjtpOjMxODk7czo2OiJwYXlvdXQiO2k6MzAzNztzOjg6InN1YnRvdGFsIjtpOjMwMzc7czo4OiJjdXJyZW5jeSI7czozOiJQSFAiO31zOjk6Il9zZjJfbWV0YSI7YTozOntzOjE6InUiO2k6MTQ3MzI5Nzc2MztzOjE6ImMiO2k6MTQ3MzI5NTExODtzOjE6ImwiO3M6MToiMCI7fX0=',1473297763),('2f5d88fa824b240b6b3d58aefcbfd7d84d0a2435','YTo3OntzOjg6ImN1cnJlbmN5IjtzOjM6IlVTRCI7czo2OiJzeW1ib2wiO3M6NToiJiMzNjsiO3M6ODoibGFuZ3VhZ2UiO3M6MjoiZW4iO3M6NjoiX3Rva2VuIjtzOjQwOiJYZmUxMVMya0dIaURTRmpaODdIaUlreGphUm82QnZObHoyQnhKcUZWIjtzOjk6Il9wcmV2aW91cyI7YToxOntzOjM6InVybCI7czoxOToiaHR0cDovL2FkZGFkZXNrLmNvbSI7fXM6NToiZmxhc2giO2E6Mjp7czozOiJvbGQiO2E6MDp7fXM6MzoibmV3IjthOjA6e319czo5OiJfc2YyX21ldGEiO2E6Mzp7czoxOiJ1IjtpOjE0NzMyODcwNzU7czoxOiJjIjtpOjE0NzMyODcwNjE7czoxOiJsIjtzOjE6IjAiO319',1473287075),('d3e5085afa8a8f5a6d09b5d24b2dc1d78a3121c3','YTo3OntzOjg6ImN1cnJlbmN5IjtzOjM6IlVTRCI7czo2OiJzeW1ib2wiO3M6NToiJiMzNjsiO3M6ODoibGFuZ3VhZ2UiO3M6MjoiZW4iO3M6NjoiX3Rva2VuIjtzOjQwOiJkTVJBdE9NYWtqbU9Ha1NXczlqeU9WNFJLUXRCTWwxd2ZrbHo5ZUlsIjtzOjk6Il9wcmV2aW91cyI7YToxOntzOjM6InVybCI7czoyMzoiaHR0cDovL3d3dy5hZGRhZGVzay5jb20iO31zOjk6Il9zZjJfbWV0YSI7YTozOntzOjE6InUiO2k6MTQ3MzI4MjYyNDtzOjE6ImMiO2k6MTQ3MzI4MjYyNDtzOjE6ImwiO3M6MToiMCI7fXM6NToiZmxhc2giO2E6Mjp7czozOiJvbGQiO2E6MDp7fXM6MzoibmV3IjthOjA6e319fQ==',1473282624),('3b775bee157934bc1ead2951d425acff2cfee9f9','YTo4OntzOjg6ImN1cnJlbmN5IjtzOjM6IlVTRCI7czo2OiJzeW1ib2wiO3M6NToiJiMzNjsiO3M6ODoibGFuZ3VhZ2UiO3M6MjoiZW4iO3M6NjoiX3Rva2VuIjtzOjQwOiJqQmozZUhxRG5OU0NENVI1MWhyNjJiUzJYVDBxMmZCY21CYkxoWjdtIjtzOjg6InJlZmVycmFsIjtOO3M6OToiX3ByZXZpb3VzIjthOjE6e3M6MzoidXJsIjtzOjMyOiJodHRwOi8vYWRkYWRlc2suY29tL3NpZ251cF9sb2dpbiI7fXM6OToiX3NmMl9tZXRhIjthOjM6e3M6MToidSI7aToxNDczMjc3NDI2O3M6MToiYyI7aToxNDczMjc3NDI2O3M6MToibCI7czoxOiIwIjt9czo1OiJmbGFzaCI7YToyOntzOjM6Im9sZCI7YTowOnt9czozOiJuZXciO2E6MDp7fX19',1473277426),('78de06545c8d59b503d37c5f72b305066526fb15','YTo3OntzOjg6ImN1cnJlbmN5IjtzOjM6IkNOWSI7czo2OiJzeW1ib2wiO3M6NjoiJiMxNjU7IjtzOjg6Imxhbmd1YWdlIjtzOjI6ImVuIjtzOjY6Il90b2tlbiI7czo0MDoiSERUMGVjbFhHTUNNNzdTb0swV0tLRVlHajNLcWZuT2VwMkx6V0FOdSI7czo5OiJfcHJldmlvdXMiO2E6MTp7czozOiJ1cmwiO3M6MjM6Imh0dHA6Ly93d3cuYWRkYWRlc2suY29tIjt9czo5OiJfc2YyX21ldGEiO2E6Mzp7czoxOiJ1IjtpOjE0NzMyNzcyMjc7czoxOiJjIjtpOjE0NzMyNzcyMjc7czoxOiJsIjtzOjE6IjAiO31zOjU6ImZsYXNoIjthOjI6e3M6Mzoib2xkIjthOjA6e31zOjM6Im5ldyI7YTowOnt9fX0=',1473277227),('4d3a72700ff7bdedd07e99ed989e01896acf14e2','YTo3OntzOjg6ImN1cnJlbmN5IjtzOjM6IlVTRCI7czo2OiJzeW1ib2wiO3M6NToiJiMzNjsiO3M6ODoibGFuZ3VhZ2UiO3M6MjoiZW4iO3M6NjoiX3Rva2VuIjtzOjQwOiJtVjR2MXV5b0Z0ckNwbGE3Q0RRd1ZmZTdBSFlITExXN3lROVA2OEdHIjtzOjk6Il9wcmV2aW91cyI7YToxOntzOjM6InVybCI7czoxOToiaHR0cDovL2FkZGFkZXNrLmNvbSI7fXM6OToiX3NmMl9tZXRhIjthOjM6e3M6MToidSI7aToxNDczMjc1Mzg5O3M6MToiYyI7aToxNDczMjc1Mzg5O3M6MToibCI7czoxOiIwIjt9czo1OiJmbGFzaCI7YToyOntzOjM6Im9sZCI7YTowOnt9czozOiJuZXciO2E6MDp7fX19',1473275389),('4e9b231c3e99dd03502fcdd6f72340dc8fcc734b','YTo3OntzOjg6ImN1cnJlbmN5IjtzOjM6IlVTRCI7czo2OiJzeW1ib2wiO3M6NToiJiMzNjsiO3M6ODoibGFuZ3VhZ2UiO3M6MjoiZW4iO3M6NjoiX3Rva2VuIjtzOjQwOiI5cFRyS2h3TzN3cFc5eWRtYmpBUGwxd0JTZlliM1VjbTFmZGNPQ0w1IjtzOjk6Il9wcmV2aW91cyI7YToxOntzOjM6InVybCI7czozNDoiaHR0cDovL2FkZGFkZXNrLmNvbS9ob3N0X2d1YXJhbnRlZSI7fXM6OToiX3NmMl9tZXRhIjthOjM6e3M6MToidSI7aToxNDczMjc0MTAwO3M6MToiYyI7aToxNDczMjc0MTAwO3M6MToibCI7czoxOiIwIjt9czo1OiJmbGFzaCI7YToyOntzOjM6Im9sZCI7YTowOnt9czozOiJuZXciO2E6MDp7fX19',1473274100),('b7badd86e7dade196c00e2046e4036680cc76af2','YTo3OntzOjg6ImN1cnJlbmN5IjtzOjM6IlVTRCI7czo2OiJzeW1ib2wiO3M6NToiJiMzNjsiO3M6ODoibGFuZ3VhZ2UiO3M6MjoiZW4iO3M6NjoiX3Rva2VuIjtzOjQwOiJjTnAzZW1lVENBUmRRcWF1bWxvMUJ5bEdVbDFEdEJCSWRENnROWHhMIjtzOjk6Il9wcmV2aW91cyI7YToxOntzOjM6InVybCI7czoyMzoiaHR0cDovL3d3dy5hZGRhZGVzay5jb20iO31zOjk6Il9zZjJfbWV0YSI7YTozOntzOjE6InUiO2k6MTQ3MzI3NDQ0ODtzOjE6ImMiO2k6MTQ3MzI3NDQ0ODtzOjE6ImwiO3M6MToiMCI7fXM6NToiZmxhc2giO2E6Mjp7czozOiJvbGQiO2E6MDp7fXM6MzoibmV3IjthOjA6e319fQ==',1473274449),('5e493ea204ab223c851db57756fffb1d58502479','YTo3OntzOjg6ImN1cnJlbmN5IjtzOjM6IlVTRCI7czo2OiJzeW1ib2wiO3M6NToiJiMzNjsiO3M6ODoibGFuZ3VhZ2UiO3M6MjoiZW4iO3M6NjoiX3Rva2VuIjtzOjQwOiJ5YWgycXE5RVh5QTY3U203YWhtN25sNHNhYTYwRXB4TlB5enZ1b0xaIjtzOjk6Il9wcmV2aW91cyI7YToxOntzOjM6InVybCI7czo0NjoiaHR0cDovL2FkZGFkZXNrLmNvbS9wY3NzP2Nzcz1jc3MlMkZkeW5hbWljLmNzcyI7fXM6NToiZmxhc2giO2E6Mjp7czozOiJvbGQiO2E6MDp7fXM6MzoibmV3IjthOjA6e319czo5OiJfc2YyX21ldGEiO2E6Mzp7czoxOiJ1IjtpOjE0NzMyNjY0NTE7czoxOiJjIjtpOjE0NzMyNjY0NDg7czoxOiJsIjtzOjE6IjAiO319',1473266452),('54ed76365a047377898dce00ebaf091a5ea62c21','YTo3OntzOjg6ImN1cnJlbmN5IjtzOjM6IlVTRCI7czo2OiJzeW1ib2wiO3M6NToiJiMzNjsiO3M6ODoibGFuZ3VhZ2UiO3M6MjoiZW4iO3M6NjoiX3Rva2VuIjtzOjQwOiIzcmtNSE1wbUtzRnk1NDJXd2I3Y0lRTHI0RzVqNG9yTUM1S3Zmd055IjtzOjk6Il9wcmV2aW91cyI7YToxOntzOjM6InVybCI7czozNDoiaHR0cDovL2FkZGFkZXNrLmNvbS9ob3N0X2d1YXJhbnRlZSI7fXM6OToiX3NmMl9tZXRhIjthOjM6e3M6MToidSI7aToxNDczMjYwOTgwO3M6MToiYyI7aToxNDczMjYwOTgwO3M6MToibCI7czoxOiIwIjt9czo1OiJmbGFzaCI7YToyOntzOjM6Im9sZCI7YTowOnt9czozOiJuZXciO2E6MDp7fX19',1473260980),('3e4298c66e1a0654f592a4abea9c267a8568dcfc','YTo2OntzOjg6ImN1cnJlbmN5IjtzOjM6IlVTRCI7czo2OiJzeW1ib2wiO3M6NToiJiMzNjsiO3M6ODoibGFuZ3VhZ2UiO3M6MjoiZW4iO3M6NjoiX3Rva2VuIjtzOjQwOiJVWjQxN1pESTV2Qlg2dmtxcDdyY0ZMaWlpaW9HUTZ4RkVmWXhNSWdlIjtzOjk6Il9zZjJfbWV0YSI7YTozOntzOjE6InUiO2k6MTQ3MzI1NjIxNjtzOjE6ImMiO2k6MTQ3MzI1NjIxNjtzOjE6ImwiO3M6MToiMCI7fXM6NToiZmxhc2giO2E6Mjp7czozOiJvbGQiO2E6MDp7fXM6MzoibmV3IjthOjA6e319fQ==',1473256216),('b09e8b3c6a5eea6b1028a91a97a8cc287a4321c0','YTo3OntzOjg6ImN1cnJlbmN5IjtzOjM6IlVTRCI7czo2OiJzeW1ib2wiO3M6NToiJiMzNjsiO3M6ODoibGFuZ3VhZ2UiO3M6MjoiZW4iO3M6NjoiX3Rva2VuIjtzOjQwOiJoaGlMUnNBQ0QxdHFFdEVXMkhLSHBpUG5WWEViU1VOVVozbzF2VzFsIjtzOjk6Il9wcmV2aW91cyI7YToxOntzOjM6InVybCI7czoxOToiaHR0cDovL2FkZGFkZXNrLmNvbSI7fXM6OToiX3NmMl9tZXRhIjthOjM6e3M6MToidSI7aToxNDczMjU0NjQwO3M6MToiYyI7aToxNDczMjU0NjQwO3M6MToibCI7czoxOiIwIjt9czo1OiJmbGFzaCI7YToyOntzOjM6Im9sZCI7YTowOnt9czozOiJuZXciO2E6MDp7fX19',1473254640),('cd1c03ee07c48fc724c0d35d6e145963e761aa6e','YTo3OntzOjg6ImN1cnJlbmN5IjtzOjM6IlVTRCI7czo2OiJzeW1ib2wiO3M6NToiJiMzNjsiO3M6ODoibGFuZ3VhZ2UiO3M6MjoiZW4iO3M6NjoiX3Rva2VuIjtzOjQwOiJSTGRtaVNJenJMREV0Qkl2Q3hza2d1MndGT0U2SlFZVWROM3dFV0lhIjtzOjk6Il9wcmV2aW91cyI7YToxOntzOjM6InVybCI7czoxOToiaHR0cDovL2FkZGFkZXNrLmNvbSI7fXM6NToiZmxhc2giO2E6Mjp7czozOiJvbGQiO2E6MDp7fXM6MzoibmV3IjthOjA6e319czo5OiJfc2YyX21ldGEiO2E6Mzp7czoxOiJ1IjtpOjE0NzMyNTU1NTc7czoxOiJjIjtpOjE0NzMyNTU1NTI7czoxOiJsIjtzOjE6IjAiO319',1473255557),('cc3303b33a9ac2d99dae5fa4d027c1903a5afd00','YTo3OntzOjg6ImN1cnJlbmN5IjtzOjM6IlVTRCI7czo2OiJzeW1ib2wiO3M6NToiJiMzNjsiO3M6ODoibGFuZ3VhZ2UiO3M6MjoiZW4iO3M6NjoiX3Rva2VuIjtzOjQwOiJUVkNBUlFFNVcxUW9JaWdOQlBVUXBHYVhEWVAzcm8zWDF1T0Z1TFNzIjtzOjk6Il9wcmV2aW91cyI7YToxOntzOjM6InVybCI7czoyMzoiaHR0cDovL3d3dy5hZGRhZGVzay5jb20iO31zOjk6Il9zZjJfbWV0YSI7YTozOntzOjE6InUiO2k6MTQ3MzI1MzYxMTtzOjE6ImMiO2k6MTQ3MzI1MzYxMTtzOjE6ImwiO3M6MToiMCI7fXM6NToiZmxhc2giO2E6Mjp7czozOiJvbGQiO2E6MDp7fXM6MzoibmV3IjthOjA6e319fQ==',1473253611),('f1f7a307b7e874b0d85e3fa33c3e7edc8daa50e3','YTo3OntzOjg6ImN1cnJlbmN5IjtzOjM6IlVTRCI7czo2OiJzeW1ib2wiO3M6NToiJiMzNjsiO3M6ODoibGFuZ3VhZ2UiO3M6MjoiZW4iO3M6NjoiX3Rva2VuIjtzOjQwOiJYZWhGalVvSVlXTzQzUWxuS2ZkS1BNWGhDRFEzWU81eVJvOFJhaFI3IjtzOjk6Il9wcmV2aW91cyI7YToxOntzOjM6InVybCI7czoyODoiaHR0cDovL2FkZGFkZXNrLmNvbS9hYm91dF91cyI7fXM6OToiX3NmMl9tZXRhIjthOjM6e3M6MToidSI7aToxNDczMjUyMjI5O3M6MToiYyI7aToxNDczMjUyMjI5O3M6MToibCI7czoxOiIwIjt9czo1OiJmbGFzaCI7YToyOntzOjM6Im9sZCI7YTowOnt9czozOiJuZXciO2E6MDp7fX19',1473252229),('966523e1f97f0c51a3bf259f0b2ee8241477f20c','YTo3OntzOjg6ImN1cnJlbmN5IjtzOjM6IlVTRCI7czo2OiJzeW1ib2wiO3M6NToiJiMzNjsiO3M6ODoibGFuZ3VhZ2UiO3M6MjoiZW4iO3M6NjoiX3Rva2VuIjtzOjQwOiJ4dHBGc3Q0bjl6UkdYajBCVnZ6bUZZS1R4cDBGQllrTFFvVGJpb1BJIjtzOjk6Il9wcmV2aW91cyI7YToxOntzOjM6InVybCI7czoyODoiaHR0cDovL2FkZGFkZXNrLmNvbS9hYm91dF91cyI7fXM6OToiX3NmMl9tZXRhIjthOjM6e3M6MToidSI7aToxNDczMjQ4MTcwO3M6MToiYyI7aToxNDczMjQ4MTcwO3M6MToibCI7czoxOiIwIjt9czo1OiJmbGFzaCI7YToyOntzOjM6Im9sZCI7YTowOnt9czozOiJuZXciO2E6MDp7fX19',1473248170),('ad779d3ffdeb1cb8de9af6eef690f00737ed658f','YTo3OntzOjg6ImN1cnJlbmN5IjtzOjM6IlVTRCI7czo2OiJzeW1ib2wiO3M6NToiJiMzNjsiO3M6ODoibGFuZ3VhZ2UiO3M6MjoiZW4iO3M6NjoiX3Rva2VuIjtzOjQwOiJKbVhoMldLTG9mTVM3QnlFT2dEckNXOXZmekJVdEpMS25KRE9hdzlFIjtzOjk6Il9wcmV2aW91cyI7YToxOntzOjM6InVybCI7czo0MToiaHR0cDovL3d3dy5hZGRhZGVzay5jb20vd2lzaGxpc3RzL3BvcHVsYXIiO31zOjk6Il9zZjJfbWV0YSI7YTozOntzOjE6InUiO2k6MTQ3MzI0NzE1ODtzOjE6ImMiO2k6MTQ3MzI0NzE1ODtzOjE6ImwiO3M6MToiMCI7fXM6NToiZmxhc2giO2E6Mjp7czozOiJvbGQiO2E6MDp7fXM6MzoibmV3IjthOjA6e319fQ==',1473247158),('9195e8023d4367efab1e1ac7fef3dca0639836a5','YTo3OntzOjg6ImN1cnJlbmN5IjtzOjM6IlVTRCI7czo2OiJzeW1ib2wiO3M6NToiJiMzNjsiO3M6ODoibGFuZ3VhZ2UiO3M6MjoiZW4iO3M6NjoiX3Rva2VuIjtzOjQwOiJiNW4zbTFCSWh2UUxWVVFUaEtOS3lNcmpheWFsSHhmVElmQnZ3dEg4IjtzOjk6Il9wcmV2aW91cyI7YToxOntzOjM6InVybCI7czo2NzoiaHR0cDovL3d3dy5hZGRhZGVzay5jb20vbG9naW4/X2dhPTEuMjM3NDcyMTI4LjEwMDYzMTc4NTUuMTQzNjY3NTExNiI7fXM6OToiX3NmMl9tZXRhIjthOjM6e3M6MToidSI7aToxNDczMjQ3MTU2O3M6MToiYyI7aToxNDczMjQ3MTU2O3M6MToibCI7czoxOiIwIjt9czo1OiJmbGFzaCI7YToyOntzOjM6Im9sZCI7YTowOnt9czozOiJuZXciO2E6MDp7fX19',1473247156),('43b831dbabe478df88ff309f6d4dc1c6bf97bea0','YTo3OntzOjg6ImN1cnJlbmN5IjtzOjM6IlVTRCI7czo2OiJzeW1ib2wiO3M6NToiJiMzNjsiO3M6ODoibGFuZ3VhZ2UiO3M6MjoiZW4iO3M6NjoiX3Rva2VuIjtzOjQwOiJKZjREUVM5VDByaXpyTEpMaHFjaFFTSjBnNGJpemtmbnJDZXZyUjZNIjtzOjk6Il9wcmV2aW91cyI7YToxOntzOjM6InVybCI7czozMDoiaHR0cDovL3d3dy5hZGRhZGVzay5jb20vbG9nb3V0Ijt9czo5OiJfc2YyX21ldGEiO2E6Mzp7czoxOiJ1IjtpOjE0NzMyNDcxNTQ7czoxOiJjIjtpOjE0NzMyNDcxNTQ7czoxOiJsIjtzOjE6IjAiO31zOjU6ImZsYXNoIjthOjI6e3M6Mzoib2xkIjthOjA6e31zOjM6Im5ldyI7YTowOnt9fX0=',1473247154);
/*!40000 ALTER TABLE `sessions` ENABLE KEYS */;
UNLOCK TABLES;

--
-- Table structure for table `site_settings`
--

DROP TABLE IF EXISTS `site_settings`;
/*!40101 SET @saved_cs_client     = @@character_set_client */;
/*!40101 SET character_set_client = utf8 */;
CREATE TABLE `site_settings` (
  `id` int(10) unsigned NOT NULL AUTO_INCREMENT,
  `name` varchar(50) COLLATE utf8_unicode_ci NOT NULL,
  `value` text COLLATE utf8_unicode_ci NOT NULL,
  PRIMARY KEY (`id`)
) ENGINE=MyISAM AUTO_INCREMENT=10 DEFAULT CHARSET=utf8 COLLATE=utf8_unicode_ci;
/*!40101 SET character_set_client = @saved_cs_client */;

--
-- Dumping data for table `site_settings`
--

LOCK TABLES `site_settings` WRITE;
/*!40000 ALTER TABLE `site_settings` DISABLE KEYS */;
INSERT INTO `site_settings` VALUES (1,'site_name','Add a Desk'),(2,'head_code',''),(3,'logo','logo.png'),(4,'home_logo','home_logo.png'),(5,'home_video','home_video.mp4'),(6,'favicon','favicon.ico'),(7,'currency_provider','yahoo_finance'),(8,'email_logo','email_logo.png'),(9,'home_video_webm','home_video.webm');
/*!40000 ALTER TABLE `site_settings` ENABLE KEYS */;
UNLOCK TABLES;

--
-- Table structure for table `special_offer`
--

DROP TABLE IF EXISTS `special_offer`;
/*!40101 SET @saved_cs_client     = @@character_set_client */;
/*!40101 SET character_set_client = utf8 */;
CREATE TABLE `special_offer` (
  `id` int(10) unsigned NOT NULL AUTO_INCREMENT,
  `reservation_id` int(10) unsigned NOT NULL,
  `room_id` int(10) unsigned NOT NULL,
  `user_id` int(11) NOT NULL,
  `checkin` date NOT NULL,
  `checkout` date NOT NULL,
  `number_of_guests` tinyint(4) NOT NULL,
  `price` int(11) NOT NULL,
  `currency_code` varchar(10) COLLATE utf8_unicode_ci NOT NULL,
  `type` enum('pre-approval','special_offer') COLLATE utf8_unicode_ci NOT NULL,
  `created_at` timestamp NOT NULL DEFAULT '0000-00-00 00:00:00',
  PRIMARY KEY (`id`),
  KEY `special_offer_reservation_id_foreign` (`reservation_id`),
  KEY `special_offer_room_id_foreign` (`room_id`),
  KEY `special_offer_currency_code_foreign` (`currency_code`)
) ENGINE=MyISAM AUTO_INCREMENT=10001 DEFAULT CHARSET=utf8 COLLATE=utf8_unicode_ci;
/*!40101 SET character_set_client = @saved_cs_client */;

--
-- Dumping data for table `special_offer`
--

LOCK TABLES `special_offer` WRITE;
/*!40000 ALTER TABLE `special_offer` DISABLE KEYS */;
/*!40000 ALTER TABLE `special_offer` ENABLE KEYS */;
UNLOCK TABLES;

--
-- Table structure for table `theme_settings`
--

DROP TABLE IF EXISTS `theme_settings`;
/*!40101 SET @saved_cs_client     = @@character_set_client */;
/*!40101 SET character_set_client = utf8 */;
CREATE TABLE `theme_settings` (
  `id` int(10) unsigned NOT NULL AUTO_INCREMENT,
  `name` varchar(100) COLLATE utf8_unicode_ci NOT NULL,
  `value` varchar(100) COLLATE utf8_unicode_ci NOT NULL,
  PRIMARY KEY (`id`)
) ENGINE=MyISAM AUTO_INCREMENT=8 DEFAULT CHARSET=utf8 COLLATE=utf8_unicode_ci;
/*!40101 SET character_set_client = @saved_cs_client */;

--
-- Dumping data for table `theme_settings`
--

LOCK TABLES `theme_settings` WRITE;
/*!40000 ALTER TABLE `theme_settings` DISABLE KEYS */;
INSERT INTO `theme_settings` VALUES (1,'body_bg_color','#f5f5f5'),(2,'body_font_color','#565a5c'),(3,'body_font_size','14px'),(4,'header_bg_color','#fff'),(5,'footer_bg_color','#2b2d2e'),(6,'href_color','#ff5a5f'),(7,'primary_btn_color','#ff5a5f');
/*!40000 ALTER TABLE `theme_settings` ENABLE KEYS */;
UNLOCK TABLES;

--
-- Table structure for table `timezone`
--

DROP TABLE IF EXISTS `timezone`;
/*!40101 SET @saved_cs_client     = @@character_set_client */;
/*!40101 SET character_set_client = utf8 */;
CREATE TABLE `timezone` (
  `id` int(10) unsigned NOT NULL AUTO_INCREMENT,
  `name` varchar(255) COLLATE utf8_unicode_ci NOT NULL,
  `value` varchar(255) COLLATE utf8_unicode_ci NOT NULL,
  PRIMARY KEY (`id`)
) ENGINE=MyISAM AUTO_INCREMENT=217 DEFAULT CHARSET=utf8 COLLATE=utf8_unicode_ci;
/*!40101 SET character_set_client = @saved_cs_client */;

--
-- Dumping data for table `timezone`
--

LOCK TABLES `timezone` WRITE;
/*!40000 ALTER TABLE `timezone` DISABLE KEYS */;
INSERT INTO `timezone` VALUES (1,'(GMT-11:00) International Date Line West','Pacific/Kwajalein'),(2,'(GMT-11:00) Midway Island','Pacific/Midway'),(3,'(GMT-11:00) Samoa','Pacific/Samoa'),(4,'(GMT-10:00) Hawaii','Pacific/Honolulu'),(5,'(GMT-10:00) Pacific/Honolulu','Pacific/Honolulu'),(6,'(GMT-09:00) Alaska','US/Alaska'),(7,'(GMT-08:00) America/Los_Angeles','America/Los_Angeles'),(8,'(GMT-08:00) Pacific Time (US &amp; Canada)','America/Los_Angeles'),(9,'(GMT-08:00) Tijuana','America/Tijuana'),(10,'(GMT-07:00) America/Denver','America/Denver'),(11,'(GMT-07:00) America/Phoenix','America/Phoenix'),(12,'(GMT-07:00) Arizona','US/Arizona'),(13,'(GMT-07:00) Chihuahua','America/Chihuahua'),(14,'(GMT-07:00) Mazatlan','America/Mazatlan'),(15,'(GMT-07:00) Mountain Time (US &amp; Canada)','US/Mountain'),(16,'(GMT-06:00) America/Chicago','America/Chicago'),(17,'(GMT-06:00) America/Mexico_City','America/Mexico_City'),(18,'(GMT-06:00) Central America','America/Managua'),(19,'(GMT-06:00) Central Time (US &amp; Canada)','US/Central'),(20,'(GMT-06:00) Guadalajara','America/Mexico_City'),(21,'(GMT-06:00) Mexico City','America/Mexico_City'),(22,'(GMT-06:00) Monterrey','America/Monterrey'),(23,'(GMT-06:00) Saskatchewan','Canada/Saskatchewan'),(24,'(GMT-05:00) America/Nassau','America/Nassau'),(25,'(GMT-05:00) America/New_York','America/New_York'),(26,'(GMT-05:00) America/Port-au-Prince','America/Port-au-Prince'),(27,'(GMT-05:00) America/Toronto','America/Toronto'),(28,'(GMT-05:00) Bogota','America/Bogota'),(29,'(GMT-05:00) Eastern Time (US &amp; Canada)','US/Eastern'),(30,'(GMT-05:00) Indiana (East)','US/East-Indiana'),(31,'(GMT-05:00) Lima','America/Lima'),(32,'(GMT-05:00) Quito','America/Bogota'),(33,'(GMT-04:30) Caracas','America/Caracas'),(34,'(GMT-04:00) Atlantic Time (Canada)','Canada/Atlantic'),(35,'(GMT-04:00) Georgetown','America/Argentina/Buenos_Aires'),(36,'(GMT-04:00) La Paz','America/La_Paz'),(37,'(GMT-03:30) Newfoundland','Canada/Newfoundland'),(38,'(GMT-03:00) America/Argentina/Buenos_Aires','America/Argentina/Buenos_Aires'),(39,'(GMT-03:00) America/Cordoba','America/Cordoba'),(40,'(GMT-03:00) America/Fortaleza','America/Fortaleza'),(41,'(GMT-03:00) America/Montevideo','America/Montevideo'),(42,'(GMT-03:00) America/Santiago','America/Santiago'),(43,'(GMT-03:00) America/Sao_Paulo','America/Sao_Paulo'),(44,'(GMT-03:00) Brasilia','America/Sao_Paulo'),(45,'(GMT-03:00) Buenos Aires','America/Argentina/Buenos_Aires'),(46,'(GMT-03:00) Greenland','America/Godthab'),(47,'(GMT-03:00) Santiago','America/Santiago'),(48,'(GMT-02:00) Mid-Atlantic','America/Noronha'),(49,'(GMT-01:00) Azores','Atlantic/Azores'),(50,'(GMT-01:00) Cape Verde Is.','Atlantic/Cape_Verde'),(51,'(GMT+00:00) Africa/Casablanca','Africa/Casablanca'),(52,'(GMT+00:00) Atlantic/Canary','Atlantic/Canary'),(53,'(GMT+00:00) Atlantic/Reykjavik','Atlantic/Reykjavik'),(54,'(GMT+00:00) Casablanca','Africa/Casablanca'),(55,'(GMT+00:00) Dublin','Etc/Greenwich'),(56,'(GMT+00:00) Edinburgh','Europe/London'),(57,'(GMT+00:00) Europe/Dublin','Europe/Dublin'),(58,'(GMT+00:00) Europe/Lisbon','Europe/Lisbon'),(59,'(GMT+00:00) Europe/London','Europe/London'),(60,'(GMT+00:00) Lisbon','Europe/Lisbon'),(61,'(GMT+00:00) London','Europe/London'),(62,'(GMT+00:00) Monrovia','Africa/Monrovia'),(63,'(GMT+00:00) UTC','UTC'),(64,'(GMT+01:00) Amsterdam','Europe/Amsterdam'),(65,'(GMT+01:00) Belgrade','Europe/Belgrade'),(66,'(GMT+01:00) Berlin','Europe/Berlin'),(67,'(GMT+01:00) Bern','Europe/Berlin'),(68,'(GMT+01:00) Bratislava','Europe/Bratislava'),(69,'(GMT+01:00) Brussels','Europe/Brussels'),(70,'(GMT+01:00) Budapest','Europe/Budapest'),(71,'(GMT+01:00) Copenhagen','Europe/Copenhagen'),(72,'(GMT+01:00) Europe/Amsterdam','Europe/Amsterdam'),(73,'(GMT+01:00) Europe/Belgrade','Europe/Belgrade'),(74,'(GMT+01:00) Europe/Berlin','Europe/Berlin'),(75,'(GMT+01:00) Europe/Bratislava','Europe/Bratislava'),(76,'(GMT+01:00) Europe/Brussels','Europe/Brussels'),(77,'(GMT+01:00) Europe/Budapest','Europe/Budapest'),(78,'(GMT+01:00) Europe/Copenhagen','Europe/Copenhagen'),(79,'(GMT+01:00) Europe/Ljubljana','Europe/Ljubljana'),(80,'(GMT+01:00) Europe/Madrid','Europe/Madrid'),(81,'(GMT+01:00) Europe/Monaco','Europe/Monaco'),(82,'(GMT+01:00) Europe/Oslo','Europe/Oslo'),(83,'(GMT+01:00) Europe/Paris','Europe/Paris'),(84,'(GMT+01:00) Europe/Podgorica','Europe/Podgorica'),(85,'(GMT+01:00) Europe/Prague','Europe/Prague'),(86,'(GMT+01:00) Europe/Rome','Europe/Rome'),(87,'(GMT+01:00) Europe/Stockholm','Europe/Stockholm'),(88,'(GMT+01:00) Europe/Tirane','Europe/Tirane'),(89,'(GMT+01:00) Europe/Vienna','Europe/Vienna'),(90,'(GMT+01:00) Europe/Warsaw','Europe/Warsaw'),(91,'(GMT+01:00) Europe/Zagreb','Europe/Zagreb'),(92,'(GMT+01:00) Europe/Zurich','Europe/Zurich'),(93,'(GMT+01:00) Ljubljana','Europe/Ljubljana'),(94,'(GMT+01:00) Madrid','Europe/Madrid'),(95,'(GMT+01:00) Paris','Europe/Paris'),(96,'(GMT+01:00) Prague','Europe/Prague'),(97,'(GMT+01:00) Rome','Europe/Rome'),(98,'(GMT+01:00) Sarajevo','Europe/Sarajevo'),(99,'(GMT+01:00) Skopje','Europe/Skopje'),(100,'(GMT+01:00) Stockholm','Europe/Stockholm'),(101,'(GMT+01:00) Vienna','Europe/Vienna'),(102,'(GMT+01:00) Warsaw','Europe/Warsaw'),(103,'(GMT+01:00) West Central Africa','Africa/Lagos'),(104,'(GMT+01:00) Zagreb','Europe/Zagreb'),(105,'(GMT+02:00) Asia/Beirut','Asia/Beirut'),(106,'(GMT+02:00) Asia/Jerusalem','Asia/Jerusalem'),(107,'(GMT+02:00) Asia/Nicosia','Asia/Nicosia'),(108,'(GMT+02:00) Athens','Europe/Athens'),(109,'(GMT+02:00) Bucharest','Europe/Bucharest'),(110,'(GMT+02:00) Cairo','Africa/Cairo'),(111,'(GMT+02:00) Europe/Athens','Europe/Athens'),(112,'(GMT+02:00) Europe/Helsinki','Europe/Helsinki'),(113,'(GMT+02:00) Europe/Istanbul','Europe/Istanbul'),(114,'(GMT+02:00) Europe/Riga','Europe/Riga'),(115,'(GMT+02:00) Europe/Sofia','Europe/Sofia'),(116,'(GMT+02:00) Harare','Africa/Harare'),(117,'(GMT+02:00) Helsinki','Europe/Helsinki'),(118,'(GMT+02:00) Istanbul','Europe/Istanbul'),(119,'(GMT+02:00) Jerusalem','Asia/Jerusalem'),(120,'(GMT+02:00) Kyiv','Europe/Helsinki'),(121,'(GMT+02:00) Pretoria','Africa/Johannesburg'),(122,'(GMT+02:00) Riga','Europe/Riga'),(123,'(GMT+02:00) Sofia','Europe/Sofia'),(124,'(GMT+02:00) Tallinn','Europe/Tallinn'),(125,'(GMT+02:00) Vilnius','Europe/Vilnius'),(126,'(GMT+03:00) Baghdad','Asia/Baghdad'),(127,'(GMT+03:00) Europe/Minsk','Europe/Minsk'),(128,'(GMT+03:00) Europe/Moscow','Europe/Moscow'),(129,'(GMT+03:00) Kuwait','Asia/Kuwait'),(130,'(GMT+03:00) Minsk','Europe/Minsk'),(131,'(GMT+03:00) Moscow','Europe/Moscow'),(132,'(GMT+03:00) Nairobi','Africa/Nairobi'),(133,'(GMT+03:00) Riyadh','Asia/Riyadh'),(134,'(GMT+03:00) St. Petersburg','Europe/Moscow'),(135,'(GMT+03:00) Volgograd','Europe/Volgograd'),(136,'(GMT+03:30) Tehran','Asia/Tehran'),(137,'(GMT+04:00) Abu Dhabi','Asia/Muscat'),(138,'(GMT+04:00) Asia/Dubai','Asia/Dubai'),(139,'(GMT+04:00) Asia/Tbilisi','Asia/Tbilisi'),(140,'(GMT+04:00) Baku','Asia/Baku'),(141,'(GMT+04:00) Muscat','Asia/Muscat'),(142,'(GMT+04:00) Tbilisi','Asia/Tbilisi'),(143,'(GMT+04:00) Yerevan','Asia/Yerevan'),(144,'(GMT+04:30) Kabul','Asia/Kabul'),(145,'(GMT+05:00) Ekaterinburg','Asia/Yekaterinburg'),(146,'(GMT+05:00) Indian/Maldives','Indian/Maldives'),(147,'(GMT+05:00) Islamabad','Asia/Karachi'),(148,'(GMT+05:00) Karachi','Asia/Karachi'),(149,'(GMT+05:00) Tashkent','Asia/Tashkent'),(150,'(GMT+05:30) Asia/Calcutta','Asia/Calcutta'),(151,'(GMT+05:30) Asia/Colombo','Asia/Colombo'),(152,'(GMT+05:30) Chennai','Asia/Calcutta'),(153,'(GMT+05:30) Kolkata','Asia/Kolkata'),(154,'(GMT+05:30) Mumbai','Asia/Calcutta'),(155,'(GMT+05:30) New Delhi','Asia/Calcutta'),(156,'(GMT+05:30) Sri Jayawardenepura','Asia/Calcutta'),(157,'(GMT+05:45) Kathmandu','Asia/Katmandu'),(158,'(GMT+06:00) Almaty','Asia/Almaty'),(159,'(GMT+06:00) Astana','Asia/Dhaka'),(160,'(GMT+06:00) Dhaka','Asia/Dhaka'),(161,'(GMT+06:00) Novosibirsk','Asia/Novosibirsk'),(162,'(GMT+06:00) Urumqi','Asia/Urumqi'),(163,'(GMT+06:30) Rangoon','Asia/Rangoon'),(164,'(GMT+07:00) Asia/Bangkok','Asia/Bangkok'),(165,'(GMT+07:00) Asia/Jakarta','Asia/Jakarta'),(166,'(GMT+07:00) Bangkok','Asia/Bangkok'),(167,'(GMT+07:00) Hanoi','Asia/Bangkok'),(168,'(GMT+07:00) Jakarta','Asia/Jakarta'),(169,'(GMT+07:00) Krasnoyarsk','Asia/Krasnoyarsk'),(170,'(GMT+08:00) Asia/Chongqing','Asia/Chongqing'),(171,'(GMT+08:00) Asia/Hong_Kong','Asia/Hong_Kong'),(172,'(GMT+08:00) Asia/Kuala_Lumpur','Asia/Kuala_Lumpur'),(173,'(GMT+08:00) Asia/Macau','Asia/Macau'),(174,'(GMT+08:00) Asia/Makassar','Asia/Makassar'),(175,'(GMT+08:00) Asia/Shanghai','Asia/Shanghai'),(176,'(GMT+08:00) Asia/Taipei','Asia/Taipei'),(177,'(GMT+08:00) Beijing','Asia/Hong_Kong'),(178,'(GMT+08:00) Chongqing','Asia/Chongqing'),(179,'(GMT+08:00) Hong Kong','Asia/Hong_Kong'),(180,'(GMT+08:00) Irkutsk','Asia/Irkutsk'),(181,'(GMT+08:00) Kuala Lumpur','Asia/Kuala_Lumpur'),(182,'(GMT+08:00) Perth','Australia/Perth'),(183,'(GMT+08:00) Singapore','Asia/Singapore'),(184,'(GMT+08:00) Taipei','Asia/Taipei'),(185,'(GMT+08:00) Ulaan Bataar','Asia/Ulan_Bator'),(186,'(GMT+09:00) Asia/Seoul','Asia/Seoul'),(187,'(GMT+09:00) Asia/Tokyo','Asia/Tokyo'),(188,'(GMT+09:00) Osaka','Asia/Tokyo'),(189,'(GMT+09:00) Sapporo','Asia/Tokyo'),(190,'(GMT+09:00) Seoul','Asia/Seoul'),(191,'(GMT+09:00) Tokyo','Asia/Tokyo'),(192,'(GMT+09:00) Yakutsk','Asia/Yakutsk'),(193,'(GMT+09:30) Adelaide','Australia/Adelaide'),(194,'(GMT+09:30) Darwin','Australia/Darwin'),(195,'(GMT+10:00) Australia/Brisbane','Australia/Brisbane'),(196,'(GMT+10:00) Australia/Hobart','Australia/Hobart'),(197,'(GMT+10:00) Australia/Melbourne','Australia/Melbourne'),(198,'(GMT+10:00) Australia/Sydney','Australia/Sydney'),(199,'(GMT+10:00) Brisbane','Australia/Brisbane'),(200,'(GMT+10:00) Canberra','Australia/Canberra'),(201,'(GMT+10:00) Guam','Pacific/Guam'),(202,'(GMT+10:00) Hobart','Australia/Hobart'),(203,'(GMT+10:00) Magadan','Asia/Magadan'),(204,'(GMT+10:00) Melbourne','Australia/Melbourne'),(205,'(GMT+10:00) Port Moresby','Pacific/Port_Moresby'),(206,'(GMT+10:00) Solomon Is.','Asia/Magadan'),(207,'(GMT+10:00) Sydney','Australia/Sydney'),(208,'(GMT+10:00) Vladivostok','Asia/Vladivostok'),(209,'(GMT+11:00) New Caledonia','Asia/Magadan'),(210,'(GMT+12:00) Auckland','Pacific/Auckland'),(211,'(GMT+12:00) Fiji','Pacific/Fiji'),(212,'(GMT+12:00) Kamchatka','Asia/Kamchatka'),(213,'(GMT+12:00) Marshall Is.','Pacific/Fiji'),(214,'(GMT+12:00) Pacific/Auckland','Pacific/Auckland'),(215,'(GMT+12:00) Wellington','Pacific/Auckland'),(216,'(GMT+13:00) Nuku&#39;alofa','Pacific/Tongatapu');
/*!40000 ALTER TABLE `timezone` ENABLE KEYS */;
UNLOCK TABLES;

--
-- Table structure for table `users`
--

DROP TABLE IF EXISTS `users`;
/*!40101 SET @saved_cs_client     = @@character_set_client */;
/*!40101 SET character_set_client = utf8 */;
CREATE TABLE `users` (
  `id` int(10) unsigned NOT NULL AUTO_INCREMENT,
  `first_name` varchar(255) COLLATE utf8_unicode_ci NOT NULL,
  `last_name` varchar(255) COLLATE utf8_unicode_ci NOT NULL,
  `email` varchar(255) COLLATE utf8_unicode_ci NOT NULL,
  `password` varchar(60) COLLATE utf8_unicode_ci NOT NULL,
  `remember_token` varchar(100) COLLATE utf8_unicode_ci DEFAULT NULL,
  `dob` date NOT NULL,
  `gender` enum('Male','Female','Other') COLLATE utf8_unicode_ci DEFAULT NULL,
  `live` varchar(255) COLLATE utf8_unicode_ci NOT NULL,
  `about` text COLLATE utf8_unicode_ci NOT NULL,
  `school` varchar(255) COLLATE utf8_unicode_ci NOT NULL,
  `work` varchar(255) COLLATE utf8_unicode_ci NOT NULL,
  `timezone` varchar(255) COLLATE utf8_unicode_ci NOT NULL DEFAULT 'UTC',
  `fb_id` varchar(50) COLLATE utf8_unicode_ci NOT NULL,
  `google_id` varchar(50) COLLATE utf8_unicode_ci NOT NULL,
  `status` enum('Active','Inactive') COLLATE utf8_unicode_ci DEFAULT NULL,
  `created_at` timestamp NOT NULL DEFAULT '0000-00-00 00:00:00',
  `updated_at` timestamp NOT NULL DEFAULT '0000-00-00 00:00:00',
  `deleted_at` timestamp NULL DEFAULT NULL,
  PRIMARY KEY (`id`),
  UNIQUE KEY `users_email_unique` (`email`)
) ENGINE=MyISAM AUTO_INCREMENT=10007 DEFAULT CHARSET=utf8 COLLATE=utf8_unicode_ci;
/*!40101 SET character_set_client = @saved_cs_client */;

--
-- Dumping data for table `users`
--

LOCK TABLES `users` WRITE;
/*!40000 ALTER TABLE `users` DISABLE KEYS */;
INSERT INTO `users` VALUES (10001,'Bryan','Giray','bryangiray@gmail.com','',NULL,'2016-08-13',NULL,'','','','','UTC','','106039237440491703506','Active','2016-08-13 03:47:26','2016-08-15 03:22:05',NULL),(10002,'Cam','Flanigan','labs@rocksalt.com.au','$2y$10$ALN2VGGDSNlO123oPA39IOEmqAprKP5WJ5rofbURPPMkwpz8lvVAy',NULL,'2011-05-06',NULL,'','','','','UTC','','','Active','2016-08-13 09:16:17','2016-08-15 03:20:37',NULL),(10003,'Debra','McKenzie','debbie.s@vpcart.com','$2y$10$zx4ixFejFKJkp9z/WzkBmuEosN80hFGVE3iwGdU7/MtmikigDsni2','eTm3bK8PD86I6HCRDRZwZO5xOVvqF5NxsK0r0hT4LuBfrmxU3DahppeyndgZ','1986-01-27','Female','','','','','UTC','','','Active','2016-08-15 02:22:18','2016-08-15 03:20:49',NULL),(10004,'Misha','Allcock','nujestepre@throwam.com','$2y$10$sEWxI6DI3LezhUc3CZmANuI3skCnV2rZIwJ6zI1x2SZ2/R22Z5cGS','fCkj1k5PCRaVZwPdEfPTCjH1jaq3ypFWmm7dtZ8KOKWqz9OxTUH33LP9FoGh','1990-01-19',NULL,'','','','','UTC','','','Active','2016-08-16 02:20:25','2016-08-17 10:47:54',NULL),(10005,'Brandon','Allan','proslasach@throwam.com','$2y$10$Rc8FIDJUVmoBeYkVmvMJX.KxtGBPwRYb7hzJpQbrxdIMGl7pR4eFO',NULL,'2016-08-11',NULL,'','','','','UTC','','','Active','2016-08-16 03:17:48','2016-08-17 05:09:00',NULL),(10006,'Didier','CUNILLERA','dcunillera@hotmail.com','$2y$10$3HMCKWKGmAg3qTpeTzh1feSdEcA1sLoBzFDE7gHr0T9BfF1rt.kxK','4D5oGhzCmrgj93WWukUlFWRWzAhyeuhHQt4A3naR20kKtxniUVuhquu6Z4sK','1992-07-04',NULL,'','','','','UTC','','',NULL,'2016-08-27 13:06:21','2016-08-27 15:03:23',NULL);
/*!40000 ALTER TABLE `users` ENABLE KEYS */;
UNLOCK TABLES;

--
-- Table structure for table `users_verification`
--

DROP TABLE IF EXISTS `users_verification`;
/*!40101 SET @saved_cs_client     = @@character_set_client */;
/*!40101 SET character_set_client = utf8 */;
CREATE TABLE `users_verification` (
  `user_id` int(10) unsigned NOT NULL AUTO_INCREMENT,
  `email` enum('yes','no') COLLATE utf8_unicode_ci NOT NULL DEFAULT 'no',
  `facebook` enum('yes','no') COLLATE utf8_unicode_ci NOT NULL DEFAULT 'no',
  `google` enum('yes','no') COLLATE utf8_unicode_ci NOT NULL DEFAULT 'no',
  `linkedin` enum('yes','no') COLLATE utf8_unicode_ci NOT NULL DEFAULT 'no',
  `phone` enum('yes','no') COLLATE utf8_unicode_ci NOT NULL DEFAULT 'no',
  `fb_id` varchar(50) COLLATE utf8_unicode_ci NOT NULL,
  `google_id` varchar(50) COLLATE utf8_unicode_ci NOT NULL,
  `linkedin_id` varchar(50) COLLATE utf8_unicode_ci NOT NULL,
  PRIMARY KEY (`user_id`)
) ENGINE=MyISAM AUTO_INCREMENT=10007 DEFAULT CHARSET=utf8 COLLATE=utf8_unicode_ci;
/*!40101 SET character_set_client = @saved_cs_client */;

--
-- Dumping data for table `users_verification`
--

LOCK TABLES `users_verification` WRITE;
/*!40000 ALTER TABLE `users_verification` DISABLE KEYS */;
INSERT INTO `users_verification` VALUES (10001,'no','no','no','no','no','','',''),(10002,'no','no','no','no','no','','',''),(10003,'no','no','no','no','no','','',''),(10004,'no','no','no','no','no','','',''),(10005,'no','no','no','no','no','','',''),(10006,'no','no','no','no','no','','','');
/*!40000 ALTER TABLE `users_verification` ENABLE KEYS */;
UNLOCK TABLES;

--
-- Table structure for table `washrooms`
--

DROP TABLE IF EXISTS `washrooms`;
/*!40101 SET @saved_cs_client     = @@character_set_client */;
/*!40101 SET character_set_client = utf8 */;
CREATE TABLE `washrooms` (
  `id` int(11) NOT NULL AUTO_INCREMENT,
  `name` varchar(50) NOT NULL,
  `status` enum('Active','Inactive') CHARACTER SET utf8 COLLATE utf8_unicode_ci NOT NULL DEFAULT 'Active',
  PRIMARY KEY (`id`)
) ENGINE=InnoDB AUTO_INCREMENT=5 DEFAULT CHARSET=latin1;
/*!40101 SET character_set_client = @saved_cs_client */;

--
-- Dumping data for table `washrooms`
--

LOCK TABLES `washrooms` WRITE;
/*!40000 ALTER TABLE `washrooms` DISABLE KEYS */;
INSERT INTO `washrooms` VALUES (1,'No Washrooms','Active'),(2,'Shared Bathroom','Active'),(3,'Washroom with Disability Access','Active'),(4,'Separate Bathroom For Ladies and Gents','Active');
/*!40000 ALTER TABLE `washrooms` ENABLE KEYS */;
UNLOCK TABLES;

--
-- Table structure for table `wishlists`
--

DROP TABLE IF EXISTS `wishlists`;
/*!40101 SET @saved_cs_client     = @@character_set_client */;
/*!40101 SET character_set_client = utf8 */;
CREATE TABLE `wishlists` (
  `id` int(10) unsigned NOT NULL AUTO_INCREMENT,
  `user_id` int(10) unsigned NOT NULL,
  `name` varchar(255) COLLATE utf8_unicode_ci NOT NULL,
  `privacy` enum('0','1') COLLATE utf8_unicode_ci NOT NULL DEFAULT '0',
  `pick` enum('Yes','No') COLLATE utf8_unicode_ci NOT NULL DEFAULT 'No',
  PRIMARY KEY (`id`),
  KEY `wishlists_user_id_foreign` (`user_id`)
) ENGINE=MyISAM DEFAULT CHARSET=utf8 COLLATE=utf8_unicode_ci;
/*!40101 SET character_set_client = @saved_cs_client */;

--
-- Dumping data for table `wishlists`
--

LOCK TABLES `wishlists` WRITE;
/*!40000 ALTER TABLE `wishlists` DISABLE KEYS */;
/*!40000 ALTER TABLE `wishlists` ENABLE KEYS */;
UNLOCK TABLES;
/*!40103 SET TIME_ZONE=@OLD_TIME_ZONE */;

/*!40101 SET SQL_MODE=@OLD_SQL_MODE */;
/*!40014 SET FOREIGN_KEY_CHECKS=@OLD_FOREIGN_KEY_CHECKS */;
/*!40014 SET UNIQUE_CHECKS=@OLD_UNIQUE_CHECKS */;
/*!40101 SET CHARACTER_SET_CLIENT=@OLD_CHARACTER_SET_CLIENT */;
/*!40101 SET CHARACTER_SET_RESULTS=@OLD_CHARACTER_SET_RESULTS */;
/*!40101 SET COLLATION_CONNECTION=@OLD_COLLATION_CONNECTION */;
/*!40111 SET SQL_NOTES=@OLD_SQL_NOTES */;

-- Dump completed on 2016-09-07 21:52:51
